{"type":"Feature","geometry":{"type":"MultiPolygon","coordinates":[[[[11.4838886,46.2709782],[11.4767646,46.2820422],[11.4737176,46.2853639],[11.4702208,46.2857062],[11.463418,46.2863722],[11.4631176,46.2851563],[11.471529,46.2826947],[11.4800691,46.2639174],[11.4919567,46.2487841],[11.4874935,46.2478641],[11.4878154,46.2468254],[11.4971065,46.2344185],[11.500411,46.2340623],[11.5033721,46.2378618],[11.5061616,46.2491106],[11.5050888,46.2518705],[11.489764,46.2618178],[11.4861631,46.2641548],[11.4828586,46.2683972],[11.4838886,46.2709782]]],[[[11.7000854,46.3307841],[11.7001315,46.3286832],[11.7001364,46.326513],[11.693573,46.3216525],[11.6860628,46.3139165],[11.6853761,46.3117822],[11.688981,46.3113376],[11.6955041,46.3177105],[11.7139148,46.3352842],[11.7228412,46.345002],[11.7200732,46.3458315],[11.7075869,46.3447035],[11.7049884,46.3444688],[11.6964054,46.3437578],[11.6938734,46.346424],[11.6863632,46.35691],[11.6879081,46.3596941],[11.6884231,46.3685193],[11.685462,46.3690819],[11.6837883,46.3674829],[11.6858053,46.3631],[11.684947,46.3623004],[11.684947,46.3597533],[11.6807842,46.3558141],[11.6810846,46.3522893],[11.6816039,46.3492766],[11.681373,46.3471903],[11.6816094,46.3450316],[11.6828062,46.3444361],[11.6849079,46.3442608],[11.6874798,46.3446165],[11.6887617,46.3451362],[11.689496,46.3455649],[11.6916847,46.3453575],[11.6943454,46.3424542],[11.6971153,46.3356004],[11.6986799,46.3317284],[11.7000854,46.3307841]]],[[[11.4475801,46.3523944],[11.4477475,46.3510286],[11.4488123,46.348263],[11.4467046,46.3454688],[11.4364409,46.3432921],[11.4358042,46.3424661],[11.4507333,46.3377447],[11.451809,46.3381085],[11.4516993,46.3398288],[11.4556511,46.3404578],[11.4574404,46.3425418],[11.4551132,46.3476265],[11.4536066,46.3492386],[11.4481262,46.3526823],[11.4475801,46.3523944]]],[[[11.4848059,46.3522282],[11.4875713,46.3538],[11.4878261,46.3546663],[11.4869463,46.3569766],[11.4847282,46.3575449],[11.4845002,46.3573691],[11.4836526,46.3547182],[11.4836821,46.3520005],[11.4848059,46.3522282]]],[[[11.8221474,46.2721277],[11.8203235,46.2724466],[11.8176842,46.2718755],[11.8169117,46.2701327],[11.8085217,46.2663354],[11.797986,46.2657272],[11.7877292,46.2656975],[11.7771291,46.2706519],[11.7686748,46.2750125],[11.7648584,46.2747845],[11.7617225,46.2745972],[11.755886,46.2687829],[11.7575597,46.2673589],[11.7603921,46.2660239],[11.758418,46.2644218],[11.7530965,46.2564106],[11.7513156,46.2524046],[11.7573452,46.238693],[11.7734384,46.2329936],[11.7797041,46.2387523],[11.7927932,46.2503867],[11.7979646,46.2514995],[11.8017196,46.2526272],[11.802535,46.2541851],[11.8082857,46.2640658],[11.811676,46.2650151],[11.8153238,46.2647778],[11.8180275,46.2651932],[11.8207955,46.2668249],[11.8223405,46.2713935],[11.8330478,46.2642141],[11.8335628,46.2649261],[11.8221474,46.2721277]]],[[[11.7865062,46.3041041],[11.7858624,46.3015544],[11.7852831,46.2994493],[11.7835021,46.2994493],[11.777966,46.2988563],[11.7767858,46.2974479],[11.7771721,46.2927332],[11.7795186,46.2892066],[11.779747,46.2888633],[11.785326,46.2870098],[11.7879653,46.2887892],[11.7894029,46.2924367],[11.7902183,46.3000127],[11.7935872,46.3000275],[11.7996812,46.3016878],[11.799252,46.3024735],[11.7966985,46.3035853],[11.7886519,46.3048601],[11.7865062,46.3041041]]],[[[11.8021917,46.3790307],[11.7984151,46.3811327],[11.8030071,46.3845668],[11.8043375,46.3938024],[11.8000459,46.3992778],[11.7795324,46.3940392],[11.7779016,46.3781128],[11.7839527,46.377876],[11.7945957,46.3774615],[11.7999172,46.3772838],[11.7903041,46.3713916],[11.7915487,46.3669202],[11.7945351,46.3625439],[11.7953682,46.361323],[11.8024492,46.3537242],[11.7985343,46.3492777],[11.7983293,46.3447058],[11.7988323,46.3432854],[11.7987155,46.3415358],[11.7996168,46.3369731],[11.802783,46.3351904],[11.8061399,46.3355805],[11.8145513,46.3362027],[11.8185841,46.3373361],[11.8248629,46.3375969],[11.8301868,46.3384215],[11.834371,46.3395869],[11.8360281,46.3405532],[11.8444598,46.3458331],[11.8491721,46.3480846],[11.8602133,46.3481126],[11.8601918,46.3496678],[11.8575096,46.3529262],[11.8555102,46.3535678],[11.853218,46.3561399],[11.8504715,46.3568508],[11.8468093,46.3528719],[11.8382835,46.3547478],[11.8357944,46.3567619],[11.8339276,46.3576612],[11.8313932,46.3574744],[11.8257522,46.3596349],[11.8185702,46.3586656],[11.8160963,46.3583317],[11.813178,46.3676013],[11.8156242,46.3730794],[11.8021917,46.3790307]]],[[[12.0218432,46.4061732],[12.0204592,46.4052558],[12.0207596,46.4049451],[12.0228409,46.4051356],[12.0228812,46.4047546],[12.0234873,46.404688],[12.0234203,46.4043385],[12.0335483,46.4029476],[12.0385694,46.4010536],[12.0406723,46.401823],[12.0410556,46.4021693],[12.0431613,46.4040721],[12.0442342,46.4060844],[12.0439767,46.4080966],[12.0472383,46.408718],[12.0498132,46.4078007],[12.0522165,46.4078303],[12.0575809,46.4093098],[12.0632028,46.4086293],[12.0719575,46.4098721],[12.0732869,46.4091044],[12.0734113,46.4090326],[12.0753908,46.4078895],[12.077279,46.407712],[12.0840597,46.4030068],[12.0873212,46.4015863],[12.0927715,46.4000473],[12.0931148,46.3944239],[12.0938873,46.3928108],[12.0890593,46.3921152],[12.0870208,46.3864318],[12.0873642,46.38433],[12.0841884,46.3831162],[12.0862673,46.378664],[12.0858989,46.3755211],[12.0885915,46.3711188],[12.0895258,46.3701563],[12.0954108,46.3671423],[12.0980501,46.3676013],[12.1009683,46.3731978],[12.1139497,46.3809145],[12.1154601,46.3821413],[12.1157312,46.3834715],[12.1049165,46.3877935],[12.1030283,46.3899544],[12.1008611,46.3921004],[12.0952177,46.3930328],[12.0947885,46.3945423],[12.0964837,46.3954303],[12.0984149,46.3985971],[12.0976209,46.4001065],[12.0950058,46.400654],[12.0993477,46.4015136],[12.1019769,46.4014679],[12.1019059,46.4024755],[12.1018696,46.403495],[12.1017828,46.4035128],[12.0981186,46.4042618],[12.0962188,46.4064879],[12.0935544,46.4069313],[12.0892953,46.4074752],[12.0868921,46.4067058],[12.0798111,46.409517],[12.0778369,46.4093986],[12.0749724,46.4139036],[12.0720649,46.4166699],[12.0724296,46.4206417],[12.0738029,46.4265286],[12.0659494,46.4299007],[12.0673871,46.4315128],[12.0712709,46.4356388],[12.071228,46.4368957],[12.0696401,46.4373985],[12.052238,46.4297528],[12.0521307,46.4305071],[12.050457,46.4309508],[12.0467663,46.4270759],[12.0419383,46.4263363],[12.0419597,46.4251679],[12.0428153,46.4246385],[12.0449842,46.4232966],[12.0460985,46.4227103],[12.0511007,46.4222984],[12.0588254,46.4178016],[12.0572805,46.4167661],[12.0554351,46.414695],[12.0523452,46.4149613],[12.0496416,46.4135115],[12.045865,46.4125351],[12.0436334,46.4144287],[12.0411765,46.4136298],[12.0240533,46.4058403],[12.0218432,46.4061732]]],[[[11.5303659,46.3857953],[11.5262982,46.3866073],[11.524508,46.3869646],[11.5237999,46.3869276],[11.5239715,46.3837379],[11.5237999,46.3828498],[11.5320396,46.3722799],[11.5300655,46.3668017],[11.5307941,46.3656224],[11.5329838,46.3620782],[11.5335861,46.3601663],[11.5318315,46.3588255],[11.535166,46.3547852],[11.5347433,46.3513711],[11.5323829,46.3508971],[11.5295934,46.3494456],[11.5219116,46.3474016],[11.5201091,46.346187],[11.5202379,46.3452687],[11.5319538,46.3470461],[11.5409446,46.3492827],[11.5392065,46.3425727],[11.5347433,46.3395804],[11.5353012,46.3386323],[11.5408372,46.3411506],[11.5457296,46.3348693],[11.546545,46.3333581],[11.5483045,46.332884],[11.5522527,46.3364397],[11.5570163,46.3302764],[11.5585613,46.3304838],[11.55972,46.3320247],[11.5588188,46.3333285],[11.5567588,46.3334767],[11.5537977,46.3382175],[11.5512657,46.3418913],[11.5571451,46.3453872],[11.5582609,46.3432838],[11.5604496,46.3416543],[11.5702343,46.3412692],[11.5775299,46.3388989],[11.5786886,46.3394915],[11.5993738,46.3287058],[11.5982151,46.3247051],[11.5989875,46.3239642],[11.6024524,46.3277988],[11.6025656,46.3281891],[11.5795898,46.3409136],[11.5761995,46.3436096],[11.5717229,46.3427058],[11.5716505,46.3426912],[11.5707492,46.3446169],[11.5671873,46.346898],[11.5620803,46.3478756],[11.5586104,46.3476791],[11.5581321,46.3476979],[11.5538835,46.3500973],[11.5512813,46.3510743],[11.5488367,46.3520228],[11.5467427,46.3522527],[11.5432405,46.3501269],[11.5389919,46.3525263],[11.5403652,46.3546886],[11.5405798,46.3578282],[11.5488195,46.3623892],[11.5491628,46.363485],[11.5483903,46.3647584],[11.5362882,46.3664168],[11.5323829,46.3671867],[11.5342283,46.3715989],[11.5392494,46.3719542],[11.5426397,46.3709771],[11.5440559,46.3715989],[11.5341639,46.3786902],[11.5347218,46.3814879],[11.5339923,46.3829238],[11.5327906,46.3841376],[11.5314817,46.3857805],[11.5303659,46.3857953]]],[[[11.3911378,46.3943869],[11.389271,46.3953193],[11.3870394,46.3947347],[11.3864064,46.3943277],[11.3849822,46.3944443],[11.3843223,46.394718],[11.3837591,46.3942389],[11.3913417,46.3911125],[11.3926935,46.3926628],[11.3911378,46.3943869]]],[[[11.4392781,46.4044124],[11.4407372,46.4024889],[11.4449483,46.4007206],[11.4459407,46.4012903],[11.4396241,46.4066078],[11.4390314,46.4064173],[11.4392781,46.4044124]]],[[[11.5568815,46.4371845],[11.5504581,46.4347974],[11.5474009,46.4335197],[11.5465202,46.4328914],[11.5462807,46.4327272],[11.545995,46.432534],[11.5461381,46.4324801],[11.5462149,46.4322808],[11.544771,46.4315486],[11.5448418,46.4313963],[11.544756,46.4311605],[11.5462325,46.4305711],[11.5504382,46.4321609],[11.5615426,46.4356732],[11.5637956,46.4363387],[11.5671001,46.4374995],[11.5696177,46.4370131],[11.5722285,46.4365087],[11.5767882,46.4351926],[11.5820549,46.4371789],[11.5866083,46.4408994],[11.5891126,46.4422834],[11.5942351,46.4414093],[11.5969508,46.4399525],[11.5970552,46.438474],[11.5970565,46.4380474],[11.5947067,46.4351616],[11.5885597,46.4275065],[11.5876653,46.4255842],[11.5871693,46.4232582],[11.5865513,46.4215935],[11.5865727,46.4214396],[11.5867147,46.4204207],[11.5867261,46.4203386],[11.5938715,46.4159156],[11.5962962,46.4141699],[11.5919153,46.4090172],[11.591252,46.4084924],[11.5924322,46.4076749],[11.5924849,46.4068756],[11.5924815,46.4067233],[11.5997938,46.4061511],[11.603506,46.4047603],[11.5969185,46.4002176],[11.5945238,46.3967027],[11.5943907,46.3965073],[11.594642,46.3964642],[11.602059,46.395193],[11.6041712,46.394831],[11.6057587,46.397056],[11.6070443,46.3988578],[11.6102823,46.4033957],[11.6009234,46.4068184],[11.5967356,46.4086907],[11.6015993,46.4108113],[11.611737,46.4144169],[11.6154814,46.4155412],[11.6158783,46.415985],[11.6082823,46.4167247],[11.60108,46.4159586],[11.5988946,46.4157261],[11.5894727,46.421374],[11.5899907,46.4236898],[11.5911601,46.4267804],[11.593487,46.4301461],[11.5987721,46.4341249],[11.6030978,46.4381931],[11.5999593,46.4394818],[11.6003008,46.4398068],[11.6109848,46.4395715],[11.6127573,46.4413197],[11.6127899,46.4428437],[11.6023335,46.4460148],[11.6008099,46.446086],[11.5999587,46.4461547],[11.59591,46.4462949],[11.592121,46.4460708],[11.591638,46.4458416],[11.5886735,46.4444348],[11.5842126,46.4435398],[11.5658906,46.4380922],[11.561939,46.4382603],[11.5568815,46.4371845]]],[[[11.7675387,46.4733338],[11.7705884,46.4735998],[11.7711461,46.4735361],[11.7755091,46.4730376],[11.7879962,46.479641],[11.8000768,46.4745578],[11.7885272,46.4584924],[11.7863964,46.4574769],[11.7814496,46.4542191],[11.7813261,46.4541377],[11.7792416,46.4527649],[11.7755205,46.4505914],[11.7708194,46.4482114],[11.7698799,46.4474277],[11.7697441,46.4473145],[11.7651117,46.4434506],[11.7600048,46.4389259],[11.743418,46.441351],[11.7325389,46.4404933],[11.7309082,46.4337206],[11.7249,46.4329812],[11.7164457,46.4323009],[11.700803,46.4291656],[11.6992044,46.437011],[11.6952525,46.4362836],[11.6922682,46.4281673],[11.690734,46.422251],[11.6957337,46.4192038],[11.7118698,46.4152689],[11.7252809,46.4146328],[11.7302953,46.4192001],[11.7324799,46.4281081],[11.7399244,46.4337095],[11.7549662,46.4327927],[11.7714725,46.4332955],[11.7778629,46.4464003],[11.787948,46.4542358],[11.7892649,46.456992],[11.7901274,46.458069],[11.8030085,46.4741514],[11.8105831,46.4770625],[11.8151495,46.4772001],[11.8239015,46.4821289],[11.836347,46.4842879],[11.8406171,46.4852907],[11.8443292,46.4863397],[11.846475,46.4854532],[11.8533629,46.484286],[11.8560237,46.479883],[11.8636197,46.4755682],[11.8654221,46.4721842],[11.8712801,46.4722285],[11.8794984,46.4784201],[11.8843156,46.4730191],[11.8925446,46.4688886],[11.8914074,46.4644547],[11.885329,46.456789],[11.878723,46.451347],[11.879926,46.446794],[11.875635,46.441944],[11.8718657,46.4393468],[11.870142,46.438159],[11.8625741,46.4347067],[11.862038,46.4345114],[11.8617779,46.4337108],[11.8631369,46.4335278],[11.879154,46.435943],[11.896963,46.433724],[11.9038515,46.4285764],[11.8943104,46.4254967],[11.8928325,46.4233804],[11.8932898,46.4218044],[11.902258,46.4239362],[11.9113899,46.4253664],[11.911302,46.426482],[11.912654,46.42765],[11.9116414,46.4285423],[11.9085258,46.4293683],[11.908945,46.431255],[11.909391,46.437642],[11.90915,46.444148],[11.904016,46.451629],[11.902006,46.452946],[11.9012182,46.4540006],[11.89628,46.460611],[11.8946097,46.4631747],[11.8959135,46.4658883],[11.8997544,46.4702039],[11.8990248,46.4716226],[11.8879634,46.4746003],[11.8826097,46.4800898],[11.8821591,46.4833552],[11.879949,46.4854311],[11.8773955,46.493549],[11.8776703,46.4957525],[11.8777925,46.4967323],[11.8726212,46.499044],[11.8679649,46.5026184],[11.8632227,46.5054394],[11.8665272,46.5082011],[11.8689734,46.5110661],[11.8726104,46.5159613],[11.8737331,46.5169499],[11.8775631,46.515417],[11.8854542,46.5152989],[11.9080411,46.5149461],[11.9180725,46.5242555],[11.9188651,46.532536],[11.9288429,46.5407798],[11.9318041,46.5477753],[11.9460949,46.5545191],[11.9522452,46.554419],[11.9540262,46.5534156],[11.9582534,46.5511358],[11.963768,46.5480368],[11.9662893,46.5480811],[11.9681024,46.5491067],[11.9732523,46.5538583],[11.9771147,46.5559684],[11.9809714,46.5567725],[11.9833318,46.5567578],[11.9876179,46.5559093],[11.9910673,46.5544116],[11.991888,46.5519326],[11.9907186,46.5485681],[11.9905281,46.5469743],[11.9905442,46.5455907],[11.9922769,46.5423586],[11.9938433,46.5407055],[11.9989395,46.5351114],[12.0019758,46.5309487],[12.0074851,46.5274573],[12.0072222,46.5182666],[12.0099151,46.5175578],[12.01087,46.5101745],[12.0141316,46.5074867],[12.0245815,46.5026424],[12.0291627,46.4997622],[12.0304501,46.4974801],[12.0317644,46.4875456],[12.0339263,46.4864893],[12.0372844,46.4865336],[12.0426461,46.4985954],[12.0460824,46.5032011],[12.0467737,46.5041277],[12.0500437,46.5067741],[12.0558409,46.508052],[12.0629851,46.5082908],[12.069122,46.5124052],[12.0729527,46.5173646],[12.0707765,46.5197174],[12.0671795,46.5197391],[12.0461994,46.5192161],[12.0417449,46.5218803],[12.0360157,46.5204039],[12.0287469,46.5201086],[12.0236668,46.521024],[12.0196435,46.5231279],[12.019842,46.5296754],[12.017707,46.5306719],[12.0132813,46.5310262],[12.0060393,46.5350561],[11.9974348,46.5445023],[11.9977084,46.5474576],[12.0003852,46.5520728],[11.997923,46.5546625],[11.9889483,46.559148],[11.9827658,46.5608447],[11.9759101,46.5594542],[11.9747594,46.5586464],[11.9708501,46.5563243],[11.9662125,46.5565382],[11.963576,46.5585154],[11.959227,46.5594952],[11.9585886,46.559853],[11.9546028,46.5612491],[11.9408914,46.5655755],[11.9399375,46.5666364],[11.9387939,46.5679082],[11.9364926,46.5680834],[11.9324639,46.5671245],[11.924825,46.5618577],[11.9206407,46.5610241],[11.9177225,46.564126],[11.9205227,46.5707534],[11.9167569,46.5734528],[11.915963,46.5766204],[11.9134739,46.5795186],[11.9086674,46.582142],[11.907396,46.5850234],[11.903218,46.5857601],[11.8983623,46.5864059],[11.8926438,46.5880981],[11.893073,46.5908925],[11.8982926,46.5963758],[11.8997838,46.5968366],[11.9011089,46.5976125],[11.9006663,46.5992739],[11.9001377,46.6008444],[11.8981665,46.6067004],[11.9111699,46.6075315],[11.9127041,46.6093373],[11.9203752,46.6097795],[11.9297307,46.6109403],[11.9383782,46.6128528],[11.9394618,46.6139933],[11.939553,46.6146234],[11.9379155,46.6150016],[11.9357429,46.6147657],[11.9231794,46.6136124],[11.9144676,46.6121973],[11.8962272,46.609391],[11.8955554,46.6084339],[11.8969287,46.6060053],[11.8985713,46.6024677],[11.8986614,46.6022737],[11.8992515,46.5994743],[11.8974222,46.5974895],[11.8943216,46.5968352],[11.8926157,46.5956151],[11.8901802,46.5946714],[11.8891288,46.5938568],[11.8855239,46.5882608],[11.8850733,46.5843196],[11.8921543,46.5832394],[11.8974115,46.5842994],[11.9006408,46.5831583],[11.9014992,46.5820761],[11.9003673,46.5813],[11.9005657,46.5801459],[11.8961669,46.5772846],[11.8982269,46.5755146],[11.902218,46.5707797],[11.9039346,46.56794],[11.9005657,46.5603348],[11.8982161,46.5567937],[11.8902231,46.5545177],[11.8865753,46.5538463],[11.8796955,46.5507263],[11.87531,46.5534424],[11.8724937,46.5535115],[11.8667015,46.5535927],[11.8594694,46.551524],[11.8565453,46.55131],[11.8547402,46.5512547],[11.8531872,46.5549622],[11.8551935,46.5577823],[11.8607188,46.5619171],[11.860633,46.5637521],[11.8585516,46.5652145],[11.852109,46.56846],[11.851919,46.5684826],[11.8511899,46.5685695],[11.8511112,46.5685789],[11.850869,46.5684295],[11.8508437,46.5684138],[11.850212,46.5680241],[11.8501843,46.568007],[11.8497245,46.5677233],[11.8497158,46.5675637],[11.849526,46.5640942],[11.8453954,46.5624529],[11.8387542,46.5589968],[11.8395267,46.5577057],[11.8495474,46.5599263],[11.8511782,46.555474],[11.8362759,46.5528586],[11.8373541,46.5495715],[11.8269364,46.5494719],[11.824619,46.5500216],[11.8118892,46.5564571],[11.8099369,46.5567579],[11.8032876,46.5546651],[11.7930159,46.5551669],[11.7920828,46.5553605],[11.7802164,46.5578229],[11.7750129,46.5598295],[11.775206,46.562913],[11.7743102,46.5646871],[11.7717299,46.5645211],[11.7658773,46.5621458],[11.7417804,46.5607737],[11.7387441,46.5641818],[11.7419306,46.5706432],[11.7497626,46.5744784],[11.7533782,46.5796555],[11.7551056,46.585186],[11.753507,46.586528],[11.7483786,46.586823],[11.7440119,46.5891087],[11.7392054,46.5944761],[11.7410722,46.5981695],[11.7390981,46.5995996],[11.7291981,46.6002594],[11.7276719,46.600792],[11.7255516,46.6008565],[11.7236875,46.5991573],[11.7220138,46.5951175],[11.7134629,46.5960316],[11.7056094,46.5953239],[11.6967259,46.5983317],[11.6907929,46.5999093],[11.6785191,46.5984054],[11.6719155,46.5795891],[11.6705315,46.5758207],[11.6773114,46.5753044],[11.6946922,46.5794638],[11.6984902,46.5832689],[11.7088542,46.5902589],[11.7168579,46.5900303],[11.7203931,46.587317],[11.7232577,46.5873244],[11.7257843,46.5913427],[11.7309771,46.5935766],[11.7357031,46.5891972],[11.7387528,46.581182],[11.738608,46.5730218],[11.7359311,46.5684323],[11.7347939,46.5658046],[11.7217835,46.5574932],[11.7188642,46.555628],[11.7125449,46.5553329],[11.7076794,46.5536508],[11.6990212,46.5468626],[11.6989844,46.539975],[11.7060057,46.5415496],[11.7139129,46.5415939],[11.7192451,46.5361917],[11.7355422,46.5332986],[11.7404667,46.5306119],[11.7444418,46.5288035],[11.745681,46.5233078],[11.74184,46.5064842],[11.7438356,46.5000779],[11.7490331,46.4934807],[11.7490136,46.4933896],[11.7455784,46.4773618],[11.7442158,46.4744359],[11.7450205,46.4740443],[11.7472306,46.4748275],[11.7524931,46.4950687],[11.7529712,46.4966179],[11.7559853,46.4987541],[11.7625299,46.4970111],[11.7714992,46.4907773],[11.7753187,46.4908659],[11.7772499,46.488059],[11.7747715,46.4781449],[11.7769066,46.4756994],[11.7750129,46.4747278],[11.7732856,46.4739519],[11.7696148,46.4750997],[11.7684346,46.4743609],[11.7675387,46.4733338]],[[11.7923461,46.5497893],[11.7950282,46.5489838],[11.7959777,46.5490998],[11.79723,46.5495672],[11.7987397,46.5496011],[11.8055204,46.5485607],[11.8082576,46.5487562],[11.8104771,46.54921],[11.8140337,46.5483075],[11.8181428,46.5478758],[11.820074,46.5466344],[11.8235448,46.5468041],[11.8273911,46.5475936],[11.8332812,46.5463023],[11.8342253,46.5436753],[11.8380877,46.5430001],[11.8466654,46.547422],[11.8506029,46.5494032],[11.8537518,46.5484846],[11.858612,46.5492003],[11.8700918,46.547102],[11.8615517,46.5269503],[11.8563911,46.5254297],[11.8487951,46.5225766],[11.8489882,46.52158],[11.8508014,46.5214028],[11.8595454,46.5236691],[11.8622222,46.5225489],[11.8673023,46.5220395],[11.8683502,46.5214196],[11.8713102,46.5196685],[11.8666398,46.5160277],[11.864419,46.5138238],[11.8601006,46.5126462],[11.8582123,46.5108583],[11.8581178,46.5107687],[11.8567747,46.509497],[11.8567728,46.5088454],[11.8567693,46.5076694],[11.8595856,46.5055797],[11.8600041,46.5036744],[11.8599105,46.5035264],[11.8589955,46.5020793],[11.8596884,46.5000304],[11.8598539,46.4991696],[11.8659049,46.4965698],[11.8669993,46.4941842],[11.8610555,46.4933348],[11.8542319,46.4910155],[11.8474406,46.4886222],[11.8434924,46.4887183],[11.841342,46.4887273],[11.8147781,46.488839],[11.8129367,46.4889103],[11.8098803,46.4899057],[11.7974456,46.4878522],[11.7954302,46.4883903],[11.7933647,46.4889418],[11.7896994,46.4899204],[11.7880364,46.4936432],[11.7861052,46.4939755],[11.781921,46.4934068],[11.7617454,46.4998693],[11.7584946,46.502203],[11.7550365,46.5045209],[11.7602018,46.5070934],[11.7754749,46.5098671],[11.7742733,46.5248839],[11.7809457,46.5245454],[11.7811621,46.5261323],[11.7754427,46.5322653],[11.7737329,46.5337347],[11.7722844,46.5349795],[11.7715012,46.5402932],[11.7695647,46.5512732],[11.7859047,46.5490154],[11.7923461,46.5497893]]],[[[12.1245125,46.5441757],[12.1282971,46.5444082],[12.129614,46.5427442],[12.1346137,46.5432607],[12.1341952,46.5454155],[12.1313789,46.546633],[12.1283534,46.5478321],[12.1218571,46.5478505],[12.1173724,46.5465076],[12.1130118,46.5484806],[12.1104416,46.5496435],[12.1044013,46.5490976],[12.0980606,46.548972],[12.094048,46.549887],[12.0902285,46.5530006],[12.0832977,46.5559223],[12.0798215,46.553945],[12.06714,46.5522628],[12.0670113,46.5476882],[12.0686582,46.5463305],[12.0740011,46.5461977],[12.0784268,46.5437035],[12.0786199,46.5415044],[12.0750579,46.5371208],[12.0753583,46.5356152],[12.0774719,46.533556],[12.078062,46.5293931],[12.0878681,46.5209114],[12.0944666,46.520953],[12.0995948,46.5209853],[12.1146044,46.5266989],[12.1218463,46.5319544],[12.1249366,46.5351225],[12.1247029,46.536189],[12.119604,46.5380802],[12.120913,46.5427147],[12.1245125,46.5441757]]],[[[11.6936373,46.693696],[11.6830547,46.6995608],[11.6800187,46.7008082],[11.6802218,46.6993955],[11.6818306,46.6986854],[11.6808599,46.6981703],[11.6831874,46.6953443],[11.6871357,46.6926363],[11.6834449,46.6862483],[11.684947,46.6831276],[11.6829299,46.6816849],[11.6829299,46.6791234],[11.6840457,46.6790645],[11.6842603,46.6803011],[11.6911268,46.6820382],[11.6918134,46.6853356],[11.6984653,46.6863955],[11.699624,46.683422],[11.7117691,46.6825976],[11.7111682,46.6780634],[11.7120695,46.675487],[11.7147088,46.6755459],[11.7155885,46.6761642],[11.7144084,46.6777395],[11.7156315,46.6837458],[11.713314,46.6850559],[11.7179703,46.6869401],[11.727476,46.6882501],[11.7346215,46.6882648],[11.7370033,46.6871756],[11.7345786,46.6808311],[11.7367887,46.6774745],[11.7378402,46.6768267],[11.7471957,46.6913705],[11.7484134,46.6918415],[11.7474317,46.6930925],[11.7433333,46.6923272],[11.740222,46.6927982],[11.7335486,46.6958594],[11.7307377,46.6947556],[11.7143011,46.6880735],[11.7131853,46.6889272],[11.6988945,46.6936665],[11.6936373,46.693696]]],[[[11.8427682,46.6892657],[11.8467312,46.6897312],[11.8487066,46.6900734],[11.8498921,46.6905582],[11.8498425,46.6906171],[11.8497433,46.6905605],[11.8492967,46.690813],[11.848889,46.691043],[11.8479449,46.6909326],[11.8469149,46.6907486],[11.8469202,46.6903917],[11.8458474,46.690296],[11.8455899,46.690469],[11.8424356,46.690572],[11.8415773,46.6898397],[11.8427682,46.6892657]]],[[[11.6626193,46.4252041],[11.6674948,46.4244187],[11.6688958,46.423234],[11.6704109,46.4214657],[11.670566,46.4209865],[11.6705911,46.4209182],[11.6706979,46.4210835],[11.6707818,46.4211482],[11.6708414,46.4212675],[11.6713031,46.4213706],[11.6707817,46.4231196],[11.6660825,46.4330437],[11.6683141,46.4346112],[11.669859,46.4367999],[11.6688076,46.4374505],[11.6662542,46.4364302],[11.664323,46.4357499],[11.6641728,46.4381899],[11.675438,46.4413986],[11.6797081,46.4417091],[11.6851369,46.4413543],[11.6910033,46.4388937],[11.6935616,46.4380089],[11.6938885,46.4381018],[11.6940764,46.4384649],[11.6912184,46.4396621],[11.6902097,46.4413999],[11.6889207,46.4426485],[11.6851847,46.4433564],[11.683242,46.4430732],[11.6810938,46.4434851],[11.672034,46.441593],[11.6623961,46.4391767],[11.659376,46.4386985],[11.6566351,46.4378773],[11.6534039,46.4382244],[11.6501,46.4376096],[11.646369,46.4367077],[11.6461499,46.4361882],[11.6464649,46.4357188],[11.6484103,46.4355298],[11.6485835,46.4347803],[11.6489508,46.4343404],[11.6499251,46.4340761],[11.6506327,46.4332948],[11.651486,46.4328649],[11.6529241,46.4329839],[11.654755,46.431822],[11.6540154,46.4306307],[11.6542507,46.4294917],[11.6544188,46.4274445],[11.6548398,46.4268037],[11.6568115,46.4260538],[11.6626193,46.4252041]]],[[[11.6085147,46.5469964],[11.6099095,46.5452107],[11.6081715,46.5437865],[11.6072809,46.5420302],[11.5636661,46.5403044],[11.5636807,46.5401142],[11.6078388,46.541949],[11.6066962,46.5410081],[11.6060847,46.5401521],[11.6080856,46.5384621],[11.6037511,46.5375802],[11.6003179,46.5329748],[11.5992021,46.5290186],[11.6217327,46.5259774],[11.6360235,46.520869],[11.6353797,46.5164689],[11.6371822,46.5135156],[11.6492584,46.518987],[11.6510009,46.5197764],[11.6582107,46.5243829],[11.6645621,46.5264498],[11.6653346,46.516528],[11.6765784,46.5100896],[11.6812133,46.5093217],[11.6812976,46.5093401],[11.6901397,46.511271],[11.6893672,46.5148742],[11.6820716,46.5260365],[11.6719436,46.5319415],[11.6587257,46.5298748],[11.6408729,46.5246191],[11.6398429,46.5309377],[11.6366672,46.5462881],[11.6419028,46.5466423],[11.647911,46.5468784],[11.6563654,46.5465242],[11.6576099,46.5469226],[11.665914,46.5519253],[11.6652703,46.5532976],[11.6637897,46.5546404],[11.6640101,46.5566373],[11.6763223,46.5566468],[11.6743002,46.565253],[11.6757202,46.5692465],[11.6758443,46.5693105],[11.6784668,46.5706626],[11.6761708,46.571887],[11.6713078,46.5729763],[11.6688752,46.5728163],[11.6688535,46.5728235],[11.6676575,46.5732182],[11.6638728,46.5696868],[11.6637935,46.5674863],[11.6573524,46.5589194],[11.6513699,46.5570892],[11.6468381,46.5557028],[11.6475365,46.5512462],[11.6476489,46.5496327],[11.6479028,46.548908],[11.647911,46.5488559],[11.6353797,46.5483541],[11.634221,46.5467603],[11.6248655,46.5449303],[11.6172695,46.552427],[11.6139514,46.554932],[11.6133213,46.5554077],[11.6115617,46.5542862],[11.6085147,46.5469964]]],[[[11.6566658,46.8097238],[11.6597127,46.8113099],[11.6637897,46.8127784],[11.6643472,46.81351],[11.6647379,46.8143305],[11.6645193,46.8151574],[11.6668796,46.8205317],[11.6661501,46.8222056],[11.670506,46.8351248],[11.6721065,46.8351974],[11.6743898,46.835301],[11.6827154,46.8402036],[11.6828463,46.8389748],[11.6833655,46.8350935],[11.6841857,46.8350221],[11.690526,46.8379432],[11.690011,46.8389119],[11.687479,46.8386184],[11.6876506,46.8422584],[11.686449,46.8512108],[11.6875648,46.8523848],[11.6890239,46.8582543],[11.6881656,46.8596628],[11.6864061,46.85934],[11.6851401,46.8531478],[11.6817927,46.8531332],[11.6809558,46.8530598],[11.6767931,46.8569337],[11.675291,46.8566109],[11.6791534,46.8517098],[11.6764497,46.8466614],[11.6770076,46.8444306],[11.6734886,46.8419062],[11.6735744,46.8393229],[11.6693687,46.8358881],[11.6672658,46.8361524],[11.6465377,46.8428455],[11.6445636,46.8467201],[11.6359376,46.8463092],[11.6248226,46.850301],[11.6212177,46.8522674],[11.6164541,46.851475],[11.6117334,46.8517391],[11.6093301,46.8493324],[11.5993309,46.8476594],[11.5969705,46.8445774],[11.5932369,46.8430217],[11.5916096,46.8414752],[11.5914774,46.8404678],[11.5917348,46.836123],[11.6001033,46.832688],[11.6076994,46.8379138],[11.6072273,46.8385303],[11.6020345,46.8419355],[11.6059398,46.8425226],[11.6086006,46.8445774],[11.6070556,46.8456928],[11.6183109,46.8496015],[11.6211478,46.8503449],[11.624608,46.8482171],[11.6295862,46.8460157],[11.6290712,46.8439023],[11.6291432,46.841546],[11.6293287,46.8354771],[11.6308307,46.8350221],[11.6310781,46.8455271],[11.6310882,46.845957],[11.6358948,46.8449296],[11.638534,46.8445921],[11.645379,46.8417007],[11.647911,46.8414072],[11.6658067,46.8356533],[11.6621589,46.8347432],[11.6603136,46.8330697],[11.6606998,46.8298401],[11.6620731,46.8234976],[11.6627168,46.8216183],[11.6592836,46.819592],[11.6569662,46.8143351],[11.6553354,46.8104581],[11.6566658,46.8097238]]],[[[12.234214,46.473733],[12.233642,46.473606],[12.203439,46.464872],[12.203334,46.464056],[12.215193,46.456967],[12.215573,46.45683],[12.216026,46.456713],[12.216768,46.456713],[12.225834,46.458917],[12.22633,46.459164],[12.235311,46.464764],[12.235588,46.464952],[12.235888,46.465176],[12.236218,46.465434],[12.23663,46.465764],[12.237151,46.466481],[12.237286,46.467023],[12.238246,46.471394],[12.238078,46.473353],[12.236266,46.473741],[12.235797,46.473784],[12.234681,46.473784],[12.234214,46.473733]]],[[[12.4232706,46.5541479],[12.4216673,46.5575513],[12.4217041,46.5578663],[12.4201733,46.5589293],[12.4182512,46.560173],[12.3996162,46.555747],[12.3992407,46.5461183],[12.404015,46.5447384],[12.4232706,46.5541479]]],[[[12.1421778,46.536141],[12.1487975,46.5358975],[12.171248,46.5314802],[12.1719695,46.5303876],[12.1748743,46.5259884],[12.185925,46.5262247],[12.1896855,46.5288156],[12.1897177,46.5355322],[12.1927003,46.5516633],[12.1957473,46.5600444],[12.1892241,46.5683061],[12.1867662,46.5692438],[12.1896325,46.5713365],[12.1914941,46.5787659],[12.1941098,46.5831406],[12.1927007,46.5838663],[12.1861161,46.5757445],[12.1845475,46.5721542],[12.1813327,46.5710699],[12.1815745,46.5697498],[12.1775883,46.5683503],[12.1737102,46.5666317],[12.1792839,46.5631574],[12.1851767,46.5626991],[12.1850131,46.5545555],[12.1673797,46.5553782],[12.1655559,46.5575472],[12.1630668,46.5600407],[12.1446132,46.5588604],[12.1378327,46.5508775],[12.1392182,46.5412451],[12.139732,46.5376724],[12.1421778,46.536141]]],[[[12.2633922,46.5903483],[12.2646032,46.5930173],[12.2641647,46.5938614],[12.2625983,46.5941637],[12.2598356,46.5938061],[12.2563863,46.5965155],[12.2527331,46.5982737],[12.2517621,46.5982405],[12.250936,46.597378],[12.2532749,46.5858838],[12.250759,46.5816401],[12.2503781,46.5785982],[12.2488278,46.5772892],[12.2524595,46.5760466],[12.2540688,46.5765481],[12.2648406,46.569973],[12.2673189,46.5700486],[12.2681665,46.5709171],[12.2678661,46.5734063],[12.2641969,46.5764448],[12.2602272,46.577964],[12.2558713,46.5789153],[12.2607851,46.5865327],[12.2759771,46.5817471],[12.2768569,46.5828163],[12.2742444,46.5859907],[12.2705,46.5882322],[12.2633922,46.5903483]]],[[[12.4747825,46.6121421],[12.4684953,46.6180378],[12.455607,46.630758],[12.431668,46.64948],[12.4217605,46.6555929],[12.416439,46.6583028],[12.4136924,46.6586268],[12.4074268,46.6568006],[12.4045944,46.6549449],[12.4012041,46.6582145],[12.3915481,46.6628092],[12.3899173,46.6623674],[12.3900461,46.6606003],[12.3847246,46.6602468],[12.3817634,46.6607475],[12.3781156,46.6606297],[12.3759162,46.6603131],[12.3748112,46.6607254],[12.38186,46.6652537],[12.3804223,46.6659016],[12.3782015,46.6653568],[12.3765921,46.667595],[12.376045,46.6688687],[12.3760235,46.6699804],[12.3753261,46.6707461],[12.3786414,46.6736687],[12.3812163,46.6767384],[12.3817742,46.6793074],[12.383334,46.6797034],[12.3854528,46.6788719],[12.3860105,46.6791761],[12.3855125,46.6803846],[12.3862695,46.681626],[12.3879218,46.6855122],[12.3954534,46.6916354],[12.3965746,46.6931036],[12.3978352,46.6934752],[12.3986828,46.6944282],[12.3981571,46.6949874],[12.3970467,46.6952487],[12.3932969,46.6959992],[12.390604,46.6971545],[12.3879111,46.6984054],[12.3852718,46.6997446],[12.3828471,46.6993841],[12.3811197,46.6982436],[12.3760074,46.6973973],[12.3765063,46.6990088],[12.3773861,46.7032911],[12.3765277,46.7059398],[12.3725301,46.7098632],[12.3759312,46.7139472],[12.3776,46.7148265],[12.3755113,46.7166637],[12.3715482,46.7173737],[12.3676872,46.7193871],[12.3648119,46.719799],[12.3559713,46.7203286],[12.3461008,46.7255359],[12.3409938,46.7274774],[12.3354148,46.7301837],[12.3314666,46.7319487],[12.3289883,46.7324928],[12.3272931,46.7323016],[12.326231,46.7318016],[12.3295784,46.7256535],[12.33181,46.7227999],[12.3320674,46.7175924],[12.3384189,46.7162683],[12.3524952,46.7139438],[12.3574304,46.7129434],[12.3579883,46.7166802],[12.3609692,46.7152858],[12.3554554,46.6975463],[12.3522806,46.6968749],[12.3488044,46.6951089],[12.3485899,46.693902],[12.3498773,46.6933427],[12.356409,46.6949102],[12.3575016,46.6958676],[12.3607202,46.6944784],[12.3631167,46.6940308],[12.3660242,46.6938063],[12.3682129,46.6933206],[12.368744,46.6927466],[12.3673707,46.6910982],[12.3670274,46.6903512],[12.3678482,46.6902224],[12.3694789,46.6904285],[12.370906,46.6909342],[12.3717226,46.6909455],[12.3731519,46.6897724],[12.3741828,46.688723],[12.3753042,46.6883164],[12.3774399,46.6883458],[12.3782568,46.6893409],[12.3811651,46.6880658],[12.3838668,46.6875501],[12.3835981,46.6870137],[12.383759,46.6854828],[12.3842311,46.6837753],[12.3836494,46.6828789],[12.3813987,46.681361],[12.3797464,46.680441],[12.3783409,46.6803232],[12.3749614,46.6816996],[12.3721182,46.6833042],[12.3710668,46.6852031],[12.3690176,46.6854754],[12.3666787,46.6856374],[12.3661637,46.6849529],[12.3674083,46.6841433],[12.3691034,46.6834882],[12.3677087,46.6828405],[12.3656487,46.6826859],[12.3638999,46.682443],[12.363503,46.6808164],[12.3649943,46.6792853],[12.3704338,46.6692736],[12.3707771,46.6666084],[12.36979,46.6648414],[12.3694896,46.6599229],[12.3766135,46.6582734],[12.3858832,46.6581556],[12.3936938,46.6598639],[12.4033069,46.6530007],[12.4050235,46.6531185],[12.4091005,46.6547387],[12.4115037,46.6562115],[12.4162244,46.6550922],[12.410571,46.651563],[12.408137,46.645498],[12.4263336,46.6339931],[12.4465214,46.6257033],[12.443617,46.617317],[12.449424,46.603222],[12.469096,46.600734],[12.4751375,46.6019726],[12.4764508,46.6035111],[12.4773681,46.6041229],[12.4779582,46.6043957],[12.4790311,46.6038134],[12.4796373,46.6046205],[12.4791813,46.6050812],[12.4786878,46.6061942],[12.4786715,46.6075373],[12.4786287,46.6088734],[12.4782264,46.6100195],[12.4779191,46.6102089],[12.4747825,46.6121421]]],[[[12.1716928,46.693902],[12.161436,46.7002891],[12.1671009,46.7009072],[12.1673584,46.701437],[12.1654272,46.7021139],[12.1617364,46.7018784],[12.1592903,46.7012898],[12.1579599,46.699465],[12.1593761,46.6985526],[12.1642685,46.6939903],[12.1668434,46.6925774],[12.1708345,46.6922242],[12.1716928,46.693902]]],[[[12.2764062,46.712914],[12.280054,46.7182691],[12.2810411,46.7216819],[12.280097,46.7257418],[12.2801399,46.7305661],[12.2778654,46.730978],[12.2752475,46.7305367],[12.2692823,46.7245945],[12.2701406,46.7232412],[12.2723722,46.7207405],[12.2762775,46.718122],[12.2746896,46.7131494],[12.2764062,46.712914]]],[[[12.2059393,46.7239767],[12.2147369,46.7258594],[12.2111535,46.7276539],[12.207613,46.7255653],[12.2043514,46.724668],[12.2035146,46.7278157],[12.2020769,46.7276098],[12.202549,46.7253593],[12.2034073,46.7218732],[12.2047162,46.722035],[12.2055101,46.7227116],[12.2059393,46.7239767]]],[[[11.9772412,46.7904942],[11.9755925,46.7879746],[11.975736,46.7871233],[11.9667117,46.7713608],[11.9542555,46.7723969],[11.9460667,46.774717],[11.9452313,46.7765119],[11.942832,46.7797264],[11.9403942,46.7797291],[11.9340317,46.7787115],[11.9302809,46.7754833],[11.9298686,46.7754257],[11.9249403,46.7747374],[11.9220972,46.7739512],[11.9242644,46.7703653],[11.9308307,46.7648739],[11.9357821,46.7516658],[11.9357547,46.7460149],[11.9476482,46.7435791],[11.9526425,46.740186],[11.9528517,46.7369949],[11.9538556,46.7345677],[11.9574812,46.7257951],[11.9584039,46.7218162],[11.9575777,46.7202312],[11.9492522,46.7142547],[11.9469186,46.7120073],[11.9448284,46.7101461],[11.9446656,46.7100726],[11.9339689,46.7062985],[11.9301039,46.7057872],[11.9291517,46.705022],[11.9272306,46.7031912],[11.9262401,46.7022473],[11.9253014,46.7020008],[11.9195207,46.7014579],[11.9176343,46.7012807],[11.9116288,46.6996196],[11.9108013,46.6988258],[11.9095125,46.6985103],[11.9074325,46.6987596],[11.9066292,46.6981112],[11.9049689,46.6963433],[11.896072,46.6937402],[11.8942287,46.6932247],[11.8918878,46.6925701],[11.8932852,46.6899263],[11.8985986,46.6902225],[11.9046953,46.6916079],[11.9077637,46.696152],[11.9097405,46.6968934],[11.9124013,46.6966671],[11.9134916,46.6956609],[11.9151264,46.6941523],[11.9170791,46.6941007],[11.9217166,46.6957031],[11.9257681,46.6952294],[11.9275491,46.6953103],[11.9284074,46.6957224],[11.9286917,46.6976209],[11.9303818,46.6998994],[11.932596,46.7034726],[11.9372829,46.7046214],[11.9522324,46.7098641],[11.9613197,46.7150209],[11.9666788,46.7151533],[11.9712332,46.7154585],[11.9719198,46.7166906],[11.9711688,46.7238216],[11.9952658,46.7326503],[11.9953221,46.7332165],[12.0099214,46.7440756],[12.011188,46.7462715],[12.0124178,46.7475498],[11.9954381,46.7485523],[11.9946978,46.7524595],[11.9892342,46.7586872],[11.9956232,46.7681127],[11.9886709,46.7830874],[11.9810749,46.7861729],[11.9793583,46.7877597],[11.9773512,46.7881909],[11.9786667,46.7903264],[11.977688,46.7906222],[11.9772412,46.7904942]]],[[[11.7802687,46.831731],[11.7815226,46.8326256],[11.7826974,46.8335027],[11.7832339,46.8359175],[11.7822629,46.8367578],[11.7814636,46.8373009],[11.7804497,46.8375248],[11.7789638,46.8366514],[11.778717,46.8343541],[11.778776,46.8327008],[11.7779875,46.8315466],[11.7782047,46.8307135],[11.7798677,46.8304539],[11.7802687,46.831731]]],[[[12.0785773,46.8521426],[12.0766675,46.852172],[12.0764744,46.8516804],[12.0810234,46.8504991],[12.0838559,46.8499487],[12.0884371,46.8490756],[12.096194,46.8471677],[12.0963174,46.8483345],[12.0925248,46.8491379],[12.0900974,46.8498974],[12.0870638,46.8504477],[12.0833999,46.8507467],[12.0785773,46.8521426]]],[[[12.1065658,46.7701976],[12.1082768,46.7696003],[12.1107709,46.7686965],[12.1121951,46.768591],[12.1127745,46.7685918],[12.1126941,46.7688876],[12.1114835,46.7692495],[12.1106264,46.7698112],[12.1091892,46.7706363],[12.1063518,46.7717832],[12.1042759,46.772353],[12.103474,46.7723531],[12.1032178,46.7721878],[12.1034712,46.7720519],[12.1036375,46.771938],[12.1037098,46.7718553],[12.1036213,46.7717414],[12.1043266,46.7713903],[12.1065658,46.7701976]]],[[[12.1988178,46.7705502],[12.200828,46.7697902],[12.2014246,46.7700474],[12.2016856,46.7711762],[12.199566,46.7723375],[12.1972763,46.7736066],[12.1962827,46.7732706],[12.1967453,46.7729167],[12.1969759,46.7725088],[12.1969812,46.7722112],[12.1969243,46.7710392],[12.1988178,46.7705502]]],[[[12.2374606,46.8452231],[12.2393112,46.8446436],[12.2396278,46.8445444],[12.2460866,46.8414145],[12.2478005,46.8413723],[12.2481841,46.8418805],[12.2477978,46.8423428],[12.247948,46.8436527],[12.2451868,46.8436597],[12.2436488,46.843667],[12.2435224,46.8436674],[12.2389197,46.8459129],[12.2332227,46.848107],[12.2334266,46.8471164],[12.2374606,46.8452231]]]]},"properties":{"id":"e70adeb4-cdfd-3ff1-a53f-aee9aba0661c","version":0,"sources":[{"property":"","dataset":"OpenStreetMap","license":"ODbL-1.0","record_id":"r13798382@4","update_time":"2025-10-21T13:12:32.000Z","confidence":null,"between":null}],"subtype":"winter_sports","class":"winter_sports","names":{"primary":"Dolomiti Superski","common":null,"rules":null},"source_tags":[["landuse","winter_sports"],["type","multipolygon"],["website","https://www.dolomitisuperski.com"],["wikipedia","it:Dolomiti Superski"]],"wikidata":"Q1236314"}}
{"type":"Feature","geometry":{"type":"Polygon","coordinates":[[[12.1630193,46.5035546],[12.1630493,46.5034403],[12.1631205,46.5031695],[12.1624124,46.5034353],[12.1623125,46.5034259],[12.1621167,46.5034074],[12.1618653,46.5033836],[12.1614898,46.5031104],[12.1613932,46.5026821],[12.1618438,46.5024162],[12.1622622,46.5021282],[12.1625197,46.5017885],[12.1627575,46.5013207],[12.162863,46.5009392],[12.1629167,46.5007915],[12.1632386,46.5009392],[12.1636141,46.5009761],[12.1639037,46.5013232],[12.1640432,46.501818],[12.1640432,46.5022316],[12.1637643,46.5026673],[12.1630193,46.5035546]]]},"properties":{"id":"b7f38807-0a7e-3d46-b3ff-fe6e7d61756d","version":0,"sources":[{"property":"","dataset":"OpenStreetMap","license":"ODbL-1.0","record_id":"w396618166@2","update_time":"2023-11-19T14:19:38.000Z","confidence":null,"between":null}],"subtype":"resource_extraction","class":"quarry","source_tags":[["landuse","quarry"]]}}
{"type":"Feature","geometry":{"type":"Polygon","coordinates":[[[12.152735,46.5086875],[12.1527484,46.5086165],[12.1527994,46.5085131],[12.1528932,46.5084079],[12.1530274,46.5083119],[12.1532795,46.5081808],[12.1533626,46.5081476],[12.1535627,46.5082639],[12.1538209,46.5084484],[12.1530792,46.5089597],[12.1529657,46.5088906],[12.1530193,46.5088546],[12.152735,46.5086875]]]},"properties":{"id":"d4d80481-98b4-361e-a2f6-ebe731fe8e78","version":0,"sources":[{"property":"","dataset":"OpenStreetMap","license":"ODbL-1.0","record_id":"w601657035@6","update_time":"2024-06-06T00:11:51.000Z","confidence":null,"between":null}],"subtype":"residential","class":"residential","source_tags":[["landuse","residential"]]}}
{"type":"Feature","geometry":{"type":"Polygon","coordinates":[[[12.1521583,46.5078541],[12.1524037,46.5078854],[12.1525459,46.5078171],[12.1528289,46.5077359],[12.1530408,46.5077267],[12.1533519,46.5077267],[12.1535128,46.5077525],[12.1536671,46.5078181],[12.153651,46.5078707],[12.1536054,46.5079104],[12.1534713,46.5079971],[12.1530582,46.5082177],[12.1528007,46.5083876],[12.1526988,46.5084974],[12.1526371,46.5086146],[12.1526089,46.5087365],[12.1526112,46.5090162],[12.1520626,46.5094542],[12.1517901,46.509654],[12.1514153,46.5093835],[12.151245,46.5094167],[12.151123,46.5093438],[12.1511363,46.5091693],[12.1512319,46.5090686],[12.1514882,46.5088017],[12.1516938,46.5085478],[12.1518122,46.5083913],[12.1519144,46.5082348],[12.1521583,46.5078541]]]},"properties":{"id":"0fd98603-3277-36c2-a113-fd786f1b7836","version":0,"sources":[{"property":"","dataset":"OpenStreetMap","license":"ODbL-1.0","record_id":"w1256625577@2","update_time":"2024-06-06T00:11:51.000Z","confidence":null,"between":null}],"subtype":"residential","class":"residential","source_tags":[["landuse","residential"]]}}
{"type":"Feature","geometry":{"type":"Polygon","coordinates":[[[12.1555431,46.5102683],[12.1558682,46.5108796],[12.1549026,46.5109608],[12.1546946,46.510814],[12.1553501,46.5103794],[12.1555431,46.5102683]]]},"properties":{"id":"846c3beb-cf5c-37db-98c2-c44a09b5031e","version":0,"sources":[{"property":"","dataset":"OpenStreetMap","license":"ODbL-1.0","record_id":"w1256627458@2","update_time":"2024-07-01T17:26:24.000Z","confidence":null,"between":null}],"subtype":"agriculture","class":"meadow","source_tags":[["landuse","meadow"]]}}
{"type":"Feature","geometry":{"type":"Polygon","coordinates":[[[12.1598028,46.5070745],[12.1596263,46.5069929],[12.1595947,46.5069517],[12.1598285,46.5067436],[12.1598986,46.5067158],[12.1600065,46.5068092],[12.1600145,46.5068618],[12.1599783,46.506919],[12.1599126,46.5069726],[12.1598028,46.5070745]]]},"properties":{"id":"973a96d5-3bb1-30dc-9a6f-0cdd218882eb","version":0,"sources":[{"property":"","dataset":"OpenStreetMap","license":"ODbL-1.0","record_id":"w1173595704@4","update_time":"2024-06-24T09:36:03.000Z","confidence":null,"between":null}],"subtype":"residential","class":"residential","names":{"primary":"Ca' del Bosco","common":null,"rules":null},"source_tags":[["landuse","residential"]]}}
{"type":"Feature","geometry":{"type":"Polygon","coordinates":[[[12.1591488,46.5071693],[12.1589645,46.5070587],[12.1591699,46.5068613],[12.1594034,46.5070285],[12.1591488,46.5071693]]]},"properties":{"id":"c001d305-c195-32c6-9c36-6e787774f478","version":0,"sources":[{"property":"","dataset":"OpenStreetMap","license":"ODbL-1.0","record_id":"w1173597031@2","update_time":"2024-01-02T00:12:47.000Z","confidence":null,"between":null}],"subtype":"residential","class":"residential","names":{"primary":"Ca' Valorita","common":null,"rules":null},"source_tags":[["landuse","residential"]]}}
{"type":"Feature","geometry":{"type":"Polygon","coordinates":[[[12.1591488,46.5071693],[12.1587225,46.5073228],[12.1586113,46.5071635],[12.1589645,46.5070587],[12.1591488,46.5071693]]]},"properties":{"id":"ad26b8f8-d84d-350c-8e0a-286ee45b9c30","version":0,"sources":[{"property":"","dataset":"OpenStreetMap","license":"ODbL-1.0","record_id":"w1173597030@2","update_time":"2024-06-24T09:36:03.000Z","confidence":null,"between":null}],"subtype":"residential","class":"residential","names":{"primary":"Ca' de Floro","common":null,"rules":null},"source_tags":[["landuse","residential"]]}}
{"type":"Feature","geometry":{"type":"MultiPolygon","coordinates":[[[[12.1611422,46.5062447],[12.1611922,46.506398],[12.1610012,46.5064319],[12.1609458,46.5062771],[12.1611422,46.5062447]]],[[[12.159392,46.5058449],[12.1594421,46.505802],[12.1597318,46.5060228],[12.159775,46.5060654],[12.1597783,46.5061574],[12.1596873,46.5061824],[12.159548,46.5062962],[12.1596003,46.5064519],[12.1596656,46.5065518],[12.1598059,46.5066429],[12.1598369,46.5066631],[12.1598986,46.5067158],[12.1600065,46.5068092],[12.1600145,46.5068618],[12.1599783,46.506919],[12.1599126,46.5069726],[12.1598028,46.5070745],[12.1596263,46.5069929],[12.1595947,46.5069517],[12.1595498,46.50698],[12.1594034,46.5070285],[12.1591488,46.5071693],[12.1587225,46.5073228],[12.1586113,46.5071635],[12.1584849,46.5070649],[12.1581592,46.5069241],[12.158288,46.5068076],[12.1585362,46.506577],[12.1588143,46.5063484],[12.1589406,46.5062357],[12.1592275,46.5059972],[12.1592503,46.5059728],[12.1593361,46.5058927],[12.159392,46.5058449]]],[[[12.1587807,46.5078614],[12.1580565,46.5084448],[12.1578205,46.5083359],[12.1581987,46.5079574],[12.1579277,46.5078393],[12.1581128,46.507675],[12.1577775,46.5075015],[12.1579653,46.5073501],[12.1582791,46.5075255],[12.1587029,46.5073501],[12.1588746,46.5075402],[12.1587807,46.5078614]]],[[[12.1567422,46.5082251],[12.1570989,46.5079851],[12.1572733,46.5082436],[12.156879,46.5083248],[12.1566993,46.5083137],[12.1567422,46.5082251]]]]},"properties":{"id":"82778b09-adce-33f6-b44d-93b0fea1ba70","version":0,"sources":[{"property":"","dataset":"OpenStreetMap","license":"ODbL-1.0","record_id":"r17758236@1","update_time":"2024-06-24T10:40:26.000Z","confidence":null,"between":null}],"subtype":"residential","class":"residential","names":{"primary":"Acquabona di Sopra","common":[["lld","Agabona de Sora"]],"rules":[{"variant":"official","language":null,"perspectives":null,"value":"Localit\u00e0 Acquabona di Sopra","between":null,"side":null}]},"source_tags":[["landuse","residential"],["official_name","Localit\u00e0 Acquabona di Sopra"],["place","neighbourhood"],["type","multipolygon"]]}}
{"type":"Feature","geometry":{"type":"MultiPolygon","coordinates":[[[[12.1597904,46.5054998],[12.1585935,46.5048995],[12.1588039,46.5049079],[12.1590305,46.504634],[12.1592571,46.5045884],[12.1596427,46.5045107],[12.1598284,46.5046903],[12.1600852,46.5045727],[12.1603788,46.5048447],[12.1604285,46.5051279],[12.1601682,46.5052554],[12.1599613,46.5053583],[12.1597904,46.5054998]]],[[[12.1582188,46.5059863],[12.1581144,46.5059281],[12.158092,46.5058551],[12.1582797,46.5057016],[12.1580608,46.5055671],[12.1582256,46.5054659],[12.1581678,46.5054283],[12.1584334,46.5050122],[12.1584628,46.5049663],[12.1585593,46.5049223],[12.1589886,46.5051218],[12.158841,46.5053286],[12.1589255,46.5054218],[12.1589148,46.5055095],[12.1589515,46.5055785],[12.1590693,46.5058474],[12.1590887,46.5058882],[12.1590221,46.5059415],[12.1589711,46.5059738],[12.1588759,46.5060403],[12.1588533,46.5060544],[12.1587807,46.5060772],[12.1587566,46.5060772],[12.1587136,46.5060624],[12.1586285,46.5060292],[12.1585594,46.5060052],[12.1585084,46.5059974],[12.1584173,46.5059895],[12.1583194,46.5059895],[12.158263,46.5060015],[12.1582188,46.5059863]]],[[[12.1567285,46.5080102],[12.1564698,46.5078422],[12.1569144,46.5073474],[12.1569447,46.5073145],[12.1570855,46.5072822],[12.1571259,46.5073049],[12.1571942,46.5072601],[12.1572368,46.5072759],[12.1575212,46.5070503],[12.157753,46.5071862],[12.1574504,46.5074059],[12.1572707,46.5075608],[12.1567285,46.5080102]]]]},"properties":{"id":"8cceedc3-ef23-34fd-b29b-bbec709cfa62","version":0,"sources":[{"property":"","dataset":"OpenStreetMap","license":"ODbL-1.0","record_id":"r17293759@2","update_time":"2024-06-24T10:40:26.000Z","confidence":null,"between":null}],"subtype":"residential","class":"residential","names":{"primary":"Acquabona di Sotto","common":[["lld","Agabona de Sote"]],"rules":[{"variant":"official","language":null,"perspectives":null,"value":"Localit\u00e0 Acquabona di Sotto","between":null,"side":null}]},"source_tags":[["landuse","residential"],["official_name","Localit\u00e0 Acquabona di Sotto"],["place","neighbourhood"],["type","multipolygon"]]}}
{"type":"Feature","geometry":{"type":"Polygon","coordinates":[[[12.1581144,46.5059281],[12.1582188,46.5059863],[12.158263,46.5060015],[12.1583194,46.5059895],[12.1584173,46.5059895],[12.1585084,46.5059974],[12.1585594,46.5060052],[12.1586285,46.5060292],[12.1587136,46.5060624],[12.1587566,46.5060772],[12.1587807,46.5060772],[12.1588533,46.5060544],[12.1589187,46.5061902],[12.1584572,46.5065904],[12.1582831,46.50662],[12.1581759,46.5065978],[12.1580735,46.5064726],[12.1578669,46.5062437],[12.1579555,46.5060775],[12.1581144,46.5059281]]]},"properties":{"id":"3d96b0c1-b9ca-3ce9-bf02-b8ccfab21716","version":0,"sources":[{"property":"","dataset":"OpenStreetMap","license":"ODbL-1.0","record_id":"w601657033@4","update_time":"2024-06-10T21:23:20.000Z","confidence":null,"between":null}],"subtype":"developed","class":"retail","source_tags":[["landuse","retail"]]}}
{"type":"Feature","geometry":{"type":"Polygon","coordinates":[[[12.1527806,46.5119669],[12.1525419,46.5118875],[12.1523944,46.511786],[12.1523085,46.5116291],[12.1522415,46.5115313],[12.1521229,46.5114494],[12.1523277,46.5113669],[12.1529657,46.510815],[12.1537976,46.5103554],[12.1539387,46.510214],[12.1543769,46.5102741],[12.1550759,46.5099925],[12.1555464,46.5100969],[12.1553691,46.5102049],[12.1547664,46.5105485],[12.1544003,46.5108016],[12.1539724,46.5110938],[12.1536145,46.5114256],[12.1533677,46.5116483],[12.1532217,46.511779],[12.1529893,46.5118857],[12.1527806,46.5119669]]]},"properties":{"id":"b6072d0f-ebba-3375-8b9d-b19b44cb41c9","version":0,"sources":[{"property":"","dataset":"OpenStreetMap","license":"ODbL-1.0","record_id":"w1256625574@4","update_time":"2024-07-13T18:52:33.000Z","confidence":null,"between":null}],"subtype":"developed","class":"commercial","names":{"primary":"Boschedel","common":null,"rules":[{"variant":"official","language":null,"perspectives":null,"value":"Localit\u00e0 Boschedel","between":null,"side":null}]},"source_tags":[["landuse","commercial"],["official_name","Localit\u00e0 Boschedel"]]}}
{"type":"Feature","geometry":{"type":"Polygon","coordinates":[[[12.1488818,46.5111353],[12.1490362,46.5112322],[12.1491314,46.5112931],[12.1494104,46.5115571],[12.1497001,46.5116208],[12.1499039,46.51163],[12.1499804,46.5116106],[12.1501802,46.5115183],[12.1503894,46.5114067],[12.1506228,46.5112562],[12.1509983,46.5109969],[12.1512504,46.5108252],[12.1516004,46.5105935],[12.152106,46.5101966],[12.152503,46.5098865],[12.1527995,46.509615],[12.1529631,46.5097115],[12.15358,46.5092574],[12.1540835,46.5095331],[12.1545558,46.5092166],[12.1545704,46.5091672],[12.1545704,46.5091288],[12.1545628,46.509094],[12.1545375,46.5090573],[12.1544597,46.5088694],[12.1548613,46.5088701],[12.155151,46.5090104],[12.1553528,46.509137],[12.1552782,46.5094176],[12.1552134,46.509545],[12.1551174,46.5096792],[12.1545348,46.5098145],[12.1544195,46.509765],[12.1542828,46.509682],[12.1536095,46.5101804],[12.1534574,46.5100959],[12.1527418,46.5106077],[12.1523327,46.511007],[12.1523032,46.5110864],[12.1521745,46.5110886],[12.1521261,46.5109886],[12.1520188,46.5109415],[12.1518205,46.5108413],[12.1515951,46.5110388],[12.1516944,46.5111791],[12.1515254,46.5114559],[12.1511848,46.5117439],[12.1497696,46.5125875],[12.1492793,46.5122451],[12.149352,46.5122058],[12.1486402,46.511954],[12.1485469,46.5118074],[12.1485749,46.5115831],[12.1486818,46.511392],[12.1488818,46.5111353]]]},"properties":{"id":"c88d6ae1-f5d8-33ca-98c0-1596c268bf3a","version":0,"sources":[{"property":"","dataset":"OpenStreetMap","license":"ODbL-1.0","record_id":"w601657043@7","update_time":"2024-06-06T00:11:51.000Z","confidence":null,"between":null}],"subtype":"developed","class":"industrial","source_tags":[["landuse","industrial"]]}}
{"type":"Feature","geometry":{"type":"Polygon","coordinates":[[[12.1519216,46.5126727],[12.1520397,46.5127761],[12.151353,46.513544],[12.1511154,46.5132128],[12.1508257,46.5134786],[12.1505484,46.5135071],[12.1504089,46.5134111],[12.1506218,46.5131464],[12.1517118,46.5126195],[12.1519216,46.5126727]]]},"properties":{"id":"6c8fb57c-48eb-3f12-b5dc-30c4c2c7604d","version":0,"sources":[{"property":"","dataset":"OpenStreetMap","license":"ODbL-1.0","record_id":"w1205085309@3","update_time":"2024-07-01T17:26:24.000Z","confidence":null,"between":null}],"subtype":"agriculture","class":"meadow","source_tags":[["landuse","meadow"]]}}
{"type":"Feature","geometry":{"type":"Polygon","coordinates":[[[12.1496686,46.5136695],[12.14957,46.5135601],[12.1498081,46.5134701],[12.150021,46.5138035],[12.1495506,46.5138319],[12.1496686,46.5136695]]]},"properties":{"id":"466e3a03-6be5-3865-8ac3-4051168975fb","version":0,"sources":[{"property":"","dataset":"OpenStreetMap","license":"ODbL-1.0","record_id":"w1256627444@2","update_time":"2024-07-01T17:26:24.000Z","confidence":null,"between":null}],"subtype":"agriculture","class":"meadow","source_tags":[["landuse","meadow"]]}}
{"type":"Feature","geometry":{"type":"Polygon","coordinates":[[[12.145531,46.515125],[12.145782,46.5150774],[12.145949,46.5151814],[12.1460184,46.5152451],[12.145996,46.515275],[12.1459115,46.5153325],[12.1456291,46.5153877],[12.145531,46.515125]]]},"properties":{"id":"4c4253db-162a-32a5-89b2-ad5691f30563","version":0,"sources":[{"property":"","dataset":"OpenStreetMap","license":"ODbL-1.0","record_id":"w201031286@3","update_time":"2024-01-02T00:12:47.000Z","confidence":null,"between":null}],"subtype":"residential","class":"residential","names":{"primary":"La Ginestra","common":null,"rules":null},"source_tags":[["landuse","residential"]]}}
{"type":"Feature","geometry":{"type":"Polygon","coordinates":[[[12.1456407,46.5154133],[12.1453134,46.5155955],[12.1452764,46.5155437],[12.1452369,46.5154297],[12.1451072,46.5153069],[12.1452919,46.5152045],[12.1454287,46.515145],[12.145531,46.515125],[12.1456291,46.5153877],[12.1456407,46.5154133]]]},"properties":{"id":"2611e4be-0788-3f06-9aa8-40f7807cdf85","version":0,"sources":[{"property":"","dataset":"OpenStreetMap","license":"ODbL-1.0","record_id":"w201031339@3","update_time":"2024-01-02T00:12:47.000Z","confidence":null,"between":null}],"subtype":"residential","class":"residential","names":{"primary":"Ca' del Pr\u00e0","common":null,"rules":null},"source_tags":[["landuse","residential"]]}}
{"type":"Feature","geometry":{"type":"Polygon","coordinates":[[[12.1425559,46.5158748],[12.1423414,46.5153522],[12.1423306,46.5152074],[12.142902,46.5151934],[12.1430576,46.5151897],[12.143138,46.5151787],[12.1431917,46.5151473],[12.143248,46.5150735],[12.1432561,46.5150125],[12.1432185,46.5149738],[12.1430737,46.5149239],[12.1429905,46.5149147],[12.1429718,46.514863],[12.1430173,46.5147449],[12.1431568,46.5147468],[12.1432561,46.5146618],[12.1431836,46.5145935],[12.1431273,46.5145788],[12.1429569,46.5145724],[12.14258,46.5145309],[12.1421671,46.5145068],[12.1417889,46.5145788],[12.141467,46.514313],[12.141746,46.5141284],[12.1421564,46.5143647],[12.1426713,46.5144385],[12.1428483,46.5143426],[12.1430284,46.514233],[12.1432345,46.5141285],[12.1436476,46.5140362],[12.143948,46.5140104],[12.1439638,46.5139855],[12.1447748,46.5140747],[12.1448667,46.514109],[12.1451953,46.5141621],[12.1453641,46.5141765],[12.1460615,46.5141248],[12.1466087,46.5141617],[12.1471773,46.5141359],[12.1478398,46.5139578],[12.1486899,46.5136643],[12.1488243,46.5138718],[12.1490523,46.5139309],[12.1490872,46.513977],[12.1490299,46.5140701],[12.1489906,46.5141339],[12.1486194,46.5140353],[12.1482784,46.5141093],[12.1481293,46.5143297],[12.147848,46.5144422],[12.1476227,46.5145566],[12.147443,46.5146563],[12.1472123,46.5147523],[12.1468378,46.5145466],[12.1465257,46.5147117],[12.1458151,46.5150742],[12.145782,46.5150774],[12.145949,46.5151814],[12.1460184,46.5152451],[12.145996,46.515275],[12.1459115,46.5153325],[12.1456291,46.5153877],[12.1456407,46.5154133],[12.1453134,46.5155955],[12.1452382,46.5156346],[12.1451953,46.5156429],[12.1451256,46.5156069],[12.145202,46.5155349],[12.1451604,46.5154242],[12.1449953,46.5153316],[12.1447581,46.5155866],[12.1447071,46.5156014],[12.1446186,46.5155423],[12.1444804,46.515741],[12.14416,46.5156586],[12.1439749,46.515976],[12.1432936,46.5159299],[12.1425559,46.5158748]]]},"properties":{"id":"c50d3791-00a3-37fa-b60d-f12c9fb3bb88","version":0,"sources":[{"property":"","dataset":"OpenStreetMap","license":"ODbL-1.0","record_id":"w1292400317@2","update_time":"2024-06-20T12:41:53.000Z","confidence":null,"between":null}],"subtype":"residential","class":"residential","names":{"primary":"Zuel di Sopra","common":[["it","Zuel di Sopra"],["lld","\u015auel de Sora"]],"rules":[{"variant":"official","language":null,"perspectives":null,"value":"Frazione Zuel di Sopra","between":null,"side":null}]},"source_tags":[["landuse","residential"],["official_name","Frazione Zuel di Sopra"],["place","hamlet"],["wikipedia","it:Zuel"]],"wikidata":"Q4024948"}}
{"type":"Feature","geometry":{"type":"Polygon","coordinates":[[[12.1423306,46.5152074],[12.1423414,46.5153522],[12.1425559,46.5158748],[12.1425788,46.5160849],[12.1425667,46.5162623],[12.1423951,46.5165242],[12.1419765,46.5172083],[12.1423642,46.5169441],[12.1427839,46.5167523],[12.1424996,46.5170006],[12.1423588,46.5173173],[12.1422997,46.5175277],[12.1422957,46.5178238],[12.1423118,46.5180379],[12.1423212,46.5191187],[12.1423212,46.5193734],[12.1422731,46.5195849],[12.1421774,46.5195919],[12.1418556,46.5196584],[12.1416333,46.5195309],[12.1410273,46.5193151],[12.1406898,46.5191886],[12.1415056,46.5180617],[12.1417299,46.5181143],[12.1418466,46.5179934],[12.1420424,46.5180284],[12.1420708,46.5178352],[12.1416477,46.5178098],[12.1412981,46.5173216],[12.140606,46.5178162],[12.1400669,46.5181928],[12.1398711,46.5182592],[12.1395117,46.5181374],[12.1393105,46.5185139],[12.1395037,46.5185564],[12.1394876,46.5186819],[12.1393561,46.5186763],[12.1393213,46.5188351],[12.1390723,46.5189498],[12.1391737,46.519171],[12.1390048,46.5196047],[12.1397233,46.5197173],[12.1397048,46.519793],[12.1395493,46.5197819],[12.1394634,46.519972],[12.139686,46.5200514],[12.1395144,46.5203116],[12.1390128,46.5202894],[12.1386561,46.5203134],[12.1384388,46.520271],[12.1383553,46.5203007],[12.1382323,46.5204223],[12.1383047,46.5205404],[12.1385676,46.5205847],[12.1385725,46.5211791],[12.1373698,46.5208351],[12.1374128,46.5204512],[12.1372851,46.519806],[12.1375093,46.5190707],[12.1378215,46.5181301],[12.1376595,46.5173357],[12.1380096,46.516565],[12.1381919,46.5157085],[12.1381598,46.5154427],[12.138605,46.5156458],[12.1385675,46.514985],[12.1386318,46.5147709],[12.1388196,46.5147081],[12.1392487,46.5147007],[12.1394834,46.5148144],[12.1400749,46.5147746],[12.1401875,46.5152508],[12.1405469,46.5154095],[12.1406918,46.5150514],[12.1404933,46.5149222],[12.1407025,46.5146527],[12.1404343,46.514446],[12.140783,46.5142762],[12.1404235,46.5140879],[12.140048,46.5139772],[12.1391575,46.5134086],[12.1403163,46.5122347],[12.1406167,46.5117695],[12.1403431,46.5116809],[12.1402076,46.5119534],[12.139989,46.5118138],[12.14015,46.5115148],[12.1401285,46.5110274],[12.1411781,46.5114379],[12.140987,46.511852],[12.1411993,46.5121784],[12.1414612,46.512383],[12.141893,46.5124463],[12.1423602,46.512422],[12.1426221,46.5125632],[12.1427778,46.5128409],[12.1432591,46.5126558],[12.1437263,46.5123927],[12.1441439,46.5120956],[12.1446677,46.5118471],[12.1451915,46.5117692],[12.1455738,46.5118228],[12.1463524,46.511813],[12.1464008,46.511796],[12.1465945,46.5121156],[12.1468701,46.5126056],[12.1467806,46.5125553],[12.1467523,46.5125428],[12.1467108,46.5125317],[12.146574,46.5125603],[12.1464184,46.5126019],[12.1462494,46.5126729],[12.1462534,46.5124662],[12.1461274,46.5124634],[12.1460952,46.5125723],[12.1460831,46.5125991],[12.1460389,46.5127256],[12.1459517,46.5127329],[12.1459678,46.5125594],[12.1460643,46.512469],[12.1458927,46.5123822],[12.1458632,46.5123859],[12.1455869,46.5126369],[12.145493,46.5125945],[12.1454018,46.5124727],[12.1453053,46.512421],[12.145265,46.5124302],[12.1451899,46.5125114],[12.1451148,46.5125594],[12.1450263,46.5126019],[12.1449244,46.5124782],[12.145265,46.5123416],[12.1451631,46.5121349],[12.1450692,46.5120389],[12.1447045,46.5121441],[12.1447796,46.5122733],[12.1447098,46.5122715],[12.1446508,46.5122419],[12.1445972,46.5121884],[12.1445167,46.5121441],[12.1444175,46.5121164],[12.144278,46.5121626],[12.1442458,46.5122272],[12.1443424,46.5122198],[12.1444403,46.5122244],[12.1445221,46.5122392],[12.1445677,46.5122558],[12.1445945,46.5122982],[12.1445878,46.5123176],[12.1444832,46.5123933],[12.1442176,46.5125308],[12.1441278,46.512553],[12.1439427,46.512588],[12.1439213,46.5125945],[12.1439065,46.512624],[12.1439186,46.5126702],[12.1440218,46.5128418],[12.1441667,46.512996],[12.1440178,46.5130606],[12.1439092,46.5130975],[12.143712,46.5131492],[12.1435323,46.5131944],[12.1434841,46.5132239],[12.1434116,46.5132885],[12.1432239,46.5134836],[12.1429583,46.5133042],[12.1428023,46.5133561],[12.1426608,46.5132694],[12.1425587,46.5134113],[12.1422435,46.5133273],[12.142123,46.5135066],[12.1424219,46.5136116],[12.1422663,46.5138626],[12.1424246,46.5139475],[12.1423575,46.5140195],[12.142556,46.5141321],[12.1427871,46.5139636],[12.1432286,46.5141146],[12.1433828,46.5140715],[12.1436184,46.5140182],[12.1439638,46.5139855],[12.143948,46.5140104],[12.1436476,46.5140362],[12.1432345,46.5141285],[12.1430284,46.514233],[12.1428483,46.5143426],[12.1426713,46.5144385],[12.1421564,46.5143647],[12.141746,46.5141284],[12.141467,46.514313],[12.1417889,46.5145788],[12.1421671,46.5145068],[12.14258,46.5145309],[12.1429569,46.5145724],[12.1431273,46.5145788],[12.1431836,46.5145935],[12.1432561,46.5146618],[12.1431568,46.5147468],[12.1430173,46.5147449],[12.1429718,46.514863],[12.1429905,46.5149147],[12.1430737,46.5149239],[12.1432185,46.5149738],[12.1432561,46.5150125],[12.143248,46.5150735],[12.1431917,46.5151473],[12.143138,46.5151787],[12.1430576,46.5151897],[12.142902,46.5151934],[12.1423306,46.5152074]]]},"properties":{"id":"b55cf7b3-4520-3bfd-b704-9fe6bad56482","version":0,"sources":[{"property":"","dataset":"OpenStreetMap","license":"ODbL-1.0","record_id":"w666304105@17","update_time":"2024-06-14T14:48:06.000Z","confidence":null,"between":null}],"subtype":"agriculture","class":"meadow","source_tags":[["landuse","meadow"]]}}
{"type":"Feature","geometry":{"type":"Polygon","coordinates":[[[12.1432239,46.5134836],[12.1434116,46.5132885],[12.1434841,46.5132239],[12.1435323,46.5131944],[12.143712,46.5131492],[12.1439092,46.5130975],[12.1440178,46.5130606],[12.1441667,46.512996],[12.1440218,46.5128418],[12.1439186,46.5126702],[12.1439065,46.512624],[12.1439213,46.5125945],[12.1439427,46.512588],[12.1441278,46.512553],[12.1442176,46.5125308],[12.1444832,46.5123933],[12.1445878,46.5123176],[12.1445945,46.5122982],[12.1445677,46.5122558],[12.1445221,46.5122392],[12.1444403,46.5122244],[12.1443424,46.5122198],[12.1442458,46.5122272],[12.144278,46.5121626],[12.1444175,46.5121164],[12.1445167,46.5121441],[12.1445972,46.5121884],[12.1446508,46.5122419],[12.1447098,46.5122715],[12.1447796,46.5122733],[12.1447045,46.5121441],[12.1450692,46.5120389],[12.1451631,46.5121349],[12.145265,46.5123416],[12.1449244,46.5124782],[12.1450263,46.5126019],[12.1451148,46.5125594],[12.1451899,46.5125114],[12.145265,46.5124302],[12.1453053,46.512421],[12.1454018,46.5124727],[12.145493,46.5125945],[12.1455869,46.5126369],[12.1458632,46.5123859],[12.1458927,46.5123822],[12.1460643,46.512469],[12.1459678,46.5125594],[12.1459517,46.5127329],[12.1460389,46.5127256],[12.1460831,46.5125991],[12.1460952,46.5125723],[12.1461274,46.5124634],[12.1462534,46.5124662],[12.1462494,46.5126729],[12.1464184,46.5126019],[12.146574,46.5125603],[12.1467108,46.5125317],[12.1467523,46.5125428],[12.1467806,46.5125553],[12.1468701,46.5126056],[12.146821,46.5126996],[12.1467456,46.5126462],[12.1466973,46.5126166],[12.1466491,46.5126148],[12.146413,46.5126923],[12.1463647,46.51272],[12.1464157,46.5127938],[12.1466008,46.5128769],[12.1464023,46.513091],[12.1461904,46.5129987],[12.1460536,46.5131335],[12.1459946,46.5131353],[12.1458712,46.5131243],[12.1457693,46.5131187],[12.1456647,46.5131113],[12.1455574,46.5131113],[12.1454474,46.5130837],[12.1452436,46.513427],[12.1449351,46.5133162],[12.1447501,46.5135802],[12.1450424,46.513702],[12.1448681,46.5139715],[12.1447748,46.5140747],[12.1444142,46.5140314],[12.1441886,46.5140045],[12.1439638,46.5139855],[12.1436184,46.5140182],[12.1433828,46.5140715],[12.1432286,46.5141146],[12.1427871,46.5139636],[12.142556,46.5141321],[12.1423575,46.5140195],[12.1424246,46.5139475],[12.1422663,46.5138626],[12.1424219,46.5136116],[12.142123,46.5135066],[12.1422435,46.5133273],[12.1425587,46.5134113],[12.1426608,46.5132694],[12.1428023,46.5133561],[12.1429583,46.5133042],[12.1432239,46.5134836]]]},"properties":{"id":"9ab35818-86a2-3fe2-a9b1-8d5b806abfb5","version":0,"sources":[{"property":"","dataset":"OpenStreetMap","license":"ODbL-1.0","record_id":"w601715280@9","update_time":"2024-06-10T20:26:18.000Z","confidence":null,"between":null}],"subtype":"residential","class":"residential","names":{"primary":"Zuel di Sotto","common":null,"rules":[{"variant":"official","language":null,"perspectives":null,"value":"Frazione Zuel di Sotto","between":null,"side":null}]},"source_tags":[["landuse","residential"],["official_name","Frazione Zuel di Sotto"],["place","hamlet"],["wikipedia","it:Zuel"]],"wikidata":"Q4024948"}}
{"type":"Feature","geometry":{"type":"Polygon","coordinates":[[[12.1467837,46.5119316],[12.1474091,46.5117063],[12.1480488,46.5125473],[12.1474234,46.5127726],[12.1467837,46.5119316]]]},"properties":{"id":"d147a612-e00f-3ac6-944b-d0f985906cc9","version":0,"sources":[{"property":"","dataset":"OpenStreetMap","license":"ODbL-1.0","record_id":"w260005772@2","update_time":"2025-06-22T11:18:19.000Z","confidence":null,"between":null}],"subtype":"recreation","class":"pitch","surface":"recreation_grass","source_tags":[["leisure","pitch"],["sport","soccer"],["surface","grass"]]}}
{"type":"Feature","geometry":{"type":"Polygon","coordinates":[[[12.1496992,46.5132793],[12.1494255,46.5133997],[12.1493237,46.5132867],[12.1486907,46.5134417],[12.1487054,46.5135299],[12.1477728,46.5138332],[12.1478398,46.5139578],[12.1471773,46.5141359],[12.1466087,46.5141617],[12.1460615,46.5141248],[12.1453641,46.5141765],[12.1451953,46.5141621],[12.1448667,46.514109],[12.1447748,46.5140747],[12.1448681,46.5139715],[12.1450424,46.513702],[12.1447501,46.5135802],[12.1449351,46.5133162],[12.1452436,46.513427],[12.1454474,46.5130837],[12.1455574,46.5131113],[12.1456647,46.5131113],[12.1457693,46.5131187],[12.1458712,46.5131243],[12.1459946,46.5131353],[12.1460536,46.5131335],[12.1461904,46.5129987],[12.1464023,46.513091],[12.1466008,46.5128769],[12.1464157,46.5127938],[12.1463647,46.51272],[12.146413,46.5126923],[12.1466491,46.5126148],[12.1466973,46.5126166],[12.1467456,46.5126462],[12.146821,46.5126996],[12.147192,46.5129165],[12.1473582,46.513015],[12.1473882,46.5130343],[12.1474232,46.5131232],[12.1474792,46.5131464],[12.147557,46.5131501],[12.1476553,46.5130999],[12.1477051,46.5130887],[12.147864,46.5130785],[12.1480232,46.5130356],[12.1480902,46.5129892],[12.1482951,46.5128339],[12.1483596,46.5126968],[12.1484108,46.5125467],[12.1486402,46.511954],[12.149352,46.5122058],[12.1492793,46.5122451],[12.1497696,46.5125875],[12.1511848,46.5117439],[12.1515254,46.5114559],[12.1516944,46.5111791],[12.1515951,46.5110388],[12.1518205,46.5108413],[12.1520188,46.5109415],[12.1521261,46.5109886],[12.1521745,46.5110886],[12.1523032,46.5110864],[12.1523327,46.511007],[12.1527418,46.5106077],[12.1534574,46.5100959],[12.1536095,46.5101804],[12.1542828,46.509682],[12.1544195,46.509765],[12.1545348,46.5098145],[12.1551174,46.5096792],[12.1550421,46.5098016],[12.1539387,46.510214],[12.1537976,46.5103554],[12.1529657,46.510815],[12.1523277,46.5113669],[12.1521229,46.5114494],[12.1518878,46.5115442],[12.1520059,46.5117287],[12.1502571,46.5124007],[12.1493344,46.5128215],[12.1495935,46.5130714],[12.1496992,46.5132793]]]},"properties":{"id":"cfc3e172-38b9-32c6-9876-75454a7c2321","version":0,"sources":[{"property":"","dataset":"OpenStreetMap","license":"ODbL-1.0","record_id":"w1256627445@3","update_time":"2024-07-01T17:26:24.000Z","confidence":null,"between":null}],"subtype":"agriculture","class":"meadow","source_tags":[["landuse","meadow"]]}}
{"type":"Feature","geometry":{"type":"Polygon","coordinates":[[[12.1485469,46.5118074],[12.1485625,46.5119594],[12.1484923,46.5121813],[12.1484108,46.5124071],[12.1483823,46.5124606],[12.1483596,46.512317],[12.1482932,46.5121591],[12.1481528,46.5119594],[12.1480049,46.5118171],[12.1477688,46.5116594],[12.1479415,46.5115789],[12.1481043,46.5115886],[12.1484264,46.5114644],[12.1486316,46.5112817],[12.1488818,46.5111353],[12.1486818,46.511392],[12.1485749,46.5115831],[12.1485469,46.5118074]]]},"properties":{"id":"efb61af5-2ed6-348d-b54f-fcca95769b25","version":0,"sources":[{"property":"","dataset":"OpenStreetMap","license":"ODbL-1.0","record_id":"w1205085335@1","update_time":"2023-09-04T23:25:15.000Z","confidence":null,"between":null}],"subtype":"agriculture","class":"meadow","source_tags":[["landuse","meadow"]]}}
{"type":"Feature","geometry":{"type":"Polygon","coordinates":[[[12.1490123,46.5110083],[12.149672,46.5106954],[12.1501253,46.510149],[12.1503693,46.5102465],[12.1509863,46.5096912],[12.1511418,46.5096078],[12.1513027,46.5095579],[12.1514771,46.5096542],[12.1520698,46.510012],[12.1516809,46.5103452],[12.1515634,46.5104435],[12.1513916,46.5105783],[12.1511257,46.5107274],[12.150954,46.5108372],[12.1506697,46.5110818],[12.1503089,46.5113411],[12.1500809,46.5114925],[12.1499602,46.5115294],[12.1498449,46.511546],[12.1497162,46.5115368],[12.1496249,46.5114473],[12.1493367,46.5111335],[12.14911,46.5111325],[12.1490123,46.5110083]]]},"properties":{"id":"6355ae79-ade6-3f4e-bb1d-47876ab03a99","version":0,"sources":[{"property":"","dataset":"OpenStreetMap","license":"ODbL-1.0","record_id":"w1289763134@1","update_time":"2025-03-08T15:39:22.000Z","confidence":null,"between":null}],"subtype":"developed","class":"industrial","source_tags":[["landuse","industrial"]]}}
{"type":"Feature","geometry":{"type":"Polygon","coordinates":[[[12.1447595,46.5079787],[12.1451707,46.5078863],[12.1454891,46.5078928],[12.1458648,46.5078136],[12.1461159,46.507569],[12.146598,46.5070624],[12.1473168,46.5077639],[12.1471462,46.5081608],[12.1468447,46.5086647],[12.1461055,46.5088992],[12.1451721,46.5090099],[12.1446239,46.5081257],[12.1447595,46.5079787]]]},"properties":{"id":"17365c43-5fff-354b-9b79-5cde51d59038","version":0,"sources":[{"property":"","dataset":"OpenStreetMap","license":"ODbL-1.0","record_id":"w844764438@2","update_time":"2024-03-01T16:41:04.000Z","confidence":null,"between":null}],"subtype":"construction","class":"construction","source_tags":[["check_date","2020-09-06"],["landuse","construction"]]}}
{"type":"Feature","geometry":{"type":"Polygon","coordinates":[[[12.1357459,46.516013],[12.135701,46.5159351],[12.1359143,46.515877],[12.1359591,46.5159548],[12.1357459,46.516013]]]},"properties":{"id":"b4e17fc7-b70c-3d47-9b38-e74be0db3c58","version":0,"sources":[{"property":"","dataset":"OpenStreetMap","license":"ODbL-1.0","record_id":"w840922474@3","update_time":"2025-06-17T08:54:13.000Z","confidence":null,"between":null}],"subtype":"recreation","class":"pitch","surface":"recreation_sand","source_tags":[["leisure","pitch"],["lit","yes"],["sport","volleyball"],["surface","fine_gravel"]]}}
{"type":"Feature","geometry":{"type":"Polygon","coordinates":[[[12.1311286,46.5198926],[12.1299831,46.5195766],[12.1296799,46.519744],[12.1301384,46.520168],[12.1296949,46.5203833],[12.1291389,46.5202041],[12.1286506,46.5202685],[12.1284433,46.5200588],[12.1290147,46.5198421],[12.128552,46.5195386],[12.1286308,46.5194141],[12.1288174,46.5192958],[12.1289579,46.5190715],[12.1288633,46.5188646],[12.1287468,46.5186523],[12.1304987,46.5186694],[12.13123,46.5184867],[12.1319869,46.5190953],[12.1322885,46.5197261],[12.1319025,46.5200161],[12.1315577,46.519996],[12.1311286,46.5198926]]]},"properties":{"id":"7289522d-f9e0-3e1c-be43-6a219645c6c3","version":0,"sources":[{"property":"","dataset":"OpenStreetMap","license":"ODbL-1.0","record_id":"w424124625@5","update_time":"2024-06-14T14:50:32.000Z","confidence":null,"between":null}],"subtype":"residential","class":"residential","names":{"primary":"Campo di Sotto","common":null,"rules":[{"variant":"official","language":null,"perspectives":null,"value":"Frazione Campo di Sotto","between":null,"side":null}]},"source_tags":[["landuse","residential"],["official_name","Frazione Campo di Sotto"],["place","hamlet"]]}}
{"type":"Feature","geometry":{"type":"Polygon","coordinates":[[[12.1318959,46.5223752],[12.1317256,46.522311],[12.1313478,46.5222035],[12.1310873,46.52232],[12.1308658,46.5226247],[12.1309961,46.5229922],[12.1308265,46.5230396],[12.1301769,46.5230256],[12.1298336,46.523439],[12.1299623,46.5238967],[12.1296083,46.5238745],[12.1290396,46.5226934],[12.1286915,46.5225967],[12.1289168,46.5219987],[12.1287344,46.5217034],[12.12867,46.521386],[12.1283637,46.521586],[12.1280848,46.5222431],[12.1275805,46.5217485],[12.1278761,46.5213638],[12.1283804,46.5213122],[12.128552,46.5209135],[12.1291684,46.5209438],[12.1294103,46.5206404],[12.1293138,46.5203672],[12.1288251,46.5202572],[12.1284496,46.5203753],[12.1282731,46.5200719],[12.1287616,46.5197491],[12.1284359,46.5195176],[12.1288363,46.5191114],[12.1283423,46.5184706],[12.1303449,46.5186472],[12.1313771,46.5183997],[12.1324251,46.5183296],[12.1340345,46.5169933],[12.1344807,46.516729],[12.1346837,46.5168123],[12.1348768,46.5169526],[12.1350264,46.5170314],[12.1343881,46.5172861],[12.1341574,46.5174633],[12.1346729,46.517713],[12.1346193,46.5178348],[12.135697,46.5182901],[12.1356212,46.5183942],[12.1354561,46.5186211],[12.1358531,46.5187171],[12.1354878,46.5193643],[12.1356278,46.5194184],[12.1355259,46.5196694],[12.1354234,46.5196153],[12.1349567,46.5201469],[12.1346885,46.5201543],[12.1345576,46.5203154],[12.1341788,46.5205824],[12.1342111,46.5207264],[12.1339747,46.5208782],[12.1336768,46.5210464],[12.1336107,46.5210057],[12.1334605,46.5210241],[12.1322335,46.5219717],[12.1318959,46.5223752]]]},"properties":{"id":"74ca74e1-01bf-337f-a0ee-24b6f88f5999","version":0,"sources":[{"property":"","dataset":"OpenStreetMap","license":"ODbL-1.0","record_id":"w666304113@4","update_time":"2024-07-02T16:17:42.000Z","confidence":null,"between":null}],"subtype":"agriculture","class":"meadow","source_tags":[["landuse","meadow"]]}}
{"type":"Feature","geometry":{"type":"Polygon","coordinates":[[[12.1345388,46.5221019],[12.1344377,46.5221136],[12.1341899,46.5218993],[12.1340417,46.5215544],[12.1336768,46.5210464],[12.1339747,46.5208782],[12.1342111,46.5207264],[12.1341788,46.5205824],[12.1345576,46.5203154],[12.1346885,46.5201543],[12.1349567,46.5201469],[12.1354234,46.5196153],[12.1355259,46.5196694],[12.1356278,46.5194184],[12.1354878,46.5193643],[12.1358531,46.5187171],[12.1354561,46.5186211],[12.1356212,46.5183942],[12.1361208,46.5185578],[12.1361744,46.5184249],[12.1362641,46.5184351],[12.1363675,46.5184932],[12.1366288,46.5186418],[12.1370355,46.5187097],[12.1368777,46.5194184],[12.1368026,46.5197623],[12.1366711,46.520365],[12.1363627,46.520762],[12.1357141,46.5212385],[12.1345388,46.5221019]]]},"properties":{"id":"e53671ae-5567-3b7f-b4a5-2ff07d0cbdcb","version":0,"sources":[{"property":"","dataset":"OpenStreetMap","license":"ODbL-1.0","record_id":"w306401432@13","update_time":"2025-08-22T18:29:54.000Z","confidence":null,"between":null}],"subtype":"campground","class":"camp_site","names":{"primary":"Camping Cortina","common":null,"rules":null},"source_tags":[["caravans","yes"],["drinking_water","yes"],["operator","Residel s.n.c."],["phone","+39 0436 867575"],["power_supply","yes"],["sanitary_dump_station","yes"],["shower","yes"],["tents","yes"],["toilets","yes"],["tourism","camp_site"],["website","http://www.campingcortina.it"]]}}
{"type":"Feature","geometry":{"type":"Polygon","coordinates":[[[12.1389869,46.5210324],[12.1387057,46.5210701],[12.1386628,46.52106],[12.1386099,46.5210009],[12.1386233,46.5207977],[12.1390102,46.5207818],[12.1389869,46.5210324]]]},"properties":{"id":"4f956dc6-7569-3a6a-a3b7-cc21dd86f13b","version":0,"sources":[{"property":"","dataset":"OpenStreetMap","license":"ODbL-1.0","record_id":"w1189425885@2","update_time":"2024-06-10T21:23:20.000Z","confidence":null,"between":null}],"subtype":"residential","class":"residential","names":{"primary":"Ca' del Bonte","common":null,"rules":null},"source_tags":[["landuse","residential"]]}}
{"type":"Feature","geometry":{"type":"Polygon","coordinates":[[[12.1395622,46.5205991],[12.139953,46.5206154],[12.1399451,46.5208008],[12.1399401,46.5208906],[12.1395785,46.5208628],[12.1395077,46.5207767],[12.1395622,46.5205991]]]},"properties":{"id":"d6981f13-7432-389e-83f0-450661a5ad3c","version":0,"sources":[{"property":"","dataset":"OpenStreetMap","license":"ODbL-1.0","record_id":"w201031322@3","update_time":"2024-06-04T19:49:18.000Z","confidence":null,"between":null}],"subtype":"residential","class":"residential","names":{"primary":"Ca' de R'Arga","common":null,"rules":null},"source_tags":[["landuse","residential"]]}}
{"type":"Feature","geometry":{"type":"Polygon","coordinates":[[[12.13945,46.5207785],[12.1391938,46.5207619],[12.1391965,46.5205202],[12.1394594,46.520499],[12.13945,46.5207785]]]},"properties":{"id":"871d14aa-62d4-360c-9251-ce9cf3bdae76","version":0,"sources":[{"property":"","dataset":"OpenStreetMap","license":"ODbL-1.0","record_id":"w1236089657@1","update_time":"2024-06-04T19:49:18.000Z","confidence":null,"between":null}],"subtype":"residential","class":"residential","names":{"primary":"Ca' Federica","common":null,"rules":null},"source_tags":[["landuse","residential"]]}}
{"type":"Feature","geometry":{"type":"Polygon","coordinates":[[[12.1356212,46.5183942],[12.135697,46.5182901],[12.1346193,46.5178348],[12.1346729,46.517713],[12.1341574,46.5174633],[12.1343881,46.5172861],[12.1350264,46.5170314],[12.1348768,46.5169526],[12.1346837,46.5168123],[12.1353429,46.5163226],[12.1355522,46.5162192],[12.1364212,46.5160531],[12.1366167,46.5160358],[12.1374243,46.5159645],[12.1378004,46.5159891],[12.137358,46.517448],[12.1370797,46.5181799],[12.1370355,46.5187097],[12.1366288,46.5186418],[12.1363675,46.5184932],[12.1362641,46.5184351],[12.1361744,46.5184249],[12.1361208,46.5185578],[12.1356212,46.5183942]]]},"properties":{"id":"6533973b-e547-398f-a406-d50153cde13e","version":0,"sources":[{"property":"","dataset":"OpenStreetMap","license":"ODbL-1.0","record_id":"w306401430@9","update_time":"2025-06-17T08:54:15.000Z","confidence":null,"between":null}],"subtype":"campground","class":"camp_site","names":{"primary":"Camping Dolomiti","common":null,"rules":null},"source_tags":[["caravans","yes"],["dryer","yes"],["operator","Famiglia Maioni"],["phone","+39 04362485"],["power_supply","yes"],["tents","yes"],["tourism","camp_site"],["washing_machine","yes"],["website","https://www.campeggiodolomiti.it/"]]}}
{"type":"Feature","geometry":{"type":"Polygon","coordinates":[[[12.1420424,46.5180284],[12.1418466,46.5179934],[12.1417299,46.5181143],[12.1415056,46.5180617],[12.1406898,46.5191886],[12.1406382,46.5194432],[12.1403338,46.5194201],[12.1403137,46.5196582],[12.1399355,46.5197487],[12.1397233,46.5197173],[12.1390048,46.5196047],[12.1391737,46.519171],[12.1390723,46.5189498],[12.1393213,46.5188351],[12.1393561,46.5186763],[12.1394876,46.5186819],[12.1395037,46.5185564],[12.1393105,46.5185139],[12.1395117,46.5181374],[12.1398711,46.5182592],[12.1400669,46.5181928],[12.140606,46.5178162],[12.1412981,46.5173216],[12.1416477,46.5178098],[12.1420708,46.5178352],[12.1420424,46.5180284]]]},"properties":{"id":"223d69d6-9115-3a61-be13-917481238b11","version":0,"sources":[{"property":"","dataset":"OpenStreetMap","license":"ODbL-1.0","record_id":"w1181985518@4","update_time":"2024-06-10T21:23:20.000Z","confidence":null,"between":null}],"subtype":"residential","class":"residential","names":{"primary":"Manaigo","common":null,"rules":[{"variant":"official","language":null,"perspectives":null,"value":"Frazione Manaigo","between":null,"side":null}]},"source_tags":[["landuse","residential"],["official_name","Frazione Manaigo"],["place","hamlet"]]}}
{"type":"Feature","geometry":{"type":"Polygon","coordinates":[[[12.1486194,46.5140353],[12.1489906,46.5141339],[12.1490299,46.5140701],[12.1491086,46.5140693],[12.1492092,46.5140527],[12.1492593,46.5140029],[12.1495704,46.5140767],[12.1494953,46.5143056],[12.1496348,46.5144311],[12.1495597,46.514719],[12.149969,46.5144374],[12.1498923,46.5141948],[12.1501283,46.5141431],[12.1503429,46.514217],[12.1504824,46.5145492],[12.1503751,46.5148003],[12.1508257,46.5150661],[12.1508257,46.5153909],[12.1506004,46.515546],[12.1505897,46.5157084],[12.1499996,46.5154352],[12.14969,46.5154341],[12.1491751,46.5151978],[12.1489712,46.5147622],[12.1485941,46.5146452],[12.1487781,46.5154193],[12.1482722,46.5159077],[12.1474799,46.5157959],[12.1481665,46.5165194],[12.1478002,46.5168306],[12.1470062,46.5170521],[12.1469848,46.5171998],[12.1466951,46.5170078],[12.1463319,46.5170879],[12.1460406,46.5170078],[12.145869,46.5171112],[12.1458475,46.517281],[12.1468668,46.5173769],[12.1468131,46.5176944],[12.1463748,46.5175161],[12.1456544,46.5178125],[12.1461801,46.5178568],[12.1464591,46.5179823],[12.1468362,46.5179738],[12.1471473,46.518151],[12.1463303,46.5184401],[12.1459548,46.5184105],[12.1457402,46.5185877],[12.1453771,46.5186974],[12.1453019,46.5188524],[12.1451179,46.5188387],[12.1449034,46.5189273],[12.1450085,46.5190386],[12.1445724,46.5191977],[12.1446153,46.5189115],[12.1438656,46.5191523],[12.1435424,46.5188376],[12.1433254,46.5185953],[12.1435722,46.5183885],[12.1443232,46.5183073],[12.1449605,46.5182383],[12.1438404,46.5173549],[12.143614,46.516723],[12.1439252,46.5165975],[12.1436902,46.5163361],[12.1439749,46.515976],[12.14416,46.5156586],[12.1444804,46.515741],[12.1446186,46.5155423],[12.1447071,46.5156014],[12.1447581,46.5155866],[12.1449953,46.5153316],[12.1451604,46.5154242],[12.145202,46.5155349],[12.1451256,46.5156069],[12.1451953,46.5156429],[12.1452382,46.5156346],[12.1453134,46.5155955],[12.1456407,46.5154133],[12.1456291,46.5153877],[12.1459115,46.5153325],[12.145996,46.515275],[12.1460184,46.5152451],[12.145949,46.5151814],[12.145782,46.5150774],[12.1458151,46.5150742],[12.1465257,46.5147117],[12.1468378,46.5145466],[12.1472123,46.5147523],[12.147443,46.5146563],[12.1476227,46.5145566],[12.147848,46.5144422],[12.1481293,46.5143297],[12.1482784,46.5141093],[12.1486194,46.5140353]]]},"properties":{"id":"fba998da-3f47-3d72-918a-e852e1b1e89a","version":0,"sources":[{"property":"","dataset":"OpenStreetMap","license":"ODbL-1.0","record_id":"w666304030@5","update_time":"2024-06-05T23:37:57.000Z","confidence":null,"between":null}],"subtype":"agriculture","class":"meadow","source_tags":[["landuse","meadow"]]}}
{"type":"Feature","geometry":{"type":"Polygon","coordinates":[[[12.1428762,46.5208538],[12.1432473,46.5204984],[12.143477,46.5204847],[12.1439705,46.5206176],[12.1440969,46.5207435],[12.1440594,46.5210258],[12.1443169,46.5211421],[12.1446153,46.5212591],[12.1454092,46.5215101],[12.1451013,46.5220429],[12.1426002,46.5214663],[12.1428762,46.5208538]]]},"properties":{"id":"3736787a-6b7d-333f-bc19-d7ba9a471842","version":0,"sources":[{"property":"","dataset":"OpenStreetMap","license":"ODbL-1.0","record_id":"w666304081@2","update_time":"2024-06-10T22:25:36.000Z","confidence":null,"between":null}],"subtype":"residential","class":"residential","source_tags":[["landuse","residential"]]}}
{"type":"Feature","geometry":{"type":"Polygon","coordinates":[[[12.1438802,46.5191336],[12.143548,46.5188052],[12.1436121,46.5187589],[12.143816,46.5187165],[12.1438747,46.5187186],[12.1441131,46.5190503],[12.1438802,46.5191336]]]},"properties":{"id":"b119e5e6-3949-377b-b567-49be0bd3ff10","version":0,"sources":[{"property":"","dataset":"OpenStreetMap","license":"ODbL-1.0","record_id":"w1189408246@3","update_time":"2024-06-05T23:37:57.000Z","confidence":null,"between":null}],"subtype":"residential","class":"residential","names":{"primary":"Ca' Merisanda","common":null,"rules":null},"source_tags":[["landuse","residential"]]}}
{"type":"Feature","geometry":{"type":"Polygon","coordinates":[[[12.1414063,46.5201414],[12.1408636,46.5200123],[12.140956,46.519813],[12.1413627,46.5199614],[12.1414798,46.5200112],[12.1414063,46.5201414]]]},"properties":{"id":"86b9ab20-164e-37ec-95f4-43668b88e60b","version":0,"sources":[{"property":"","dataset":"OpenStreetMap","license":"ODbL-1.0","record_id":"w1189415711@2","update_time":"2024-06-04T02:44:43.000Z","confidence":null,"between":null}],"subtype":"residential","class":"residential","names":{"primary":"Villa Punta Nera","common":null,"rules":null},"source_tags":[["landuse","residential"]]}}
{"type":"Feature","geometry":{"type":"Polygon","coordinates":[[[12.1411218,46.5205908],[12.1414038,46.5203677],[12.1420236,46.5204906],[12.1419798,46.5205871],[12.1419009,46.5207791],[12.1411218,46.5205908]]]},"properties":{"id":"4fcf4a83-ccfd-3750-aaae-161a8ea6b650","version":0,"sources":[{"property":"","dataset":"OpenStreetMap","license":"ODbL-1.0","record_id":"w1189418201@2","update_time":"2024-01-01T17:34:12.000Z","confidence":null,"between":null}],"subtype":"residential","class":"residential","names":{"primary":"Ca' Miramonti","common":null,"rules":null},"source_tags":[["landuse","residential"]]}}
{"type":"Feature","geometry":{"type":"Polygon","coordinates":[[[12.1416406,46.5215985],[12.1412801,46.5215979],[12.1412353,46.5213173],[12.1416458,46.5213324],[12.1416406,46.5215985]]]},"properties":{"id":"318ddfba-5cc9-3dcf-8bf1-61760518f2ca","version":0,"sources":[{"property":"","dataset":"OpenStreetMap","license":"ODbL-1.0","record_id":"w1189422332@2","update_time":"2024-06-04T19:49:18.000Z","confidence":null,"between":null}],"subtype":"residential","class":"residential","names":{"primary":"La Marignana","common":null,"rules":null},"source_tags":[["landuse","residential"]]}}
{"type":"Feature","geometry":{"type":"Polygon","coordinates":[[[12.1412258,46.5230082],[12.1412996,46.5226764],[12.1416666,46.5227725],[12.1415027,46.523063],[12.1412258,46.5230082]]]},"properties":{"id":"f95d6e80-507a-3395-aa68-1a8c3175e68d","version":0,"sources":[{"property":"","dataset":"OpenStreetMap","license":"ODbL-1.0","record_id":"w1189431086@2","update_time":"2024-06-04T02:44:43.000Z","confidence":null,"between":null}],"subtype":"residential","class":"residential","names":{"primary":"La Serenella","common":null,"rules":null},"source_tags":[["landuse","residential"]]}}
{"type":"Feature","geometry":{"type":"Polygon","coordinates":[[[12.1416492,46.5230751],[12.1421662,46.5232412],[12.141954,46.5234399],[12.141897,46.5234739],[12.1416239,46.5235063],[12.1414563,46.5233909],[12.1416492,46.5230751]]]},"properties":{"id":"7f1cc180-8190-3494-bb57-7987ca00b027","version":0,"sources":[{"property":"","dataset":"OpenStreetMap","license":"ODbL-1.0","record_id":"w1189431090@2","update_time":"2024-06-04T19:49:18.000Z","confidence":null,"between":null}],"subtype":"residential","class":"residential","names":{"primary":"La Fontanella","common":null,"rules":null},"source_tags":[["landuse","residential"]]}}
{"type":"Feature","geometry":{"type":"MultiPolygon","coordinates":[[[[12.1457063,46.5194304],[12.145135,46.5194685],[12.144587,46.5195407],[12.14445,46.519645],[12.1445637,46.5197854],[12.1450038,46.5197432],[12.1452749,46.5197051],[12.1456592,46.519747],[12.1461698,46.5197292],[12.1465166,46.5197031],[12.1466932,46.5196683],[12.1468715,46.5197196],[12.1468781,46.5198275],[12.1470734,46.5199358],[12.1474509,46.519998],[12.147791,46.5201113],[12.1482148,46.5202996],[12.1481227,46.5203289],[12.1480382,46.5204031],[12.14784,46.5204412],[12.147461,46.5204051],[12.1468023,46.5202086],[12.1460765,46.5201043],[12.1452749,46.519994],[12.1444325,46.5199579],[12.1439457,46.5197733],[12.1439457,46.5196329],[12.1440303,46.5194965],[12.144074,46.5194103],[12.1442431,46.519292],[12.1445724,46.5191977],[12.1450085,46.5190386],[12.1455285,46.5190788],[12.1461245,46.5190064],[12.1465254,46.5189309],[12.1467498,46.518957],[12.1468577,46.5191215],[12.1474057,46.5192679],[12.1480557,46.5194223],[12.1484055,46.5194183],[12.1487407,46.5196249],[12.1492041,46.5198415],[12.1497579,46.520008],[12.1499503,46.5201063],[12.1499299,46.5201845],[12.1498017,46.5202868],[12.1495597,46.5203369],[12.1495524,46.5205976],[12.1493798,46.5207933],[12.1492711,46.5209758],[12.1490793,46.5210539],[12.1490285,46.5208823],[12.149191,46.5206704],[12.1492275,46.520515],[12.1492003,46.5204456],[12.1492811,46.5203102],[12.1492748,46.5202269],[12.1490603,46.5202047],[12.1489283,46.5201445],[12.1488028,46.5200792],[12.1487062,46.5201087],[12.1485667,46.5201899],[12.148283,46.5200802],[12.1477875,46.5198796],[12.1471258,46.5196751],[12.1466565,46.5195186],[12.1461989,46.5194183],[12.1457063,46.5194304]]],[[[12.1498182,46.5212276],[12.1501783,46.5210492],[12.1504328,46.5213432],[12.1507641,46.5220733],[12.1509225,46.5224896],[12.1511859,46.5227869],[12.1514171,46.5230479],[12.1511338,46.523223],[12.1510641,46.523235],[12.1506744,46.5231276],[12.1504369,46.523107],[12.1502534,46.5231055],[12.1497894,46.5232362],[12.1496934,46.5229157],[12.149799,46.5225127],[12.1498518,46.5220832],[12.1496406,46.5216174],[12.1498182,46.5212276]]],[[[12.1488003,46.5215546],[12.1485699,46.5216405],[12.148421,46.5215018],[12.1481851,46.5218985],[12.1478055,46.5222794],[12.1478609,46.522459],[12.1484303,46.5225678],[12.1489285,46.5225134],[12.1492686,46.5226114],[12.1490867,46.5228998],[12.1488653,46.5228998],[12.1483987,46.5232916],[12.1474734,46.523667],[12.1471807,46.5239446],[12.1468486,46.5240588],[12.1466034,46.52432],[12.1462633,46.5243146],[12.1461447,46.5241622],[12.1464452,46.5237541],[12.146896,46.5233351],[12.1470068,46.5230195],[12.1468407,46.5228834],[12.1465718,46.522927],[12.1460103,46.5232154],[12.1452194,46.5239173],[12.1451957,46.5242602],[12.1451799,46.5245649],[12.144998,46.5247336],[12.1445076,46.5247227],[12.1441043,46.5246139],[12.144128,46.5243472],[12.1443732,46.5239391],[12.1451087,46.5233405],[12.1456603,46.5231503],[12.146174,46.5228166],[12.1465581,46.5224763],[12.1468126,46.5219279],[12.1470431,46.5218123],[12.147384,46.5219478],[12.1476048,46.521591],[12.1479505,46.5211218],[12.1484547,46.5206197],[12.1488772,46.5204842],[12.1490068,46.5206065],[12.1487475,46.5210822],[12.1488244,46.5211912],[12.1488772,46.5214159],[12.1488003,46.5215546]]],[[[12.1495582,46.5248176],[12.1490125,46.5253944],[12.1481347,46.5261399],[12.1478104,46.525944],[12.1478025,46.5256719],[12.1480793,46.5253836],[12.1485617,46.5250625],[12.1492735,46.5242354],[12.1496373,46.5238164],[12.1499299,46.5239525],[12.1499299,46.5241103],[12.1495582,46.5248176]]]]},"properties":{"id":"a3092137-c513-3fc5-a585-3161d4ba8f1a","version":0,"sources":[{"property":"","dataset":"OpenStreetMap","license":"ODbL-1.0","record_id":"r3338413@4","update_time":"2024-07-17T20:07:35.000Z","confidence":null,"between":null}],"subtype":"golf","class":"golf_course","names":{"primary":"Cortina Golf","common":null,"rules":null},"source_tags":[["description","9 hole Par 34"],["leisure","golf_course"],["phone","+39 0436 860952"],["type","multipolygon"],["website","https://www.cortinagolf.it/"]]}}
{"type":"Feature","geometry":{"type":"Polygon","coordinates":[[[12.1454092,46.5215101],[12.14573,46.5210014],[12.1463523,46.52078],[12.1473608,46.5208686],[12.1470389,46.5217249],[12.147384,46.5219478],[12.1470431,46.5218123],[12.1468126,46.5219279],[12.1465581,46.5224763],[12.146174,46.5228166],[12.1456603,46.5231503],[12.1451087,46.5233405],[12.1443732,46.5239391],[12.144128,46.5243472],[12.1441043,46.5246139],[12.1445076,46.5247227],[12.144998,46.5247336],[12.1451799,46.5245649],[12.1454494,46.5249441],[12.1460288,46.5252984],[12.1459859,46.5261842],[12.1462863,46.5262137],[12.1466081,46.5259332],[12.1471231,46.5259775],[12.1474879,46.5264204],[12.1474375,46.5268168],[12.1467798,46.5266419],[12.1469307,46.5268373],[12.1470863,46.5269407],[12.1472204,46.5270551],[12.1474349,46.527103],[12.1476495,46.5271141],[12.1477568,46.5272876],[12.1479607,46.5274869],[12.1481591,46.5275533],[12.1483093,46.5274463],[12.1484971,46.5275164],[12.1486205,46.5276308],[12.1486902,46.5277711],[12.1488243,46.5278855],[12.1489692,46.5279925],[12.1489209,46.5281328],[12.1487331,46.5280922],[12.1485722,46.5279999],[12.1484113,46.5279039],[12.1482074,46.527856],[12.148025,46.5277821],[12.1477944,46.5276604],[12.1475798,46.5276345],[12.1473759,46.5276382],[12.1471721,46.5275939],[12.146979,46.5275275],[12.1467,46.5273651],[12.1465015,46.5273097],[12.1463138,46.5272396],[12.1461099,46.5272212],[12.1459061,46.5271842],[12.1456969,46.5272064],[12.1455038,46.5272581],[12.1453482,46.5273577],[12.1453911,46.5275016],[12.1453321,46.5276419],[12.1454233,46.5277711],[12.1456164,46.5278301],[12.1458203,46.527867],[12.1460241,46.5279261],[12.1462923,46.5280479],[12.1464908,46.5280995],[12.1466786,46.5281623],[12.1467966,46.5282804],[12.1467215,46.5284169],[12.1465176,46.5284465],[12.1463674,46.528476],[12.1463621,46.5286716],[12.1463835,46.5288155],[12.1464962,46.528941],[12.1466947,46.5289927],[12.1468985,46.5289373],[12.1471131,46.5289004],[12.1473277,46.5288857],[12.1475315,46.5289226],[12.1476656,46.5290444],[12.1475851,46.5291219],[12.1473062,46.5292252],[12.1472204,46.5293544],[12.1473384,46.5294245],[12.1475422,46.5294651],[12.1477085,46.5293691],[12.1478856,46.5292879],[12.1480948,46.52924],[12.1483147,46.5292621],[12.1485078,46.5293322],[12.148717,46.5293138],[12.1488565,46.5292031],[12.1490657,46.5291846],[12.1492749,46.5292326],[12.1494144,46.529347],[12.1493608,46.5294872],[12.1491945,46.5295795],[12.1490228,46.5296681],[12.1490443,46.529812],[12.1491086,46.5299523],[12.1489638,46.5300519],[12.148776,46.5301294],[12.1485615,46.5301257],[12.1483791,46.5302106],[12.1482396,46.5303213],[12.1481001,46.5302143],[12.1479928,46.5300851],[12.1478426,46.5299781],[12.1476549,46.5300408],[12.1474457,46.5300445],[12.1473759,46.5300851],[12.1474135,46.53017],[12.1473062,46.530277],[12.1471077,46.5303139],[12.1469039,46.5302881],[12.1467322,46.5302106],[12.1465498,46.5301368],[12.146346,46.5301036],[12.1461368,46.5300999],[12.1459222,46.5300851],[12.1457183,46.5300519],[12.1455574,46.5299523],[12.1455949,46.5298046],[12.1457183,46.5296828],[12.1458739,46.5295721],[12.1460348,46.5294688],[12.1461743,46.5293581],[12.1462226,46.5292178],[12.1461904,46.5290739],[12.1460617,46.5291034],[12.1459383,46.5292178],[12.1457773,46.5293101],[12.1455896,46.5293654],[12.1454233,46.5294466],[12.1452463,46.5295611],[12.145139,46.5296865],[12.1451014,46.5298268],[12.1450746,46.5299744],[12.1450692,46.530122],[12.1451122,46.530266],[12.1452945,46.5303398],[12.1455091,46.5303545],[12.1457022,46.5304099],[12.1459114,46.5304062],[12.1461099,46.5304689],[12.1461475,46.5306129],[12.1460938,46.5307531],[12.1459436,46.5308528],[12.1457176,46.5308991],[12.1455976,46.5310041],[12.1454313,46.5310188],[12.1452355,46.5310539],[12.1452033,46.5310779],[12.1452114,46.5311701],[12.1451712,46.5312366],[12.1450907,46.531279],[12.1450075,46.5313233],[12.1449915,46.5313953],[12.1449351,46.5314561],[12.1448466,46.5314709],[12.1448171,46.5313897],[12.14497,46.5313602],[12.1449485,46.5312439],[12.1449378,46.531172],[12.1448413,46.531172],[12.1447366,46.5311904],[12.1446428,46.5312126],[12.1446615,46.531327],[12.144632,46.5313768],[12.1445194,46.5313713],[12.1444362,46.5314137],[12.1443504,46.5314543],[12.1443531,46.5313842],[12.1443504,46.5313122],[12.144337,46.5312384],[12.1442941,46.5311701],[12.1442646,46.5311369],[12.144278,46.530945],[12.1440312,46.5309339],[12.143991,46.5309173],[12.1440446,46.5308214],[12.1440822,46.5307476],[12.1441063,46.5306719],[12.1441224,46.5305999],[12.1441251,46.530528],[12.1441305,46.5304542],[12.1440876,46.530408],[12.1439266,46.5303933],[12.143822,46.5303896],[12.1437362,46.530349],[12.1436664,46.5302936],[12.1435618,46.5302789],[12.1434572,46.530301],[12.1433553,46.5303213],[12.1432534,46.5303139],[12.1431541,46.5302881],[12.1430495,46.5302899],[12.1429449,46.5302899],[12.1428376,46.53048],[12.1427089,46.5307125],[12.1428752,46.5307513],[12.1428779,46.5307697],[12.142835,46.5308361],[12.1427786,46.5308952],[12.1427438,46.5309653],[12.1427304,46.531041],[12.1427518,46.5311129],[12.1426955,46.5311757],[12.1425936,46.5311886],[12.1424943,46.5312033],[12.1423924,46.5312218],[12.1423066,46.531351],[12.142242,46.5313361],[12.1421964,46.531683],[12.1419679,46.5316767],[12.1416519,46.5318085],[12.1415876,46.5307973],[12.1418391,46.5307984],[12.1423541,46.5305622],[12.1425113,46.5305082],[12.1427296,46.5302817],[12.1428108,46.5300537],[12.1430202,46.5301013],[12.1433042,46.529513],[12.1444616,46.5297745],[12.1447942,46.5296195],[12.1447631,46.5294394],[12.144247,46.5291618],[12.1443339,46.5289375],[12.1448264,46.5286894],[12.1450088,46.5281949],[12.1452566,46.5279557],[12.144688,46.5276974],[12.144924,46.5274169],[12.1447298,46.5272427],[12.1449873,46.5270065],[12.1450206,46.5266566],[12.1448976,46.5264904],[12.1441868,46.526387],[12.1442485,46.52628],[12.1439427,46.5262357],[12.1438431,46.526437],[12.1435078,46.5264794],[12.1433898,46.5262284],[12.1433565,46.5261059],[12.1436355,46.5258697],[12.1435497,46.5252422],[12.1434971,46.5250695],[12.1427353,46.5247373],[12.1420487,46.5245971],[12.1422633,46.5242501],[12.1418341,46.5240508],[12.1421442,46.5236773],[12.1417805,46.5235488],[12.1422052,46.5234766],[12.1422157,46.5231925],[12.1417483,46.5230247],[12.1418974,46.5227988],[12.1422729,46.5229169],[12.1424982,46.5225552],[12.1420487,46.5224637],[12.1421013,46.5221049],[12.1420487,46.5214966],[12.142112,46.5211452],[12.142392,46.5199315],[12.1424535,46.5195717],[12.1424993,46.519304],[12.1425261,46.5183203],[12.142572,46.5175683],[12.1426298,46.5173234],[12.1427758,46.5170534],[12.1430025,46.516782],[12.1436902,46.5163361],[12.1439252,46.5165975],[12.143614,46.516723],[12.1438404,46.5173549],[12.1449605,46.5182383],[12.1443232,46.5183073],[12.1435722,46.5183885],[12.1433254,46.5185953],[12.1435424,46.5188376],[12.1430489,46.5191182],[12.1429845,46.5196645],[12.1426401,46.5204256],[12.1428762,46.5208538],[12.1426002,46.5214663],[12.1451013,46.5220429],[12.1454092,46.5215101]]]},"properties":{"id":"72dbea49-6738-3d73-bc99-67bfb4882cd2","version":0,"sources":[{"property":"","dataset":"OpenStreetMap","license":"ODbL-1.0","record_id":"w666304115@7","update_time":"2024-06-05T23:37:57.000Z","confidence":null,"between":null}],"subtype":"agriculture","class":"meadow","source_tags":[["landuse","meadow"]]}}
{"type":"Feature","geometry":{"type":"Polygon","coordinates":[[[12.1403654,46.5267445],[12.1404827,46.5266583],[12.1409005,46.5267752],[12.1412057,46.5268768],[12.1411908,46.5269563],[12.1411894,46.5270984],[12.1410346,46.5271714],[12.1408375,46.5270433],[12.1403654,46.5267445]]]},"properties":{"id":"ab30bdea-05cc-39fb-9c0c-8422ca8ced66","version":0,"sources":[{"property":"","dataset":"OpenStreetMap","license":"ODbL-1.0","record_id":"w1191421553@2","update_time":"2024-06-05T23:37:57.000Z","confidence":null,"between":null}],"subtype":"residential","class":"residential","names":{"primary":"Villa Dora","common":null,"rules":null},"source_tags":[["landuse","residential"]]}}
{"type":"Feature","geometry":{"type":"Polygon","coordinates":[[[12.1385775,46.526392],[12.1384147,46.526495],[12.1381544,46.5264794],[12.1378754,46.5263761],[12.1377707,46.5261033],[12.1380204,46.5261025],[12.138522,46.526101],[12.1385164,46.5262259],[12.1385775,46.526392]]]},"properties":{"id":"930a5193-593a-395d-adba-aa3fb335facb","version":0,"sources":[{"property":"","dataset":"OpenStreetMap","license":"ODbL-1.0","record_id":"w1236149267@3","update_time":"2024-06-10T21:23:20.000Z","confidence":null,"between":null}],"subtype":"residential","class":"residential","source_tags":[["landuse","residential"]]}}
{"type":"Feature","geometry":{"type":"Polygon","coordinates":[[[12.138522,46.526101],[12.1380204,46.5261025],[12.1379976,46.5258251],[12.1380365,46.5257319],[12.1381022,46.5257448],[12.1382645,46.5257928],[12.13842,46.5258214],[12.1385407,46.5258417],[12.138522,46.526101]]]},"properties":{"id":"f90a7e0d-4219-3120-ba86-804c624d148f","version":0,"sources":[{"property":"","dataset":"OpenStreetMap","license":"ODbL-1.0","record_id":"w1284740937@1","update_time":"2024-05-19T23:46:16.000Z","confidence":null,"between":null}],"subtype":"residential","class":"residential","source_tags":[["landuse","residential"]]}}
{"type":"Feature","geometry":{"type":"Polygon","coordinates":[[[12.1371313,46.5255562],[12.136944,46.5258447],[12.1365672,46.5257408],[12.1367315,46.525433],[12.1368556,46.5254714],[12.1371313,46.5255562]]]},"properties":{"id":"50d422a5-63ee-36d2-9738-5f6f8550f454","version":0,"sources":[{"property":"","dataset":"OpenStreetMap","license":"ODbL-1.0","record_id":"w112800162@3","update_time":"2024-05-19T23:46:16.000Z","confidence":null,"between":null}],"subtype":"residential","class":"residential","names":{"primary":"Is Morus","common":null,"rules":null},"source_tags":[["landuse","residential"]]}}
{"type":"Feature","geometry":{"type":"Polygon","coordinates":[[[12.1368556,46.5254714],[12.1369734,46.525268],[12.1372152,46.5252676],[12.1373027,46.5253089],[12.1371313,46.5255562],[12.1368556,46.5254714]]]},"properties":{"id":"0bbf89b7-58db-3920-a034-e4303c958a68","version":0,"sources":[{"property":"","dataset":"OpenStreetMap","license":"ODbL-1.0","record_id":"w112800821@3","update_time":"2024-05-19T23:46:16.000Z","confidence":null,"between":null}],"subtype":"residential","class":"residential","names":{"primary":"Riva del Sole","common":null,"rules":null},"source_tags":[["landuse","residential"]]}}
{"type":"Feature","geometry":{"type":"Polygon","coordinates":[[[12.1399616,46.5286357],[12.1391197,46.5285536],[12.1385286,46.528158],[12.1403106,46.5277343],[12.1400853,46.527535],[12.1383902,46.5279336],[12.1364697,46.5275867],[12.1359322,46.5269327],[12.1354719,46.5263908],[12.135429,46.5254534],[12.1354172,46.5247624],[12.1350428,46.5244125],[12.1347413,46.5242752],[12.1357294,46.5240139],[12.1358367,46.5244937],[12.1363302,46.5244125],[12.1364053,46.5239179],[12.1361371,46.5237481],[12.1369809,46.5235609],[12.1375844,46.5234115],[12.1378097,46.5230572],[12.1376821,46.5229066],[12.1364092,46.5224588],[12.1355792,46.5227294],[12.1352241,46.5225552],[12.1359536,46.5219941],[12.136577,46.5220281],[12.1368559,46.5223677],[12.1372207,46.5222717],[12.1370705,46.5219248],[12.1362122,46.521755],[12.1369085,46.5211009],[12.1381649,46.5212751],[12.1396347,46.5223529],[12.1398267,46.5222673],[12.1386047,46.5213489],[12.1385725,46.5211791],[12.1391925,46.5210701],[12.1395788,46.5210517],[12.1400625,46.5210887],[12.1400481,46.5212953],[12.1402597,46.5213332],[12.1410284,46.5213224],[12.1411571,46.5219129],[12.1411679,46.5226216],[12.1409758,46.523416],[12.1401068,46.5249809],[12.1394482,46.5247303],[12.1370694,46.5238249],[12.1365019,46.5246561],[12.136529,46.5250031],[12.1366324,46.5251534],[12.1367503,46.5252513],[12.1367812,46.5252825],[12.1367772,46.5253296],[12.1367315,46.525433],[12.1365672,46.5257408],[12.136944,46.5258447],[12.1371313,46.5255562],[12.1373027,46.5253089],[12.1379507,46.5252862],[12.1379225,46.525373],[12.1378353,46.5255381],[12.1377495,46.5256203],[12.1376244,46.5257223],[12.1377707,46.5261033],[12.1378754,46.5263761],[12.1381544,46.5264794],[12.1384147,46.526495],[12.1385775,46.526392],[12.1387069,46.5263687],[12.1388498,46.526433],[12.1394204,46.5266898],[12.1398066,46.5265053],[12.1405308,46.5271696],[12.140657,46.5271086],[12.1411088,46.5274088],[12.1412604,46.5276014],[12.1412765,46.5277786],[12.1412336,46.5279225],[12.140895,46.5287379],[12.1399616,46.5286357]]]},"properties":{"id":"55a5f1a4-956e-353f-9cd6-9e860b69c0c7","version":0,"sources":[{"property":"","dataset":"OpenStreetMap","license":"ODbL-1.0","record_id":"w666304122@6","update_time":"2024-06-12T08:06:26.000Z","confidence":null,"between":null}],"subtype":"agriculture","class":"meadow","source_tags":[["landuse","meadow"]]}}
{"type":"Feature","geometry":{"type":"Polygon","coordinates":[[[12.1380365,46.5257319],[12.1379976,46.5258251],[12.1380204,46.5261025],[12.1377707,46.5261033],[12.1376244,46.5257223],[12.1377495,46.5256203],[12.1378353,46.5255381],[12.1379225,46.525373],[12.1379507,46.5252862],[12.1380875,46.5253204],[12.1381827,46.5253693],[12.1380365,46.5257319]]]},"properties":{"id":"1d474052-7ba6-3e79-89eb-0c56d19edf17","version":0,"sources":[{"property":"","dataset":"OpenStreetMap","license":"ODbL-1.0","record_id":"w1284740936@1","update_time":"2024-05-19T23:46:16.000Z","confidence":null,"between":null}],"subtype":"residential","class":"residential","source_tags":[["landuse","residential"]]}}
{"type":"Feature","geometry":{"type":"Polygon","coordinates":[[[12.1385407,46.5258417],[12.13842,46.5258214],[12.1382645,46.5257928],[12.1381022,46.5257448],[12.1381306,46.5256997],[12.1381156,46.5256876],[12.1381089,46.5256535],[12.1381532,46.5255381],[12.1382175,46.5254126],[12.138239,46.5254043],[12.138522,46.5255916],[12.1385515,46.5256295],[12.1385568,46.5256701],[12.1385407,46.5258417]]]},"properties":{"id":"4a47fe3c-f2b2-3c70-b352-e447373da949","version":0,"sources":[{"property":"","dataset":"OpenStreetMap","license":"ODbL-1.0","record_id":"w1284740935@3","update_time":"2024-06-12T08:06:26.000Z","confidence":null,"between":null}],"subtype":"residential","class":"residential","names":{"primary":"Villa Angelina","common":null,"rules":null},"source_tags":[["landuse","residential"]]}}
{"type":"Feature","geometry":{"type":"Polygon","coordinates":[[[12.1388498,46.526433],[12.1387069,46.5263687],[12.1385775,46.526392],[12.1384147,46.526495],[12.1381544,46.5264794],[12.1378754,46.5263761],[12.1377707,46.5261033],[12.1376244,46.5257223],[12.1377495,46.5256203],[12.1378353,46.5255381],[12.1379225,46.525373],[12.1379507,46.5252862],[12.1373027,46.5253089],[12.1371313,46.5255562],[12.136944,46.5258447],[12.1365672,46.5257408],[12.1367315,46.525433],[12.1367772,46.5253296],[12.1367812,46.5252825],[12.1367503,46.5252513],[12.1366324,46.5251534],[12.136529,46.5250031],[12.1365019,46.5246561],[12.1370694,46.5238249],[12.1394482,46.5247303],[12.1388498,46.526433]]]},"properties":{"id":"67ec0176-780a-335e-8339-599f5be1c0c0","version":0,"sources":[{"property":"","dataset":"OpenStreetMap","license":"ODbL-1.0","record_id":"w1291671243@1","update_time":"2024-06-12T08:06:26.000Z","confidence":null,"between":null}],"subtype":"residential","class":"residential","names":{"primary":"Done\u00e0","common":null,"rules":[{"variant":"official","language":null,"perspectives":null,"value":"Localit\u00e0 Done\u00e0","between":null,"side":null}]},"source_tags":[["landuse","residential"],["official_name","Localit\u00e0 Done\u00e0"],["place","hamlet"]]}}
{"type":"Feature","geometry":{"type":"Polygon","coordinates":[[[12.1354626,46.5228828],[12.1346233,46.5239873],[12.1345398,46.5236874],[12.1351825,46.5227366],[12.1354626,46.5228828]]]},"properties":{"id":"df6ba3e9-8a05-324d-a676-7b0bdc5987c5","version":0,"sources":[{"property":"","dataset":"OpenStreetMap","license":"ODbL-1.0","record_id":"w666314100@1","update_time":"2019-01-26T16:20:11.000Z","confidence":null,"between":null}],"subtype":"agriculture","class":"meadow","source_tags":[["landuse","meadow"]]}}
{"type":"Feature","geometry":{"type":"Polygon","coordinates":[[[12.1347413,46.5242752],[12.1346233,46.5239873],[12.1354626,46.5228828],[12.1355792,46.5227294],[12.1364092,46.5224588],[12.1376821,46.5229066],[12.1378097,46.5230572],[12.1375844,46.5234115],[12.1369809,46.5235609],[12.1361371,46.5237481],[12.1364053,46.5239179],[12.1363302,46.5244125],[12.1358367,46.5244937],[12.1357294,46.5240139],[12.1347413,46.5242752]]]},"properties":{"id":"51bed627-3cfc-3c06-bcbb-224e033b5f83","version":0,"sources":[{"property":"","dataset":"OpenStreetMap","license":"ODbL-1.0","record_id":"w666304103@2","update_time":"2023-07-13T17:21:18.000Z","confidence":null,"between":null}],"subtype":"residential","class":"residential","source_tags":[["landuse","residential"]]}}
{"type":"Feature","geometry":{"type":"Polygon","coordinates":[[[12.1322467,46.5246415],[12.1316214,46.5248476],[12.1312957,46.5253047],[12.1308137,46.5256274],[12.1303969,46.5254213],[12.1307225,46.524758],[12.1307877,46.5242112],[12.1307616,46.5236017],[12.1308239,46.5231899],[12.1309961,46.5229922],[12.1308658,46.5226247],[12.1310873,46.52232],[12.1313478,46.5222035],[12.1317256,46.522311],[12.1318959,46.5223752],[12.1319662,46.5224017],[12.1320215,46.5224225],[12.131921,46.5228578],[12.1323639,46.5229295],[12.1325701,46.5231451],[12.1326896,46.5232701],[12.1330934,46.5238348],[12.1330413,46.5242471],[12.1322467,46.5246415]]]},"properties":{"id":"f79fc3fc-f27b-367f-a245-fcf31c00e4d1","version":0,"sources":[{"property":"","dataset":"OpenStreetMap","license":"ODbL-1.0","record_id":"w424124626@5","update_time":"2023-09-04T23:25:15.000Z","confidence":null,"between":null}],"subtype":"residential","class":"residential","source_tags":[["landuse","residential"]]}}
{"type":"Feature","geometry":{"type":"Polygon","coordinates":[[[12.1338691,46.5217477],[12.1341687,46.5221942],[12.1341362,46.5223205],[12.1342759,46.5224267],[12.1342379,46.5224797],[12.1341896,46.5229116],[12.134152,46.5235612],[12.1342271,46.5241222],[12.1347743,46.5250265],[12.1345817,46.5251062],[12.1333045,46.5241813],[12.1337395,46.5239768],[12.1336317,46.5236793],[12.1332508,46.5238159],[12.132672,46.5231502],[12.1326505,46.5230099],[12.1328914,46.5229669],[12.132933,46.5227322],[12.1330743,46.522412],[12.1332849,46.5220814],[12.1335303,46.5218952],[12.1338691,46.5217477]]]},"properties":{"id":"8be4ad71-b900-33f4-8be6-303b72a542e6","version":0,"sources":[{"property":"","dataset":"OpenStreetMap","license":"ODbL-1.0","record_id":"w306401435@9","update_time":"2025-09-20T15:09:34.000Z","confidence":null,"between":null}],"subtype":"campground","class":"camp_site","names":{"primary":"Camping Rocchetta","common":null,"rules":null},"source_tags":[["camp_site","serviced"],["caravans","yes"],["check_date","2025-09-20"],["contact:email","camping@sunrise.it"],["drinking_water","yes"],["dryer","yes"],["ele","1224"],["fee","yes"],["internet_access","wlan"],["internet_access:fee","customers"],["operator","Famiglia Dadi\u00e9"],["payment:cash","yes"],["payment:credit_cards","yes"],["payment:debit_cards","yes"],["phone","+39 0436 5063"],["picnic_table","yes"],["power_supply","yes"],["reservation","yes"],["shower","yes"],["static_caravans","yes"],["tents","yes"],["toilets","yes"],["tourism","camp_site"],["washing_machine","yes"],["website","https://www.campingrocchetta.it/"]],"elevation":1224}}
{"type":"Feature","geometry":{"type":"Polygon","coordinates":[[[12.1338526,46.5224387],[12.133785,46.5224276],[12.1337646,46.5222777],[12.1338546,46.5221602],[12.1339508,46.5221202],[12.1339334,46.5223096],[12.1338526,46.5224387]]]},"properties":{"id":"8b6aeb1d-2a11-360c-b89a-ebc719d64716","version":0,"sources":[{"property":"","dataset":"OpenStreetMap","license":"ODbL-1.0","record_id":"w1427257180@1","update_time":"2025-09-05T07:22:01.000Z","confidence":null,"between":null}],"subtype":"recreation","class":"playground","source_tags":[["access","customers"],["leisure","playground"],["max_age","12"],["min_age","3"]]}}
{"type":"Feature","geometry":{"type":"Polygon","coordinates":[[[12.1326448,46.5217379],[12.1332849,46.5220814],[12.1330743,46.522412],[12.132933,46.5227322],[12.1328914,46.5229669],[12.1326505,46.5230099],[12.132672,46.5231502],[12.1325701,46.5231451],[12.1323639,46.5229295],[12.131921,46.5228578],[12.1320215,46.5224225],[12.1319662,46.5224017],[12.132086,46.5222587],[12.1322818,46.5220418],[12.1326448,46.5217379]]]},"properties":{"id":"a3a078f0-fcb2-35ca-83be-ba197748a268","version":0,"sources":[{"property":"","dataset":"OpenStreetMap","license":"ODbL-1.0","record_id":"w1205085320@1","update_time":"2023-09-04T23:25:15.000Z","confidence":null,"between":null}],"subtype":"agriculture","class":"meadow","source_tags":[["landuse","meadow"]]}}
{"type":"Feature","geometry":{"type":"Polygon","coordinates":[[[12.1394138,46.5322699],[12.1393467,46.5323861],[12.1389954,46.5322265],[12.1388946,46.5322292],[12.1387015,46.5323178],[12.1384337,46.5322664],[12.1386383,46.5320284],[12.1382627,46.5315339],[12.1378121,46.5318956],[12.1375225,46.5318587],[12.1374356,46.5311221],[12.1374785,46.5308047],[12.1377263,46.5302865],[12.138326,46.5296606],[12.1385739,46.5299101],[12.139003,46.5296886],[12.1386908,46.528856],[12.1391092,46.5288118],[12.1391951,46.5292177],[12.1397868,46.5292467],[12.1397424,46.5294761],[12.1397405,46.5296658],[12.1397389,46.5298269],[12.1397556,46.5303286],[12.1395754,46.5303334],[12.1388195,46.5320594],[12.1394138,46.5322699]]]},"properties":{"id":"4b20bdf0-c783-336b-b941-35e953c6f919","version":0,"sources":[{"property":"","dataset":"OpenStreetMap","license":"ODbL-1.0","record_id":"w666314132@3","update_time":"2024-06-04T02:44:43.000Z","confidence":null,"between":null}],"subtype":"agriculture","class":"meadow","source_tags":[["landuse","meadow"]]}}
{"type":"Feature","geometry":{"type":"Polygon","coordinates":[[[12.1245047,46.5401407],[12.1246801,46.540054],[12.1248507,46.5396758],[12.1248721,46.5394102],[12.1260055,46.539231],[12.1261865,46.5389123],[12.1263528,46.5386374],[12.1264949,46.5386816],[12.1265325,46.5386115],[12.1267632,46.5386152],[12.1267873,46.5385267],[12.1267793,46.5384344],[12.1266076,46.5384123],[12.126672,46.538272],[12.1267685,46.5380636],[12.1267524,46.5379879],[12.1265835,46.5379584],[12.1266183,46.5378606],[12.1267498,46.5378827],[12.1268544,46.5379436],[12.126959,46.5379492],[12.1269429,46.5378994],[12.1268678,46.5378163],[12.1267685,46.5377997],[12.1266586,46.5377536],[12.1265727,46.5377296],[12.1264842,46.5377444],[12.1263581,46.5377019],[12.1262214,46.5376503],[12.1261463,46.5376577],[12.1260175,46.5377591],[12.1258378,46.5376816],[12.1259424,46.5375451],[12.125642,46.5374492],[12.1255012,46.5375821],[12.1256165,46.5376503],[12.1255763,46.5377176],[12.1256568,46.537749],[12.125697,46.5377767],[12.1255374,46.5379565],[12.125579,46.5379768],[12.1256031,46.5379861],[12.1257734,46.537975],[12.1258338,46.5379778],[12.1257801,46.5380608],[12.1256782,46.5382471],[12.1256152,46.5383108],[12.1255039,46.5384704],[12.1254744,46.5384713],[12.1253939,46.5385488],[12.1252571,46.5385765],[12.1252209,46.5386069],[12.1252035,46.5386853],[12.1252035,46.5387453],[12.1250734,46.5387471],[12.1250305,46.5387674],[12.1250358,46.5388062],[12.1249741,46.5388016],[12.1249554,46.5388726],[12.1247797,46.5388689],[12.124785,46.5387979],[12.1246402,46.5387868],[12.1245758,46.5387905],[12.124541,46.538879],[12.1243384,46.5388864],[12.1243304,46.5388634],[12.1242606,46.538835],[12.1240877,46.538975],[12.1241698,46.5390273],[12.1239455,46.5391512],[12.1238878,46.5391475],[12.1238449,46.5389824],[12.123853,46.5388145],[12.1239066,46.5387056],[12.124034,46.5385882],[12.1241494,46.5385368],[12.1242781,46.5384095],[12.1245559,46.5382572],[12.1247102,46.538374],[12.124958,46.5381484],[12.1251045,46.5379494],[12.1248078,46.5378624],[12.124781,46.5378403],[12.1249554,46.5376374],[12.1250465,46.5376447],[12.1251324,46.5375285],[12.1250251,46.5374934],[12.1250197,46.5373385],[12.1249688,46.5372407],[12.1248883,46.5371355],[12.1242312,46.5364916],[12.1242303,46.5364352],[12.1243036,46.5360743],[12.1244381,46.5356162],[12.1247609,46.5353489],[12.1253077,46.5352356],[12.1254922,46.5351041],[12.125782,46.5350543],[12.1261509,46.5348186],[12.1259533,46.5346736],[12.125176,46.534864],[12.1248597,46.5348277],[12.1246226,46.5349818],[12.1242405,46.5350634],[12.1241127,46.5350785],[12.1241493,46.534951],[12.1233156,46.5338757],[12.1222734,46.5335082],[12.1220947,46.5334917],[12.1219765,46.5332125],[12.1217501,46.5329155],[12.1215025,46.5327597],[12.1216656,46.5326626],[12.1234894,46.5316141],[12.122812,46.5312377],[12.1229032,46.5305028],[12.1234764,46.5304042],[12.124297,46.5296783],[12.1240886,46.5292929],[12.1232419,46.5291764],[12.1221216,46.5293646],[12.1215223,46.5303057],[12.121353,46.5317396],[12.1212029,46.5297199],[12.1212137,46.529432],[12.1213102,46.5290869],[12.1219109,46.5281105],[12.1226774,46.5282297],[12.1230159,46.5277931],[12.1235095,46.5280072],[12.1240293,46.5275949],[12.1240722,46.5273587],[12.1243785,46.5273207],[12.125033,46.5280884],[12.1254669,46.528178],[12.1260522,46.5276455],[12.1258961,46.5274325],[12.125306,46.5271815],[12.1251295,46.5268261],[12.1257625,46.5265681],[12.12602,46.5273207],[12.1262931,46.5276318],[12.1267603,46.5276824],[12.1283637,46.5274104],[12.1277366,46.5280736],[12.1273874,46.5291155],[12.1277688,46.5288191],[12.1280478,46.5281991],[12.1286164,46.5273355],[12.1284984,46.5271214],[12.1288632,46.5269885],[12.1292065,46.52721],[12.1302579,46.5266641],[12.1300541,46.5261917],[12.1301652,46.5259658],[12.1302542,46.5256553],[12.1303969,46.5254213],[12.1308137,46.5256274],[12.1312957,46.5253047],[12.1316214,46.5248476],[12.1322467,46.5246415],[12.1330413,46.5242471],[12.1330934,46.5238348],[12.1332508,46.5238159],[12.1336317,46.5236793],[12.1337395,46.5239768],[12.1333045,46.5241813],[12.1345817,46.5251062],[12.1347265,46.5254165],[12.134571,46.5260365],[12.1342491,46.5265938],[12.1345549,46.5268928],[12.1352294,46.5274198],[12.1356117,46.5279779],[12.1368026,46.5284171],[12.1370547,46.529181],[12.1372585,46.5298749],[12.1374248,46.5300262],[12.1366309,46.5309894],[12.1364472,46.5314943],[12.1364901,46.5318781],[12.1358218,46.5320859],[12.1354529,46.5318411],[12.1349457,46.5318638],[12.1349259,46.5316599],[12.1345899,46.5314967],[12.1342276,46.5317278],[12.1340365,46.5315556],[12.1333909,46.5317233],[12.1335293,46.5314242],[12.1327322,46.5313698],[12.1325938,46.5315601],[12.1330879,46.5317868],[12.132798,46.5319544],[12.1325477,46.531968],[12.1326992,46.5317686],[12.1323369,46.5317686],[12.1316715,46.5318729],[12.1309798,46.5319499],[12.1305582,46.5319272],[12.1301234,46.5318457],[12.1294514,46.531755],[12.129122,46.5317369],[12.1287597,46.5321085],[12.1284171,46.5324122],[12.1280614,46.5325119],[12.1278111,46.5323895],[12.1271721,46.5325119],[12.1269612,46.5325753],[12.1268427,46.5327611],[12.1264935,46.5329198],[12.1261048,46.5329107],[12.125703,46.5327521],[12.1256371,46.5325164],[12.1253406,46.5323623],[12.1249454,46.532317],[12.124504,46.5324938],[12.1236542,46.5325255],[12.1234499,46.5324484],[12.12289,46.5324575],[12.1223827,46.5323397],[12.1221126,46.5325164],[12.1225738,46.5328155],[12.1231074,46.5328201],[12.1237662,46.5326977],[12.12428,46.5326207],[12.1246885,46.5329288],[12.1255317,46.5330104],[12.1259006,46.5331328],[12.126118,46.5330693],[12.1262761,46.5331418],[12.1269349,46.5331237],[12.1271721,46.5328926],[12.1278704,46.5329152],[12.1283249,46.5328019],[12.128404,46.5328155],[12.1287663,46.5327566],[12.1288783,46.5328019],[12.1287597,46.5330013],[12.1286345,46.5330421],[12.1284698,46.5329515],[12.1283513,46.5330648],[12.1280746,46.5330784],[12.1278045,46.5332279],[12.1276398,46.5331826],[12.1274949,46.5333095],[12.1274817,46.5334228],[12.1273499,46.5334953],[12.1268097,46.5336585],[12.126645,46.5339123],[12.1265923,46.5341615],[12.1265133,46.5342567],[12.1266055,46.5342975],[12.1267834,46.5341525],[12.1269151,46.5338941],[12.1271721,46.5337582],[12.1273236,46.5337582],[12.1277188,46.5336041],[12.1279362,46.5333095],[12.1283315,46.5332642],[12.128819,46.53316],[12.1290891,46.5329198],[12.1295634,46.5324258],[12.1303671,46.532453],[12.1307492,46.5324484],[12.1312301,46.5325209],[12.1317769,46.5325028],[12.1318889,46.5325708],[12.1322249,46.5323306],[12.1328441,46.5324076],[12.133134,46.5323215],[12.1331735,46.5322173],[12.1337928,46.5322989],[12.134451,46.5324383],[12.1345589,46.5326088],[12.1350417,46.5330369],[12.1352241,46.5334502],[12.1351919,46.5338266],[12.1346662,46.5344171],[12.1343121,46.5346901],[12.1346412,46.5356433],[12.1332604,46.5354461],[12.132596,46.5350518],[12.1319056,46.5353207],[12.1302381,46.5343618],[12.1291569,46.5347471],[12.129704,46.53593],[12.1303554,46.5365035],[12.1303814,46.5372652],[12.1300818,46.5379104],[12.1293599,46.53818],[12.1294481,46.538523],[12.1296599,46.5386097],[12.1300328,46.5387296],[12.1302688,46.5386964],[12.1301481,46.5389399],[12.1300916,46.5391987],[12.1297632,46.5391576],[12.1290401,46.5391397],[12.1283837,46.5392485],[12.1284208,46.5393901],[12.1284127,46.5394455],[12.12841,46.5396263],[12.1283886,46.5397314],[12.1283349,46.5397222],[12.1283242,46.5397776],[12.1283068,46.5398412],[12.1282411,46.5399464],[12.128233,46.5399833],[12.1282504,46.5400183],[12.1284476,46.5400903],[12.128469,46.5400801],[12.1285361,46.539939],[12.1285562,46.5399058],[12.1285871,46.5398753],[12.128634,46.5398892],[12.1285978,46.540046],[12.1286568,46.5400571],[12.1286769,46.5400681],[12.1286984,46.5401355],[12.1287346,46.5401631],[12.1287842,46.5401798],[12.1288352,46.5401908],[12.1288861,46.5401761],[12.1289197,46.5400912],[12.1289773,46.5399519],[12.1291946,46.5400045],[12.129259,46.5399916],[12.1293099,46.5399823],[12.1293555,46.5399602],[12.1293958,46.5399344],[12.1294937,46.5398864],[12.1295956,46.5399759],[12.1296412,46.5400377],[12.1296546,46.5400727],[12.1296506,46.5401078],[12.1296318,46.5401401],[12.1295245,46.5401207],[12.1292818,46.5400903],[12.1292375,46.5402194],[12.129271,46.540248],[12.1293327,46.5402766],[12.129499,46.5403209],[12.1294561,46.5403356],[12.1294212,46.5403633],[12.1293971,46.5403956],[12.1293743,46.5404279],[12.1293448,46.5404593],[12.1293046,46.5404823],[12.129271,46.5404786],[12.1293153,46.5403735],[12.1292335,46.540344],[12.1292227,46.5402812],[12.1291812,46.5402526],[12.1291262,46.5402351],[12.1290752,46.5402259],[12.1290229,46.5402277],[12.1289733,46.5402397],[12.1289451,46.5403006],[12.1288526,46.5405561],[12.1290779,46.5405902],[12.1290001,46.5408144],[12.12887,46.5408153],[12.1288392,46.5408734],[12.1286917,46.540867],[12.1286756,46.5409491],[12.1286447,46.5410515],[12.1285361,46.5410386],[12.1284905,46.5410459],[12.1284409,46.5410598],[12.1284074,46.5410875],[12.1283631,46.5412175],[12.1283108,46.5412166],[12.1282947,46.5412821],[12.1281727,46.5412618],[12.1281727,46.5411982],[12.1281727,46.5411327],[12.128056,46.5411336],[12.1280238,46.541105],[12.1279648,46.5410773],[12.127887,46.5410662],[12.1277851,46.5410773],[12.1277328,46.5410792],[12.1276832,46.5410902],[12.1276389,46.5411114],[12.1276376,46.5411465],[12.1276657,46.5412065],[12.1276778,46.5412424],[12.1278588,46.5412166],[12.1279822,46.541354],[12.1279997,46.5413845],[12.1280104,46.5414195],[12.1280332,46.5414527],[12.1280667,46.5414896],[12.128001,46.5415007],[12.1280064,46.5415681],[12.1278843,46.5415653],[12.1277945,46.5415773],[12.1276885,46.5415828],[12.1274833,46.5415976],[12.1273774,46.5416123],[12.1273573,46.5416243],[12.1273921,46.5417415],[12.1274123,46.5417562],[12.1274364,46.5417525],[12.1274605,46.5417913],[12.1274565,46.5418097],[12.1274351,46.5418134],[12.1273801,46.5417738],[12.1272191,46.5416797],[12.1273425,46.541319],[12.1273117,46.5412784],[12.1272326,46.541248],[12.1271816,46.541247],[12.1271306,46.5412563],[12.1271065,46.5413965],[12.1269563,46.5413623],[12.1269335,46.5413734],[12.1268772,46.5415007],[12.1267685,46.5414186],[12.1266358,46.5413347],[12.1265218,46.5412719],[12.1264695,46.5412194],[12.126385,46.5411207],[12.1263635,46.5410893],[12.1263018,46.5409952],[12.1262401,46.5408864],[12.1261758,46.5408901],[12.1260685,46.5409159],[12.1259639,46.540855],[12.1259263,46.5408845],[12.1257761,46.5408163],[12.1256688,46.5409085],[12.1255508,46.5408495],[12.1254891,46.5408882],[12.1254382,46.5408845],[12.1252048,46.5408347],[12.1251002,46.5408107],[12.1248266,46.5406705],[12.1247005,46.5405967],[12.1246276,46.5405356],[12.1245047,46.5401407]]]},"properties":{"id":"5277a7ea-63de-3569-943c-7999c865cb5a","version":0,"sources":[{"property":"","dataset":"OpenStreetMap","license":"ODbL-1.0","record_id":"w666313182@2","update_time":"2024-05-31T23:24:43.000Z","confidence":null,"between":null}],"subtype":"agriculture","class":"meadow","source_tags":[["landuse","meadow"]]}}
{"type":"Feature","geometry":{"type":"Polygon","coordinates":[[[12.1324065,46.5386595],[12.1321893,46.5388016],[12.1318325,46.5390266],[12.1316381,46.5391254],[12.1313967,46.5392296],[12.1312675,46.5392825],[12.1311219,46.5392688],[12.1309735,46.5392795],[12.1308512,46.5393091],[12.1307123,46.5393752],[12.1306041,46.5394141],[12.1304029,46.5392822],[12.1300916,46.5391987],[12.1301481,46.5389399],[12.1302688,46.5386964],[12.1300328,46.5387296],[12.1296599,46.5386097],[12.1294481,46.538523],[12.1293599,46.53818],[12.1300818,46.5379104],[12.1303814,46.5372652],[12.1303554,46.5365035],[12.129704,46.53593],[12.1291569,46.5347471],[12.1302381,46.5343618],[12.1319056,46.5353207],[12.132596,46.5350518],[12.1332604,46.5354461],[12.1346412,46.5356433],[12.1345891,46.5362257],[12.1342238,46.5362526],[12.1339368,46.5369253],[12.1334929,46.5372163],[12.1331279,46.5371281],[12.1327862,46.5375367],[12.1326265,46.5374279],[12.1323828,46.5380093],[12.1328648,46.5381751],[12.1326372,46.5384529],[12.1324065,46.5386595]]]},"properties":{"id":"2b34ab0a-d967-3faa-b5c2-b1fbd10eb054","version":0,"sources":[{"property":"","dataset":"OpenStreetMap","license":"ODbL-1.0","record_id":"w424120990@4","update_time":"2024-05-31T23:24:43.000Z","confidence":null,"between":null}],"subtype":"residential","class":"residential","source_tags":[["landuse","residential"]]}}
{"type":"Feature","geometry":{"type":"Polygon","coordinates":[[[12.1361655,46.5354992],[12.1361517,46.5352406],[12.1363686,46.5352351],[12.1363823,46.5354937],[12.1361655,46.5354992]]]},"properties":{"id":"93863584-d62e-38b7-a1a2-e48a415653cc","version":0,"sources":[{"property":"","dataset":"OpenStreetMap","license":"ODbL-1.0","record_id":"w396325177@2","update_time":"2024-05-19T23:46:16.000Z","confidence":null,"between":null}],"subtype":"recreation","class":"pitch","surface":"recreation_grass","source_tags":[["leisure","pitch"],["sport","soccer"]]}}
{"type":"Feature","geometry":{"type":"Polygon","coordinates":[[[12.1361871,46.5361668],[12.1361576,46.5359851],[12.136336,46.5359888],[12.1364714,46.5360552],[12.1361871,46.5361668]]]},"properties":{"id":"46688831-3dcb-3cd0-a2b2-792e22f2bd02","version":0,"sources":[{"property":"","dataset":"OpenStreetMap","license":"ODbL-1.0","record_id":"w1190194437@2","update_time":"2024-01-21T19:09:24.000Z","confidence":null,"between":null}],"subtype":"recreation","class":"playground","source_tags":[["access","yes"],["leisure","playground"]]}}
{"type":"Feature","geometry":{"type":"Polygon","coordinates":[[[12.1351708,46.537625],[12.1351972,46.5376446],[12.1351051,46.5377031],[12.1352708,46.5378266],[12.1353635,46.5377678],[12.1355287,46.5378909],[12.1352669,46.5380571],[12.1349096,46.5377909],[12.1348792,46.5377686],[12.1349107,46.5377469],[12.1349448,46.5377685],[12.1351708,46.537625]]]},"properties":{"id":"cc3f8a66-f468-3a63-8f5d-23cf6b431cf6","version":0,"sources":[{"property":"","dataset":"OpenStreetMap","license":"ODbL-1.0","record_id":"w314789357@3","update_time":"2025-09-25T06:01:00.000Z","confidence":null,"between":null}],"subtype":"pedestrian","class":"pedestrian","source_tags":[["area","yes"],["highway","pedestrian"]]}}
{"type":"Feature","geometry":{"type":"Polygon","coordinates":[[[12.1359206,46.5380734],[12.1357736,46.5379891],[12.1357519,46.5379433],[12.1356631,46.5379383],[12.1355072,46.5379215],[12.1355826,46.5378732],[12.1359186,46.5376578],[12.1359749,46.5376218],[12.1360724,46.5374517],[12.1362728,46.5376242],[12.1362429,46.5376437],[12.13592,46.5378541],[12.136073,46.5379529],[12.1359206,46.5380734]]]},"properties":{"id":"70b34df4-a4b0-3de4-a513-10e9f819a825","version":0,"sources":[{"property":"","dataset":"OpenStreetMap","license":"ODbL-1.0","record_id":"w1286198525@2","update_time":"2025-01-29T19:03:44.000Z","confidence":null,"between":null}],"subtype":"pedestrian","class":"pedestrian","surface":"paving_stones","source_tags":[["area","yes"],["highway","pedestrian"],["lit","yes"],["surface","paving_stones"]]}}
{"type":"Feature","geometry":{"type":"Polygon","coordinates":[[[12.1375384,46.5372203],[12.137667,46.5371987],[12.1376695,46.5372057],[12.1376754,46.5372678],[12.1377449,46.5372647],[12.1377506,46.5373248],[12.1377145,46.5373236],[12.1374999,46.5373358],[12.1374966,46.5373183],[12.137412,46.5373297],[12.1373021,46.5373566],[12.1371803,46.5373996],[12.1371237,46.5374268],[12.1370793,46.5374476],[12.1370402,46.5374658],[12.1370146,46.5374734],[12.1368962,46.5375495],[12.136829,46.5375927],[12.1369547,46.537686],[12.1369187,46.5377089],[12.1368855,46.5377241],[12.1368426,46.5377437],[12.1368057,46.537712],[12.1366845,46.5377789],[12.1366135,46.5377866],[12.1365668,46.5377917],[12.1363973,46.5378972],[12.1364024,46.5379021],[12.136362,46.5379273],[12.1362772,46.5379801],[12.1362886,46.5379887],[12.136211,46.5380426],[12.1361421,46.5379827],[12.1360924,46.5379395],[12.1364308,46.5377215],[12.1363238,46.5376423],[12.1363119,46.5376275],[12.136296,46.5376079],[12.1363248,46.5376065],[12.1364043,46.5375706],[12.1364207,46.5375714],[12.1365202,46.5375263],[12.1365224,46.537519],[12.1365411,46.5375107],[12.1366178,46.5374766],[12.1366775,46.5374499],[12.1366572,46.5374281],[12.1367002,46.5374095],[12.1367062,46.5374186],[12.1368011,46.5374866],[12.136897,46.5374228],[12.1369861,46.5373685],[12.1371672,46.5372341],[12.1372304,46.5372643],[12.1373205,46.5372979],[12.1374738,46.5372554],[12.1374643,46.5372266],[12.1374905,46.5371963],[12.1375433,46.5371793],[12.1375311,46.537198],[12.1375384,46.5372203]]]},"properties":{"id":"2c10eedc-b263-30bf-8976-89789f250641","version":0,"sources":[{"property":"","dataset":"OpenStreetMap","license":"ODbL-1.0","record_id":"w602637902@5","update_time":"2024-07-02T07:18:59.000Z","confidence":null,"between":null}],"subtype":"pedestrian","class":"pedestrian","surface":"paving_stones","names":{"primary":"Corso Italia","common":null,"rules":null},"source_tags":[["area","yes"],["highway","pedestrian"],["lit","yes"],["surface","paving_stones"]]}}
{"type":"Feature","geometry":{"type":"Polygon","coordinates":[[[12.136878,46.5370841],[12.1369907,46.5370251],[12.136997,46.537031],[12.1371852,46.5372093],[12.1371672,46.5372341],[12.1369919,46.5370718],[12.1369152,46.5371109],[12.1368852,46.5370893],[12.136878,46.5370841]]]},"properties":{"id":"54bae4f2-cd8d-3b9d-868c-0b12c0dc558e","version":0,"sources":[{"property":"","dataset":"OpenStreetMap","license":"ODbL-1.0","record_id":"w602637909@3","update_time":"2024-07-02T07:18:59.000Z","confidence":null,"between":null}],"subtype":"horticulture","class":"garden","source_tags":[["garden:type","street_side"],["leisure","garden"]]}}
{"type":"Feature","geometry":{"type":"Polygon","coordinates":[[[12.1369861,46.5373685],[12.1369398,46.5373153],[12.1369112,46.5373241],[12.1368575,46.5373174],[12.1368216,46.5372867],[12.1368261,46.5372539],[12.1368518,46.5372299],[12.1368361,46.5372135],[12.1367123,46.5372355],[12.1365412,46.5372627],[12.1364888,46.537216],[12.1367227,46.5371653],[12.136878,46.5370841],[12.1368852,46.5370893],[12.1369152,46.5371109],[12.1369919,46.5370718],[12.1371672,46.5372341],[12.1369861,46.5373685]]]},"properties":{"id":"22248cf4-a04e-3882-8943-85084fca7b3b","version":0,"sources":[{"property":"","dataset":"OpenStreetMap","license":"ODbL-1.0","record_id":"w240991939@10","update_time":"2024-07-02T07:34:31.000Z","confidence":null,"between":null}],"subtype":"pedestrian","class":"pedestrian","surface":"paving_stones","names":{"primary":"Piazza Angelo Dibona","common":null,"rules":[{"variant":"alternate","language":null,"perspectives":null,"value":"Piazza Venezia","between":null,"side":null}]},"source_tags":[["area","yes"],["highway","pedestrian"],["lit","yes"],["note","Gi\u00e0 Piazza Venezia"],["old_name","Piazza Venezia"],["surface","paving_stones"],["wheelchair","yes"],["wikipedia","en:Angelo Dibona"]],"wikidata":"Q535859"}}
{"type":"Feature","geometry":{"type":"Polygon","coordinates":[[[12.1365412,46.5372627],[12.1367123,46.5372355],[12.1368361,46.5372135],[12.1368518,46.5372299],[12.1368261,46.5372539],[12.1368216,46.5372867],[12.1368575,46.5373174],[12.1369112,46.5373241],[12.1369398,46.5373153],[12.1369861,46.5373685],[12.136897,46.5374228],[12.1368022,46.5373549],[12.1367062,46.5374186],[12.1367002,46.5374095],[12.1367169,46.5373792],[12.1366516,46.5373102],[12.1366041,46.5373095],[12.1365809,46.5373192],[12.1365311,46.5372678],[12.1365412,46.5372627]]]},"properties":{"id":"e296d3e4-fb3b-3b62-a588-5f13159d2d24","version":0,"sources":[{"property":"","dataset":"OpenStreetMap","license":"ODbL-1.0","record_id":"w602637908@2","update_time":"2024-07-02T07:18:59.000Z","confidence":null,"between":null}],"subtype":"managed","class":"grass","source_tags":[["landuse","grass"]]}}
{"type":"Feature","geometry":{"type":"Polygon","coordinates":[[[12.1362724,46.5374113],[12.1362642,46.5374221],[12.1361841,46.5374563],[12.136171,46.5374747],[12.1360724,46.5374517],[12.1361171,46.5373737],[12.1361515,46.5373355],[12.1362092,46.5372713],[12.1363743,46.5371554],[12.1364002,46.5371402],[12.1364341,46.5371632],[12.1364888,46.537216],[12.1365412,46.5372627],[12.1365311,46.5372678],[12.1364345,46.5373126],[12.1364608,46.5373399],[12.1363899,46.5373701],[12.1363759,46.5373689],[12.1362724,46.5374113]]]},"properties":{"id":"cd5c8cdc-5fff-3843-ac80-3db027c348c9","version":0,"sources":[{"property":"","dataset":"OpenStreetMap","license":"ODbL-1.0","record_id":"w602637913@1","update_time":"2025-01-29T19:03:44.000Z","confidence":null,"between":null}],"subtype":"pedestrian","class":"pedestrian","source_tags":[["area","yes"],["highway","pedestrian"]]}}
{"type":"Feature","geometry":{"type":"Polygon","coordinates":[[[12.1373963,46.5369925],[12.137366,46.5369513],[12.1372729,46.5368766],[12.1371774,46.5368],[12.1371374,46.5367616],[12.137193,46.5367338],[12.1373074,46.5367607],[12.1374375,46.5367302],[12.1374932,46.5366511],[12.1375449,46.536661],[12.1375032,46.5367362],[12.1374831,46.5368679],[12.1374431,46.5368773],[12.1374869,46.5369654],[12.1374387,46.5369798],[12.1373963,46.5369925]]]},"properties":{"id":"d6a3d876-f89a-346e-ba7d-b0a53d0426c6","version":0,"sources":[{"property":"","dataset":"OpenStreetMap","license":"ODbL-1.0","record_id":"w602560017@4","update_time":"2024-05-24T10:12:08.000Z","confidence":null,"between":null}],"subtype":"pedestrian","class":"pedestrian","surface":"paving_stones","names":{"primary":"Piazzetta San Francesco","common":null,"rules":null},"source_tags":[["area","yes"],["highway","pedestrian"],["lit","yes"],["surface","paving_stones"]]}}
{"type":"Feature","geometry":{"type":"Polygon","coordinates":[[[12.1373205,46.5372979],[12.1374643,46.5372266],[12.1374738,46.5372554],[12.1373205,46.5372979]]]},"properties":{"id":"2583b6d2-f322-3901-8c57-0df6a7c2a87c","version":0,"sources":[{"property":"","dataset":"OpenStreetMap","license":"ODbL-1.0","record_id":"w602637903@2","update_time":"2024-07-02T07:18:59.000Z","confidence":null,"between":null}],"subtype":"horticulture","class":"flowerbed","source_tags":[["landuse","flowerbed"]]}}
{"type":"Feature","geometry":{"type":"Polygon","coordinates":[[[12.1400581,46.5364744],[12.1398934,46.5363214],[12.1399548,46.5362693],[12.1399937,46.536308],[12.1400647,46.5363744],[12.1400983,46.5363975],[12.1401304,46.5364127],[12.1401833,46.5364286],[12.1402181,46.5364367],[12.1402362,46.5364409],[12.1402973,46.5364501],[12.1403498,46.5364558],[12.1404008,46.5364669],[12.140438,46.5364866],[12.1404593,46.5365064],[12.1404721,46.5365184],[12.1403781,46.5365691],[12.1402716,46.5366272],[12.1401997,46.5365545],[12.1400438,46.5366276],[12.139996,46.5366501],[12.1398333,46.5367168],[12.1397826,46.5367674],[12.1396176,46.5367807],[12.1395392,46.5367887],[12.1395374,46.5367649],[12.1395202,46.5367533],[12.1392212,46.5367546],[12.1389671,46.5367797],[12.1389784,46.5368158],[12.1389691,46.5368178],[12.138956,46.5368511],[12.1389656,46.5368883],[12.138987,46.5368976],[12.1389962,46.5368963],[12.1390074,46.5369463],[12.1389515,46.5369565],[12.1388872,46.5369743],[12.1388022,46.5368254],[12.1386169,46.5368758],[12.1383922,46.5369369],[12.1383716,46.5369443],[12.1382899,46.5369737],[12.1382738,46.5369716],[12.1381404,46.5370074],[12.1381823,46.5370815],[12.1381536,46.5370891],[12.1381455,46.5370914],[12.1381079,46.5370202],[12.1377789,46.5371084],[12.1375433,46.5371793],[12.1374905,46.5371963],[12.1374643,46.5372266],[12.1373205,46.5372979],[12.1372304,46.5372643],[12.1371672,46.5372341],[12.1371852,46.5372093],[12.136997,46.537031],[12.1369907,46.5370251],[12.1370402,46.5370046],[12.1370969,46.5369812],[12.1371897,46.5370557],[12.137366,46.5369513],[12.1373963,46.5369925],[12.1374387,46.5369798],[12.1374869,46.5369654],[12.1374431,46.5368773],[12.1374831,46.5368679],[12.1375661,46.5370363],[12.1377247,46.5369993],[12.1377324,46.5370175],[12.1378437,46.536995],[12.1378527,46.5369829],[12.1378379,46.5369478],[12.1377132,46.5369721],[12.1376948,46.5369756],[12.1376551,46.5368952],[12.1376858,46.5368884],[12.1377988,46.5368632],[12.1378094,46.5368859],[12.1378502,46.5368778],[12.1378877,46.536943],[12.1380343,46.5368998],[12.1380803,46.5368705],[12.1382143,46.5368535],[12.1382128,46.5368476],[12.138258,46.5368419],[12.1382444,46.53679],[12.1383131,46.5367745],[12.1383796,46.5367595],[12.1384951,46.5367274],[12.1384982,46.5367328],[12.138584,46.5367093],[12.1386698,46.5366858],[12.1386657,46.5366801],[12.1387646,46.5366528],[12.1389286,46.5366172],[12.1389288,46.5366324],[12.1390708,46.5366316],[12.1390777,46.5366316],[12.139078,46.5366483],[12.1392202,46.5366474],[12.1394029,46.5366464],[12.1395567,46.5366455],[12.1396207,46.5366405],[12.1396762,46.5366362],[12.1398172,46.5365932],[12.1398483,46.5365837],[12.1398847,46.5365679],[12.1400581,46.5364744]]]},"properties":{"id":"faaf5751-66e9-3fa5-809d-f7adf606d53e","version":0,"sources":[{"property":"","dataset":"OpenStreetMap","license":"ODbL-1.0","record_id":"w601113673@15","update_time":"2025-09-04T13:48:04.000Z","confidence":null,"between":null}],"subtype":"pedestrian","class":"pedestrian","surface":"sett","names":{"primary":"Corso Italia","common":null,"rules":null},"source_tags":[["area","yes"],["highway","pedestrian"],["lit","yes"],["smoothness","intermediate"],["surface","sett"]]}}
{"type":"Feature","geometry":{"type":"Polygon","coordinates":[[[12.131282,46.5498308],[12.1311377,46.549719],[12.1309258,46.5498261],[12.1304296,46.5497043],[12.1304508,46.5494454],[12.130488,46.5492258],[12.130584,46.5491362],[12.1306752,46.5489896],[12.1306323,46.5489204],[12.1305739,46.5489048],[12.1306591,46.5487885],[12.1306363,46.5487581],[12.1306376,46.5487369],[12.1306162,46.5487018],[12.1302313,46.5487821],[12.1301581,46.5487056],[12.1298102,46.5487101],[12.1297055,46.5485293],[12.1297893,46.5484252],[12.1302862,46.5480414],[12.1303573,46.5480608],[12.1305932,46.5481372],[12.1307576,46.5483053],[12.130838,46.5483873],[12.1310453,46.5485164],[12.1311513,46.5485478],[12.1311861,46.5485376],[12.1312557,46.5483983],[12.1315717,46.547691],[12.1314329,46.5476789],[12.1313078,46.5476269],[12.1315749,46.5473874],[12.1318591,46.547534],[12.132145,46.547441],[12.1322536,46.5473866],[12.1323058,46.547344],[12.1320027,46.5472813],[12.1320604,46.5469373],[12.1317219,46.5468166],[12.1315641,46.5464889],[12.1313792,46.5463738],[12.1313455,46.546334],[12.1314115,46.545943],[12.1310827,46.5459218],[12.1311097,46.5458222],[12.1311834,46.5455815],[12.131245,46.5455057],[12.1314716,46.5452887],[12.1314658,46.5450025],[12.131453,46.5446519],[12.1317038,46.5442784],[12.1315496,46.5442422],[12.1314865,46.5443584],[12.1311699,46.5443177],[12.1310681,46.5437902],[12.1310559,46.5434313],[12.1314087,46.543429],[12.1313316,46.5427627],[12.1312666,46.542758],[12.1312648,46.5426704],[12.1312342,46.5425171],[12.1307576,46.5425708],[12.1303271,46.5420654],[12.1303424,46.5418169],[12.1305256,46.541532],[12.1306806,46.5413516],[12.1309601,46.5411309],[12.1310634,46.5409575],[12.1311388,46.5406585],[12.1310583,46.5404891],[12.1309414,46.540159],[12.1309693,46.5400225],[12.1310559,46.5398857],[12.1311289,46.5398916],[12.13116,46.5398767],[12.1311754,46.5399311],[12.131217,46.5399842],[12.1312398,46.5400317],[12.131365,46.5400393],[12.1314275,46.5400677],[12.1314932,46.5401152],[12.1315473,46.5401073],[12.1316979,46.5402165],[12.1317112,46.5402093],[12.1317168,46.5401851],[12.1317161,46.5401468],[12.1318493,46.5401429],[12.1319921,46.5401272],[12.1320062,46.5399574],[12.1320444,46.5398961],[12.132092,46.5398615],[12.1325312,46.5397425],[12.1325125,46.5397831],[12.132652,46.5399906],[12.1327,46.5400604],[12.1327713,46.5401641],[12.1328451,46.5401465],[12.1328893,46.5402065],[12.1328424,46.5402489],[12.1327955,46.5402951],[12.1327056,46.5403338],[12.1326198,46.5403559],[12.1326157,46.5404113],[12.1326238,46.5404353],[12.1330342,46.5404168],[12.1330087,46.540558],[12.1329939,46.5406004],[12.1329108,46.5406078],[12.1327874,46.5406096],[12.13277,46.5406271],[12.1327887,46.540665],[12.1328035,46.5407194],[12.1327847,46.54076],[12.1327579,46.5407692],[12.1327069,46.5407581],[12.1326318,46.5407369],[12.1325849,46.5407452],[12.1325339,46.5407581],[12.1324414,46.5407655],[12.1323462,46.5407664],[12.1322174,46.540772],[12.1321866,46.5404639],[12.1321423,46.5404583],[12.1321088,46.5404629],[12.1320914,46.5404777],[12.1320538,46.5405404],[12.1320632,46.5406963],[12.1321169,46.5408532],[12.1328987,46.540864],[12.1329403,46.5408412],[12.132955,46.5408015],[12.1329845,46.5407461],[12.133002,46.5407175],[12.1330516,46.5406954],[12.133183,46.540688],[12.1331924,46.5406225],[12.1331428,46.540605],[12.133116,46.5405949],[12.1331106,46.5405847],[12.1332273,46.5403006],[12.1332568,46.5401936],[12.1332903,46.5401262],[12.1334258,46.5399639],[12.1335532,46.539856],[12.1335679,46.5398366],[12.1335505,46.5397942],[12.1335196,46.539749],[12.1334513,46.5397038],[12.1334137,46.5397388],[12.1333829,46.5397231],[12.1332702,46.5397988],[12.1330972,46.5396733],[12.133112,46.5396622],[12.1330744,46.5396152],[12.1330275,46.5396364],[12.1330006,46.5396004],[12.1329698,46.5396023],[12.132774,46.5396733],[12.1327164,46.5395986],[12.1326843,46.5395571],[12.1325859,46.5394373],[12.1328679,46.5392887],[12.1331445,46.5391513],[12.1335963,46.538811],[12.1338083,46.5386292],[12.1337899,46.5384664],[12.134005,46.5383078],[12.1342417,46.5380795],[12.1344138,46.5379823],[12.1345306,46.5380499],[12.1346695,46.537959],[12.1344747,46.5378176],[12.1344376,46.5377879],[12.1346489,46.5377712],[12.1347333,46.5377028],[12.1349184,46.5375636],[12.1351522,46.5375024],[12.1352658,46.537486],[12.1353972,46.537475],[12.1354833,46.5375574],[12.1359857,46.5372547],[12.1358658,46.5371704],[12.1358705,46.5370859],[12.1359811,46.5368259],[12.1359043,46.5368301],[12.1357433,46.5367968],[12.1358244,46.5365574],[12.1359135,46.5362382],[12.1359074,46.5359634],[12.1357503,46.5356716],[12.1356128,46.5352826],[12.1355417,46.5348788],[12.1355171,46.5346695],[12.1354693,46.5344983],[12.1357895,46.5342212],[12.1360939,46.5339037],[12.1362859,46.5338477],[12.1363636,46.5338418],[12.1363898,46.5338821],[12.1365889,46.5338558],[12.1367595,46.533853],[12.1369073,46.5339333],[12.1369965,46.5340266],[12.1370707,46.5342835],[12.1372687,46.5340629],[12.1372028,46.5340347],[12.1372603,46.5339707],[12.1373336,46.5340021],[12.1373809,46.5339494],[12.1374061,46.5339209],[12.1378158,46.5340976],[12.1381543,46.5341039],[12.1386601,46.5341972],[12.1388707,46.534247],[12.1390175,46.5342969],[12.1394096,46.5344877],[12.1395753,46.5347693],[12.1393072,46.5351382],[12.1393307,46.5351502],[12.1395184,46.5352102],[12.1392488,46.5356161],[12.139112,46.5358472],[12.1392165,46.5360339],[12.1396966,46.5362037],[12.139865,46.5361789],[12.1399462,46.5361715],[12.1399891,46.5362379],[12.1400951,46.5363421],[12.1401983,46.5364085],[12.1402962,46.5363716],[12.1402533,46.536332],[12.1401729,46.5362443],[12.140138,46.5361982],[12.1400776,46.5360774],[12.1400696,46.5359694],[12.1400664,46.5358185],[12.1400333,46.5356221],[12.1399992,46.5354199],[12.139989,46.5353143],[12.1399246,46.5348272],[12.1396767,46.534509],[12.1394701,46.5342627],[12.1394098,46.5342009],[12.1392904,46.5341049],[12.1393586,46.5340374],[12.1392368,46.5339804],[12.1389362,46.5338908],[12.1386693,46.5335872],[12.1378587,46.5334924],[12.137693,46.5332182],[12.1378217,46.5328492],[12.1381972,46.5325687],[12.1378695,46.5324148],[12.138047,46.5321923],[12.1384337,46.5322664],[12.1387015,46.5323178],[12.1388946,46.5322292],[12.1389954,46.5322265],[12.1393467,46.5323861],[12.1394138,46.5322699],[12.1388195,46.5320594],[12.1395754,46.5303334],[12.1397556,46.5303286],[12.1397389,46.5298269],[12.1397405,46.5296658],[12.1401782,46.5296768],[12.1401937,46.5295052],[12.1397424,46.5294761],[12.1397868,46.5292467],[12.1399616,46.5286357],[12.140895,46.5287379],[12.1410297,46.5287527],[12.1408902,46.5291513],[12.1408044,46.5295942],[12.1416573,46.5296107],[12.141695,46.5293341],[12.1417861,46.5287086],[12.1417299,46.5285793],[12.1418182,46.5284392],[12.1419578,46.528358],[12.1430092,46.5286053],[12.1436797,46.5281255],[12.1444147,46.5278487],[12.1435547,46.5276538],[12.1426498,46.5277306],[12.142226,46.527535],[12.1418626,46.5279263],[12.1414321,46.5278413],[12.1413986,46.5276299],[12.1413596,46.5275174],[12.1411316,46.5272988],[12.140783,46.5270478],[12.140657,46.5271086],[12.1405308,46.5271696],[12.1398066,46.5265053],[12.1394204,46.5266898],[12.1388498,46.526433],[12.1394482,46.5247303],[12.1401068,46.5249809],[12.1409758,46.523416],[12.1411679,46.5226216],[12.1411571,46.5219129],[12.1410284,46.5213224],[12.1402597,46.5213332],[12.1400481,46.5212953],[12.1400625,46.5210887],[12.1395788,46.5210517],[12.1391925,46.5210701],[12.1385725,46.5211791],[12.1385676,46.5205847],[12.1383047,46.5205404],[12.1382323,46.5204223],[12.1383553,46.5203007],[12.1384388,46.520271],[12.1386561,46.5203134],[12.1390128,46.5202894],[12.1395144,46.5203116],[12.139686,46.5200514],[12.1394634,46.519972],[12.1395493,46.5197819],[12.1397048,46.519793],[12.1397233,46.5197173],[12.1399355,46.5197487],[12.1403137,46.5196582],[12.1403338,46.5194201],[12.1406382,46.5194432],[12.1406898,46.5191886],[12.1410273,46.5193151],[12.1416333,46.5195309],[12.1418556,46.5196584],[12.1421774,46.5195919],[12.1422731,46.5195849],[12.1424535,46.5195717],[12.142392,46.5199315],[12.142112,46.5211452],[12.1420487,46.5214966],[12.1421013,46.5221049],[12.1420487,46.5224637],[12.1424982,46.5225552],[12.1422729,46.5229169],[12.1418974,46.5227988],[12.1417483,46.5230247],[12.1422157,46.5231925],[12.1422052,46.5234766],[12.1417805,46.5235488],[12.1421442,46.5236773],[12.1418341,46.5240508],[12.1422633,46.5242501],[12.1420487,46.5245971],[12.1427353,46.5247373],[12.1434971,46.5250695],[12.1435497,46.5252422],[12.1436355,46.5258697],[12.1433565,46.5261059],[12.1433898,46.5262284],[12.1435078,46.5264794],[12.1438431,46.526437],[12.1439427,46.5262357],[12.1442485,46.52628],[12.1441868,46.526387],[12.1448976,46.5264904],[12.1450206,46.5266566],[12.1449873,46.5270065],[12.1447298,46.5272427],[12.144924,46.5274169],[12.144688,46.5276974],[12.1452566,46.5279557],[12.1450088,46.5281949],[12.1436905,46.528716],[12.1432291,46.5286311],[12.1431059,46.5288303],[12.1430911,46.528965],[12.143148,46.5290791],[12.1430883,46.529243],[12.1433042,46.529513],[12.1430202,46.5301013],[12.1428108,46.5300537],[12.1427296,46.5302817],[12.1425113,46.5305082],[12.1423541,46.5305622],[12.1418391,46.5307984],[12.1415876,46.5307973],[12.1416519,46.5318085],[12.1419679,46.5316767],[12.1421964,46.531683],[12.142242,46.5313361],[12.1423066,46.531351],[12.1423924,46.5312218],[12.1424943,46.5312033],[12.1425936,46.5311886],[12.1426955,46.5311757],[12.1427518,46.5311129],[12.1427304,46.531041],[12.1427438,46.5309653],[12.1427786,46.5308952],[12.142835,46.5308361],[12.1428779,46.5307697],[12.1428752,46.5307513],[12.1427089,46.5307125],[12.1428376,46.53048],[12.1429449,46.5302899],[12.1430495,46.5302899],[12.1431541,46.5302881],[12.1432534,46.5303139],[12.1433553,46.5303213],[12.1434572,46.530301],[12.1435618,46.5302789],[12.1436664,46.5302936],[12.1437362,46.530349],[12.143822,46.5303896],[12.1439266,46.5303933],[12.1440876,46.530408],[12.1441305,46.5304542],[12.1441251,46.530528],[12.1441224,46.5305999],[12.1441063,46.5306719],[12.1440822,46.5307476],[12.1440446,46.5308214],[12.143991,46.5309173],[12.1440312,46.5309339],[12.144278,46.530945],[12.1442646,46.5311369],[12.1442941,46.5311701],[12.144337,46.5312384],[12.1443504,46.5313122],[12.1443531,46.5313842],[12.1443504,46.5314543],[12.1444362,46.5314137],[12.1445194,46.5313713],[12.144632,46.5313768],[12.1446615,46.531327],[12.1446428,46.5312126],[12.1447366,46.5311904],[12.1448413,46.531172],[12.1449378,46.531172],[12.1449485,46.5312439],[12.14497,46.5313602],[12.1448171,46.5313897],[12.1448466,46.5314709],[12.1449351,46.5314561],[12.1449915,46.5313953],[12.1450075,46.5313233],[12.1450907,46.531279],[12.1451712,46.5312366],[12.1452114,46.5311701],[12.1452033,46.5310779],[12.1452355,46.5310539],[12.1454313,46.5310188],[12.1455976,46.5310041],[12.1457176,46.5308991],[12.1457498,46.5310854],[12.1455421,46.5312647],[12.1457055,46.5313669],[12.1459061,46.5313251],[12.1461099,46.5312919],[12.1463138,46.5312476],[12.146523,46.5312255],[12.1467054,46.5311628],[12.1469146,46.5311738],[12.1470755,46.5312698],[12.1472043,46.5313842],[12.1472847,46.5315207],[12.1473491,46.5316647],[12.147392,46.5318049],[12.1475369,46.5319082],[12.1477461,46.5318824],[12.1479499,46.5318639],[12.1481216,46.5319451],[12.1480626,46.5320891],[12.1478641,46.5321444],[12.1476495,46.532185],[12.147451,46.5322514],[12.1472633,46.5323253],[12.1470702,46.5323917],[12.1468656,46.5325026],[12.1470648,46.5326943],[12.147105,46.5327487],[12.1471493,46.5328391],[12.1471815,46.5329379],[12.1471721,46.5330283],[12.1471359,46.533127],[12.147105,46.5332534],[12.147105,46.5333567],[12.1471238,46.5334047],[12.1472472,46.5335338],[12.1473438,46.5336722],[12.1473518,46.5337756],[12.1474135,46.5337885],[12.1474564,46.5335929],[12.1475315,46.533591],[12.1475798,46.5335597],[12.1476307,46.533484],[12.1476603,46.5333807],[12.1477407,46.5335172],[12.1478373,46.5336464],[12.147966,46.5337645],[12.1480116,46.5338272],[12.1478105,46.533854],[12.1477716,46.5338632],[12.1477407,46.5338817],[12.147734,46.5341566],[12.1476468,46.5341594],[12.1476361,46.5342175],[12.1475261,46.534223],[12.1475355,46.534331],[12.147612,46.5343356],[12.14762,46.5343679],[12.1474242,46.5343513],[12.1474336,46.5344103],[12.1475261,46.5344324],[12.1477059,46.5344703],[12.1476415,46.5345727],[12.1476978,46.5345902],[12.147553,46.534783],[12.1476173,46.5347959],[12.1477166,46.5347701],[12.1478131,46.5347424],[12.147899,46.5347849],[12.1479017,46.5348605],[12.1479955,46.5348974],[12.148084,46.5349435],[12.148127,46.53501],[12.1481913,46.5351004],[12.1482074,46.5351723],[12.1482101,46.5352461],[12.1481699,46.5353144],[12.1481055,46.5353735],[12.1480197,46.5353292],[12.1479687,46.5352646],[12.1478721,46.5352369],[12.1477702,46.5352627],[12.1475798,46.5354251],[12.1474725,46.5355414],[12.1475637,46.5355783],[12.1476683,46.5355783],[12.1477702,46.5355598],[12.1478641,46.535534],[12.1479607,46.5355008],[12.1480679,46.5354934],[12.1481726,46.5354989],[12.1483065,46.5355043],[12.1475743,46.5357058],[12.147079,46.5359829],[12.1466195,46.5362223],[12.1466229,46.5363928],[12.1464007,46.5364905],[12.1461902,46.5365837],[12.1457939,46.5369099],[12.1459113,46.5372553],[12.1460722,46.5374324],[12.1465223,46.5374911],[12.1465176,46.5377222],[12.1464794,46.537945],[12.1462736,46.5378883],[12.1456425,46.5381996],[12.1453764,46.5382038],[12.1451041,46.5381909],[12.1447708,46.5380022],[12.144913,46.5376978],[12.1454279,46.537314],[12.1451603,46.5371299],[12.1449457,46.5372627],[12.1438562,46.5370867],[12.1436094,46.5369096],[12.142912,46.5366734],[12.1429549,46.5363191],[12.1423815,46.5361999],[12.141947,46.5371077],[12.1424915,46.5373568],[12.1420786,46.537475],[12.1419523,46.5376096],[12.1418238,46.5375506],[12.1417056,46.5373734],[12.1413923,46.5375447],[12.1408985,46.5378147],[12.1408687,46.537831],[12.1409647,46.5378985],[12.1409862,46.5381236],[12.1408741,46.5383254],[12.1405469,46.5386133],[12.1401982,46.5388051],[12.1400152,46.538652],[12.1398886,46.5387204],[12.1398869,46.5387524],[12.1398984,46.5387836],[12.1399549,46.5388509],[12.140079,46.539141],[12.1399702,46.5391862],[12.1402679,46.5396391],[12.1407453,46.5395542],[12.1409116,46.5398346],[12.1410963,46.5397863],[12.1414851,46.5396845],[12.1416889,46.5396808],[12.1420221,46.5399343],[12.1419953,46.540045],[12.141764,46.540297],[12.1417567,46.5405709],[12.1413678,46.5405497],[12.1415421,46.5406797],[12.1416814,46.5408752],[12.1420491,46.5409269],[12.1422555,46.5410633],[12.1425909,46.5412683],[12.1429501,46.5415228],[12.1433499,46.5416907],[12.143787,46.5419083],[12.1443341,46.5420817],[12.1449915,46.5419988],[12.1451175,46.5420007],[12.1453278,46.5420218],[12.1459864,46.5420817],[12.1459268,46.5422895],[12.1464477,46.542281],[12.1468447,46.5426057],[12.1470271,46.5430558],[12.1464311,46.5433844],[12.1463144,46.5434486],[12.1462487,46.5434849],[12.1460663,46.5434702],[12.1456967,46.5437107],[12.1453234,46.5435071],[12.1456645,46.5432182],[12.1438884,46.5424887],[12.1439452,46.5428603],[12.1441343,46.5429101],[12.1444092,46.5437938],[12.1439098,46.5438982],[12.1431969,46.5437864],[12.1432934,46.5432625],[12.1434558,46.5432247],[12.1435187,46.5428861],[12.1431164,46.5428418],[12.143079,46.5426335],[12.1430603,46.5425541],[12.1432044,46.5421511],[12.1428101,46.5419851],[12.142666,46.5423069],[12.1425258,46.5425625],[12.1410774,46.5428503],[12.1408521,46.5427027],[12.1404229,46.5427544],[12.1415232,46.5437873],[12.1414477,46.5438084],[12.1411477,46.544052],[12.1412632,46.5441296],[12.1413383,46.5441979],[12.1412697,46.5442614],[12.1411733,46.5442274],[12.1411076,46.5443086],[12.1409829,46.5443436],[12.1406541,46.5447162],[12.1405323,46.5448214],[12.140425,46.5447707],[12.1401219,46.5446416],[12.1398255,46.5445761],[12.1396827,46.5445992],[12.1396671,46.5447678],[12.1390818,46.5445697],[12.1394847,46.5452917],[12.1391248,46.5453962],[12.1392058,46.54555],[12.1393991,46.5454939],[12.1395372,46.5456009],[12.139729,46.5455418],[12.1397652,46.545599],[12.1399434,46.5455473],[12.1403001,46.5458821],[12.140622,46.5457566],[12.1410189,46.5460739],[12.1414315,46.5459791],[12.1421025,46.5458968],[12.1421669,46.5458304],[12.1418821,46.5457079],[12.1420323,46.5455659],[12.1419357,46.5454995],[12.1419845,46.545218],[12.1422361,46.5449977],[12.1423601,46.5444018],[12.1423723,46.5443409],[12.1424065,46.5443432],[12.1428893,46.5443521],[12.1429736,46.5442791],[12.1431434,46.5441167],[12.1434212,46.5441447],[12.1433256,46.5449523],[12.1430252,46.545277],[12.1429979,46.5454331],[12.1431796,46.5452522],[12.1434329,46.5450851],[12.1437172,46.5453157],[12.1435498,46.5454551],[12.1436128,46.545504],[12.1435057,46.5455787],[12.1442403,46.5457252],[12.1439383,46.5463955],[12.1438542,46.5464264],[12.1437858,46.5464504],[12.1437322,46.5464476],[12.1434532,46.5462853],[12.1434237,46.5462419],[12.1434143,46.5462124],[12.1435484,46.5460999],[12.1435913,46.5460759],[12.1436423,46.5460593],[12.143649,46.546015],[12.1436839,46.5460168],[12.1436839,46.5459689],[12.1436705,46.5459209],[12.1435846,46.5458656],[12.1435216,46.5458536],[12.1435551,46.5458886],[12.1435551,46.5459255],[12.143539,46.5459606],[12.1435042,46.5459587],[12.1435055,46.5459182],[12.1434854,46.5458896],[12.1434532,46.5458683],[12.143413,46.5458619],[12.1432802,46.54586],[12.1430898,46.5458739],[12.1430562,46.5458932],[12.1431568,46.5459726],[12.1431139,46.5460316],[12.1430616,46.5460187],[12.1430106,46.5460334],[12.1429583,46.5460316],[12.1429114,46.5460113],[12.1428792,46.5459514],[12.1428712,46.5459403],[12.1427397,46.5459615],[12.1428403,46.5464052],[12.1428578,46.5464891],[12.142839,46.5465094],[12.1428081,46.5465186],[12.1426003,46.5464015],[12.1424434,46.546312],[12.1424273,46.5462585],[12.1422951,46.5462531],[12.1422596,46.5462391],[12.1422154,46.5462253],[12.1421845,46.5462244],[12.1419726,46.5462456],[12.1419418,46.5462318],[12.1419016,46.5460085],[12.1415904,46.5460408],[12.1416669,46.5461764],[12.1416628,46.5462253],[12.1416467,46.5462465],[12.1416011,46.5462899],[12.1415555,46.5463074],[12.141495,46.5463258],[12.1417111,46.5464753],[12.1415875,46.5465812],[12.1422822,46.5470728],[12.1423991,46.5472288],[12.1424626,46.5473748],[12.1428662,46.5473071],[12.1429315,46.547856],[12.1428749,46.5481926],[12.1423722,46.5483222],[12.1421751,46.5479907],[12.142163,46.5478591],[12.1423294,46.5477749],[12.1420444,46.5473967],[12.1422462,46.5473257],[12.1423012,46.5473958],[12.1423441,46.5473893],[12.1423696,46.5473672],[12.1423602,46.5472731],[12.1423146,46.5471984],[12.142265,46.5471449],[12.1422234,46.5471098],[12.1420062,46.5472593],[12.1418204,46.5471394],[12.1417406,46.5471716],[12.1415381,46.5473764],[12.1413571,46.547286],[12.1412954,46.5474068],[12.1414496,46.5474889],[12.1413155,46.5476439],[12.14109,46.5479381],[12.1405771,46.5477288],[12.1404315,46.5479131],[12.1398548,46.5478882],[12.139859,46.547821],[12.1398417,46.5477776],[12.1397665,46.5477075],[12.139564,46.547488],[12.1394076,46.5473276],[12.1390631,46.5475914],[12.1388143,46.5474281],[12.1389002,46.5473303],[12.1386903,46.5472962],[12.1386934,46.5471936],[12.1381329,46.547166],[12.1381779,46.5468461],[12.1383557,46.5468507],[12.1383879,46.5467031],[12.1385407,46.5466994],[12.1385568,46.5466385],[12.1388651,46.5466034],[12.1388143,46.5463692],[12.1385835,46.5462141],[12.138809,46.5460519],[12.1390658,46.5459186],[12.1389884,46.5458758],[12.13888,46.5458112],[12.1386314,46.5456321],[12.1385234,46.545714],[12.1383436,46.5456018],[12.1383337,46.5455642],[12.1382591,46.5455252],[12.1383912,46.5454355],[12.1379694,46.5451349],[12.1375832,46.5449718],[12.1372901,46.5448944],[12.1371351,46.5449892],[12.1368851,46.5454866],[12.1370868,46.5455353],[12.1372022,46.5456349],[12.1378968,46.5459263],[12.1377788,46.5460739],[12.1374296,46.5460824],[12.137414,46.5462879],[12.1377788,46.5463248],[12.137811,46.5465757],[12.1375047,46.5466063],[12.1376179,46.5470775],[12.1368288,46.5475287],[12.1368454,46.5476825],[12.1357725,46.5478817],[12.1354399,46.5475054],[12.1351717,46.5476899],[12.1344529,46.5475054],[12.1342598,46.5481916],[12.1339915,46.5485901],[12.1338779,46.5486778],[12.1337987,46.5486374],[12.1336991,46.5486814],[12.1334999,46.5488503],[12.1333848,46.5490044],[12.131282,46.5498308]]]},"properties":{"id":"838d898f-6edc-39fc-a710-234347c40b23","version":0,"sources":[{"property":"","dataset":"OpenStreetMap","license":"ODbL-1.0","record_id":"w259555699@46","update_time":"2025-10-21T11:33:35.000Z","confidence":null,"between":null}],"subtype":"residential","class":"residential","source_tags":[["landuse","residential"]]}}
{"type":"Feature","geometry":{"type":"Polygon","coordinates":[[[12.1389155,46.5345331],[12.1384381,46.5350405],[12.1371202,46.5344373],[12.1370707,46.5342835],[12.1372687,46.5340629],[12.1372028,46.5340347],[12.1372603,46.5339707],[12.1373336,46.5340021],[12.1373809,46.5339494],[12.1374061,46.5339209],[12.1378158,46.5340976],[12.137966,46.5341548],[12.1379929,46.5341253],[12.1382208,46.5342231],[12.1382611,46.5341807],[12.1384032,46.5342452],[12.1383576,46.5342932],[12.1384944,46.5343467],[12.1385159,46.5343227],[12.1385454,46.5343356],[12.1385803,46.5343264],[12.1386178,46.534343],[12.1386015,46.5343908],[12.1389155,46.5345331]]]},"properties":{"id":"27c2a477-a108-3a8f-a737-c10c43e7c944","version":0,"sources":[{"property":"","dataset":"OpenStreetMap","license":"ODbL-1.0","record_id":"w259557703@5","update_time":"2024-05-19T23:46:16.000Z","confidence":null,"between":null}],"subtype":"cemetery","class":"cemetery","names":{"primary":"Cimitero di Cortina d'Ampezzo","common":null,"rules":null},"source_tags":[["landuse","cemetery"],["religion","christian"]],"wikidata":"Q109278934"}}
{"type":"Feature","geometry":{"type":"Polygon","coordinates":[[[12.1366878,46.5350461],[12.1366531,46.5346829],[12.1369106,46.5346712],[12.1369453,46.5350345],[12.1366878,46.5350461]]]},"properties":{"id":"e2298a6e-e9ae-3d8a-8b54-50b14a194b05","version":0,"sources":[{"property":"","dataset":"OpenStreetMap","license":"ODbL-1.0","record_id":"w753509678@2","update_time":"2024-05-19T23:46:16.000Z","confidence":null,"between":null}],"subtype":"recreation","class":"pitch","source_tags":[["leisure","pitch"],["sport","tennis"]]}}
{"type":"Feature","geometry":{"type":"Polygon","coordinates":[[[12.1363362,46.535059],[12.1363018,46.5346993],[12.1365541,46.5346879],[12.1365885,46.5350476],[12.1363362,46.535059]]]},"properties":{"id":"b9dc40f5-51fd-3419-8199-a217e9c55401","version":0,"sources":[{"property":"","dataset":"OpenStreetMap","license":"ODbL-1.0","record_id":"w753509680@2","update_time":"2024-05-19T23:46:16.000Z","confidence":null,"between":null}],"subtype":"recreation","class":"pitch","source_tags":[["leisure","pitch"],["sport","tennis"]]}}
{"type":"Feature","geometry":{"type":"Polygon","coordinates":[[[12.1363093,46.5346243],[12.1362771,46.5342998],[12.1364921,46.5342898],[12.1365243,46.5346142],[12.1363093,46.5346243]]]},"properties":{"id":"27fdfe29-77a3-381d-ac31-f18765d8d4d4","version":0,"sources":[{"property":"","dataset":"OpenStreetMap","license":"ODbL-1.0","record_id":"w753509681@2","update_time":"2024-05-19T23:46:16.000Z","confidence":null,"between":null}],"subtype":"recreation","class":"pitch","source_tags":[["leisure","pitch"],["sport","tennis"]]}}
{"type":"Feature","geometry":{"type":"Polygon","coordinates":[[[12.1367267,46.5346036],[12.1366951,46.5342813],[12.1368708,46.534274],[12.1369034,46.5345947],[12.1367267,46.5346036]]]},"properties":{"id":"01c4a08b-6c86-3eba-a41a-bd25c86a5793","version":0,"sources":[{"property":"","dataset":"OpenStreetMap","license":"ODbL-1.0","record_id":"w753509679@1","update_time":"2023-08-25T07:42:45.000Z","confidence":null,"between":null}],"subtype":"recreation","class":"pitch","source_tags":[["leisure","pitch"]]}}
{"type":"Feature","geometry":{"type":"Polygon","coordinates":[[[12.1365243,46.5346142],[12.1364921,46.5342898],[12.1366951,46.5342813],[12.1367267,46.5346036],[12.1365243,46.5346142]]]},"properties":{"id":"3f3cf192-52b0-3afb-b322-311f5252a51d","version":0,"sources":[{"property":"","dataset":"OpenStreetMap","license":"ODbL-1.0","record_id":"w753509682@2","update_time":"2024-05-19T23:46:16.000Z","confidence":null,"between":null}],"subtype":"recreation","class":"pitch","source_tags":[["leisure","pitch"],["sport","tennis"]]}}
{"type":"Feature","geometry":{"type":"Polygon","coordinates":[[[12.1382481,46.5332439],[12.137896,46.5330206],[12.1378628,46.5329842],[12.1378549,46.5329404],[12.1378707,46.5328856],[12.1379022,46.5328571],[12.137874,46.5328393],[12.1381408,46.532614],[12.1382115,46.5325874],[12.1382928,46.5325734],[12.1383594,46.5325712],[12.1384054,46.5325786],[12.1384745,46.5326079],[12.1388092,46.5328045],[12.1387124,46.5328899],[12.1383972,46.5331565],[12.1382481,46.5332439]]]},"properties":{"id":"543fdc5a-7e75-3546-86b1-2f5ae6c7440e","version":0,"sources":[{"property":"","dataset":"OpenStreetMap","license":"ODbL-1.0","record_id":"w396324809@3","update_time":"2024-05-19T23:46:16.000Z","confidence":null,"between":null}],"subtype":"military","class":"military","source_tags":[["landuse","military"]]}}
{"type":"Feature","geometry":{"type":"Polygon","coordinates":[[[12.138812,46.5329517],[12.1388953,46.5329096],[12.1390772,46.5329028],[12.1391644,46.5329526],[12.1391769,46.5330512],[12.1392395,46.5330947],[12.1392563,46.5333017],[12.1391671,46.5333447],[12.1391979,46.5334554],[12.1387331,46.5335298],[12.1386615,46.5334662],[12.1385381,46.5334785],[12.1383597,46.5333659],[12.1383651,46.5333226],[12.1383404,46.5333097],[12.138812,46.5329517]]]},"properties":{"id":"0fbb62bf-34fe-3ae5-985b-8875ab70b89a","version":0,"sources":[{"property":"","dataset":"OpenStreetMap","license":"ODbL-1.0","record_id":"w533368748@2","update_time":"2024-06-04T02:44:43.000Z","confidence":null,"between":null}],"subtype":"military","class":"military","source_tags":[["landuse","military"]]}}
{"type":"Feature","geometry":{"type":"Polygon","coordinates":[[[12.1402513,46.5328202],[12.1402895,46.5326495],[12.1403868,46.5326472],[12.1407019,46.5326569],[12.1407381,46.5326597],[12.1406852,46.5328327],[12.1402513,46.5328202]]]},"properties":{"id":"b3d78712-2c9e-3468-82a6-45c929ae6c79","version":0,"sources":[{"property":"","dataset":"OpenStreetMap","license":"ODbL-1.0","record_id":"w1284740951@1","update_time":"2024-05-19T23:46:16.000Z","confidence":null,"between":null}],"subtype":"residential","class":"residential","names":{"primary":"Villa Nora","common":null,"rules":null},"source_tags":[["landuse","residential"]]}}
{"type":"Feature","geometry":{"type":"Polygon","coordinates":[[[12.1405106,46.5337254],[12.1406793,46.5336672],[12.1407177,46.5337147],[12.1407135,46.5337248],[12.1406286,46.533931],[12.1405813,46.5339294],[12.1405068,46.5337986],[12.1405106,46.5337254]]]},"properties":{"id":"18e498b0-79f6-3e29-b76e-7833cadcdb0d","version":0,"sources":[{"property":"","dataset":"OpenStreetMap","license":"ODbL-1.0","record_id":"w1081194143@2","update_time":"2024-05-19T23:46:16.000Z","confidence":null,"between":null}],"subtype":"park","class":"park","source_tags":[["leisure","park"]]}}
{"type":"Feature","geometry":{"type":"Polygon","coordinates":[[[12.1406286,46.533931],[12.1407135,46.5337248],[12.1407656,46.5337271],[12.1407992,46.5336501],[12.1411787,46.5337013],[12.1411458,46.5338365],[12.1410727,46.5339647],[12.1409775,46.5339624],[12.1408763,46.5339601],[12.1406286,46.533931]]]},"properties":{"id":"00b528c5-c7d3-3c3a-9e2a-94f47f48c6a1","version":0,"sources":[{"property":"","dataset":"OpenStreetMap","license":"ODbL-1.0","record_id":"w1284740940@1","update_time":"2024-05-19T23:46:16.000Z","confidence":null,"between":null}],"subtype":"residential","class":"residential","names":{"primary":"Villa Bigontina","common":null,"rules":null},"source_tags":[["landuse","residential"]]}}
{"type":"Feature","geometry":{"type":"Polygon","coordinates":[[[12.1406966,46.5361196],[12.140488,46.5359948],[12.1404431,46.5359607],[12.1404035,46.5359173],[12.1403962,46.5358915],[12.1403988,46.5358536],[12.1404163,46.5358094],[12.1404726,46.5357646],[12.1405175,46.5357425],[12.1405712,46.5357397],[12.1406382,46.5358121],[12.1406795,46.5358539],[12.1408498,46.5359164],[12.1406966,46.5361196]]]},"properties":{"id":"9c65b6e7-dffc-3a33-8199-f442b8c829e8","version":0,"sources":[{"property":"","dataset":"OpenStreetMap","license":"ODbL-1.0","record_id":"w1284740941@1","update_time":"2024-05-19T23:46:16.000Z","confidence":null,"between":null}],"subtype":"residential","class":"residential","names":{"primary":"Villa Colli","common":null,"rules":null},"source_tags":[["landuse","residential"]]}}
{"type":"Feature","geometry":{"type":"Polygon","coordinates":[[[12.1411124,46.5357574],[12.1413865,46.5358209],[12.1413253,46.5359168],[12.1412941,46.5359377],[12.1412547,46.5359498],[12.1410373,46.535904],[12.1411124,46.5357574]]]},"properties":{"id":"26198a76-6b0f-3347-b404-f242c7c9160f","version":0,"sources":[{"property":"","dataset":"OpenStreetMap","license":"ODbL-1.0","record_id":"w1284740942@1","update_time":"2024-05-19T23:46:16.000Z","confidence":null,"between":null}],"subtype":"residential","class":"residential","names":{"primary":"Villa Diana","common":null,"rules":null},"source_tags":[["landuse","residential"]]}}
{"type":"Feature","geometry":{"type":"LineString","coordinates":[[12.1404852,46.5380278],[12.1405245,46.5380156]]},"properties":{"id":"02e46868-2776-3152-bf1c-bae0977504c1","version":0,"sources":[{"property":"","dataset":"OpenStreetMap","license":"ODbL-1.0","record_id":"w47701158@8","update_time":"2023-09-08T09:45:32.000Z","confidence":null,"between":null}],"subtype":"winter_sports","class":"connection","surface":"asphalt","source_tags":[["highway","path"],["piste:type","connection"],["surface","asphalt"]]}}
{"type":"Feature","geometry":{"type":"LineString","coordinates":[[12.1404852,46.5380278],[12.1404745,46.5380181],[12.1404321,46.5379795],[12.1404067,46.5379534]]},"properties":{"id":"fd963eda-2fd4-3105-9594-a3117991a0b8","version":0,"sources":[{"property":"","dataset":"OpenStreetMap","license":"ODbL-1.0","record_id":"w352383919@4","update_time":"2024-09-11T08:39:04.000Z","confidence":null,"between":null}],"subtype":"winter_sports","class":"connection","surface":"asphalt","names":{"primary":"Via Ria de Zeto","common":null,"rules":null},"source_tags":[["highway","residential"],["lane_markings","no"],["piste:type","connection"],["surface","asphalt"]]}}
{"type":"Feature","geometry":{"type":"LineString","coordinates":[[12.1404067,46.5379534],[12.1407806,46.5377633]]},"properties":{"id":"ebe830ae-9c59-3e6f-a0b8-24b531a0dbd6","version":0,"sources":[{"property":"","dataset":"OpenStreetMap","license":"ODbL-1.0","record_id":"w297585295@6","update_time":"2024-05-19T23:46:16.000Z","confidence":null,"between":null}],"subtype":"winter_sports","class":"connection","surface":"asphalt","source_tags":[["bicycle","designated"],["foot","yes"],["highway","cycleway"],["historic","railway"],["piste:type","connection"],["railway","abandoned"],["segregated","no"],["surface","asphalt"],["width","3"]]}}
{"type":"Feature","geometry":{"type":"LineString","coordinates":[[12.1405245,46.5380156],[12.1405693,46.5380096],[12.1406781,46.537995]]},"properties":{"id":"d3b422ed-8068-34df-8684-99ab0a94cbca","version":0,"sources":[{"property":"","dataset":"OpenStreetMap","license":"ODbL-1.0","record_id":"w352383913@3","update_time":"2024-05-19T23:46:16.000Z","confidence":null,"between":null}],"subtype":"winter_sports","class":"connection","source_tags":[["covered","yes"],["highway","path"],["indoor","yes"],["piste:type","connection"]]}}
{"type":"Feature","geometry":{"type":"LineString","coordinates":[[12.1407806,46.5377633],[12.1416208,46.5373098]]},"properties":{"id":"8fd8affd-5ccd-3542-9801-fab7c1afceaf","version":0,"sources":[{"property":"","dataset":"OpenStreetMap","license":"ODbL-1.0","record_id":"w26497544@9","update_time":"2024-10-21T21:56:49.000Z","confidence":null,"between":null}],"level":1,"subtype":"winter_sports","class":"connection","surface":"asphalt","source_tags":[["bicycle","designated"],["bridge","viaduct"],["bridge:name","viadotto di Ru Bigontina"],["ele","4"],["foot","yes"],["highway","cycleway"],["historic","railway"],["lit","yes"],["piste:type","connection"],["railway","abandoned"],["segregated","no"],["surface","asphalt"],["width","3"]],"elevation":4}}
{"type":"Feature","geometry":{"type":"LineString","coordinates":[[12.1416208,46.5373098],[12.1417429,46.5372369],[12.1419464,46.5370328]]},"properties":{"id":"7c8f93c7-de28-39eb-b7d9-db8cc7ff4773","version":0,"sources":[{"property":"","dataset":"OpenStreetMap","license":"ODbL-1.0","record_id":"w1017528971@5","update_time":"2024-05-19T23:46:16.000Z","confidence":null,"between":null}],"subtype":"winter_sports","class":"connection","surface":"asphalt","source_tags":[["bicycle","designated"],["check_date:surface","2023-09-08"],["cycleway:surface","asphalt"],["cycleway:width","2"],["foot","yes"],["footway:surface","asphalt"],["highway","cycleway"],["historic","railway"],["piste:type","connection"],["railway","abandoned"],["segregated","yes"],["surface","asphalt"],["width","3"],["wikipedia","de:Dolomitenbahn"]]}}
{"type":"Feature","geometry":{"type":"Polygon","coordinates":[[[12.1432822,46.5390114],[12.1414361,46.5386829],[12.1415908,46.5383696],[12.141597,46.5382142],[12.1424767,46.5383839],[12.1421281,46.5378711],[12.1419523,46.5376096],[12.1420786,46.537475],[12.1424915,46.5373568],[12.141947,46.5371077],[12.1423815,46.5361999],[12.1429549,46.5363191],[12.142912,46.5366734],[12.1436094,46.5369096],[12.1438562,46.5370867],[12.1449457,46.5372627],[12.1451603,46.5371299],[12.1454279,46.537314],[12.144913,46.5376978],[12.1447708,46.5380022],[12.1451041,46.5381909],[12.14497,46.5381909],[12.1449029,46.5383329],[12.1445033,46.5384455],[12.1444255,46.5385709],[12.1442485,46.5385488],[12.144219,46.5386263],[12.1440876,46.5385949],[12.1440339,46.5386429],[12.1439474,46.53879],[12.1432822,46.5390114]]]},"properties":{"id":"1f1bce80-790d-3ec4-aca1-550f228bc3a4","version":0,"sources":[{"property":"","dataset":"OpenStreetMap","license":"ODbL-1.0","record_id":"w666304116@3","update_time":"2024-05-31T23:24:43.000Z","confidence":null,"between":null}],"subtype":"agriculture","class":"meadow","source_tags":[["landuse","meadow"]]}}
{"type":"Feature","geometry":{"type":"Polygon","coordinates":[[[12.1496397,46.53713],[12.149433,46.5371486],[12.1494734,46.5369824],[12.1496771,46.5367464],[12.1504068,46.5365506],[12.1510612,46.5365102],[12.1513884,46.5368276],[12.1514372,46.5369114],[12.1513832,46.5369621],[12.1512759,46.5370802],[12.1512222,46.5371207],[12.1511176,46.5371632],[12.1509138,46.5372241],[12.1506375,46.5373145],[12.1505061,46.5373864],[12.1504712,46.5373957],[12.1504122,46.5373717],[12.1500421,46.5372075],[12.1502191,46.5370266],[12.1501306,46.5369897],[12.1499401,46.5371743],[12.1498033,46.5371355],[12.1496397,46.53713]]]},"properties":{"id":"eef8dd39-6284-3bb5-ac44-686ca56ce334","version":0,"sources":[{"property":"","dataset":"OpenStreetMap","license":"ODbL-1.0","record_id":"w1288541778@1","update_time":"2024-05-31T23:24:42.000Z","confidence":null,"between":null}],"subtype":"managed","class":"grass","source_tags":[["landuse","grass"]]}}
{"type":"Feature","geometry":{"type":"Polygon","coordinates":[[[12.1480116,46.5338272],[12.1481538,46.5340228],[12.1481055,46.5343992],[12.1482181,46.5344288],[12.1482933,46.5344066],[12.1483201,46.5342627],[12.1483952,46.5341335],[12.14854,46.5340265],[12.1487385,46.5340745],[12.1487814,46.5342221],[12.1487868,46.534366],[12.1488994,46.5344878],[12.1490282,46.5345985],[12.1492052,46.5346723],[12.1494681,46.5346871],[12.1496719,46.5347203],[12.1498436,46.5348088],[12.1498758,46.5349399],[12.149857,46.5350118],[12.149806,46.5350764],[12.1497229,46.5351207],[12.1493232,46.5352074],[12.1492508,46.5352498],[12.1491435,46.5353938],[12.149055,46.5354343],[12.1489558,46.5354583],[12.1488512,46.5354528],[12.1487573,46.5354196],[12.1486554,46.5354214],[12.1485883,46.5354768],[12.1485023,46.5355471],[12.1483065,46.5355043],[12.1481726,46.5354989],[12.1480679,46.5354934],[12.1479607,46.5355008],[12.1478641,46.535534],[12.1477702,46.5355598],[12.1476683,46.5355783],[12.1475637,46.5355783],[12.1474725,46.5355414],[12.1475798,46.5354251],[12.1477702,46.5352627],[12.1478721,46.5352369],[12.1479687,46.5352646],[12.1480197,46.5353292],[12.1481055,46.5353735],[12.1481699,46.5353144],[12.1482101,46.5352461],[12.1482074,46.5351723],[12.1481913,46.5351004],[12.148127,46.53501],[12.148084,46.5349435],[12.1479955,46.5348974],[12.1479017,46.5348605],[12.147899,46.5347849],[12.1478131,46.5347424],[12.1477166,46.5347701],[12.1476173,46.5347959],[12.147553,46.534783],[12.1476978,46.5345902],[12.1476415,46.5345727],[12.1477059,46.5344703],[12.1475261,46.5344324],[12.1474336,46.5344103],[12.1474242,46.5343513],[12.14762,46.5343679],[12.147612,46.5343356],[12.1475355,46.534331],[12.1475261,46.534223],[12.1476361,46.5342175],[12.1476468,46.5341594],[12.147734,46.5341566],[12.1477407,46.5338817],[12.1477716,46.5338632],[12.1478105,46.533854],[12.1480116,46.5338272]]]},"properties":{"id":"75c32cc7-79a4-34cd-83ab-913bd5068a7c","version":0,"sources":[{"property":"","dataset":"OpenStreetMap","license":"ODbL-1.0","record_id":"w1288541779@1","update_time":"2024-05-31T23:24:42.000Z","confidence":null,"between":null}],"subtype":"managed","class":"grass","source_tags":[["landuse","grass"]]}}
{"type":"Feature","geometry":{"type":"Polygon","coordinates":[[[12.1470648,46.5326943],[12.1473759,46.5326279],[12.1475851,46.5326279],[12.1476549,46.5327681],[12.1475905,46.5329083],[12.1474779,46.5330338],[12.1473169,46.5331371],[12.147274,46.5332811],[12.147451,46.5333549],[12.1476603,46.5333807],[12.1476307,46.533484],[12.1475798,46.5335597],[12.1475315,46.533591],[12.1474564,46.5335929],[12.1474135,46.5337885],[12.1473518,46.5337756],[12.1473438,46.5336722],[12.1472472,46.5335338],[12.1471238,46.5334047],[12.147105,46.5333567],[12.147105,46.5332534],[12.1471359,46.533127],[12.1471721,46.5330283],[12.1471815,46.5329379],[12.1471493,46.5328391],[12.147105,46.5327487],[12.1470648,46.5326943]]]},"properties":{"id":"4a81c0f2-1078-3a5c-addb-a0d271c45fe6","version":0,"sources":[{"property":"","dataset":"OpenStreetMap","license":"ODbL-1.0","record_id":"w1288541780@1","update_time":"2024-05-31T23:24:42.000Z","confidence":null,"between":null}],"subtype":"managed","class":"grass","source_tags":[["landuse","grass"]]}}
{"type":"Feature","geometry":{"type":"Polygon","coordinates":[[[12.1403868,46.5326472],[12.1402895,46.5326495],[12.140203,46.5326505],[12.1402225,46.5326034],[12.1402453,46.5325845],[12.1402721,46.5325568],[12.1402996,46.5324701],[12.1403076,46.5324194],[12.1407945,46.5324752],[12.1407603,46.5325822],[12.1407381,46.5326597],[12.1407019,46.5326569],[12.1403868,46.5326472]]]},"properties":{"id":"d3219ada-9fd9-32a8-ab9f-bb99f2755e9f","version":0,"sources":[{"property":"","dataset":"OpenStreetMap","license":"ODbL-1.0","record_id":"w1284740950@1","update_time":"2024-05-19T23:46:16.000Z","confidence":null,"between":null}],"subtype":"residential","class":"residential","names":{"primary":"Villa Maria","common":null,"rules":null},"source_tags":[["landuse","residential"]]}}
{"type":"Feature","geometry":{"type":"Polygon","coordinates":[[[12.1403144,46.5321338],[12.1403828,46.5318017],[12.1410238,46.5318473],[12.1410037,46.5319659],[12.1409856,46.5320651],[12.1409266,46.5320849],[12.140889,46.5321975],[12.1403144,46.5321338]]]},"properties":{"id":"a5cc2734-c939-32c5-89e3-4c83bd42815a","version":0,"sources":[{"property":"","dataset":"OpenStreetMap","license":"ODbL-1.0","record_id":"w1289239095@1","update_time":"2024-06-04T02:44:43.000Z","confidence":null,"between":null}],"subtype":"residential","class":"residential","names":{"primary":"Villa Manaigo","common":null,"rules":null},"source_tags":[["landuse","residential"]]}}
{"type":"Feature","geometry":{"type":"Polygon","coordinates":[[[12.1406771,46.5314774],[12.1407308,46.5314294],[12.1408179,46.5312587],[12.140826,46.5312356],[12.1411733,46.5312698],[12.1411505,46.5315161],[12.1406771,46.5314774]]]},"properties":{"id":"bdc1b9d1-7c80-30fb-9dc0-8d02e05a9c68","version":0,"sources":[{"property":"","dataset":"OpenStreetMap","license":"ODbL-1.0","record_id":"w1289239096@1","update_time":"2024-06-04T02:44:43.000Z","confidence":null,"between":null}],"subtype":"residential","class":"residential","names":{"primary":"Villa Erica","common":null,"rules":null},"source_tags":[["landuse","residential"]]}}
{"type":"Feature","geometry":{"type":"Polygon","coordinates":[[[12.1405185,46.5302644],[12.1403915,46.5302558],[12.1403848,46.530289],[12.1401805,46.5302894],[12.1401957,46.5302705],[12.1402278,46.5302521],[12.1402708,46.5302392],[12.1402788,46.5301967],[12.1402144,46.5301552],[12.140234,46.5298877],[12.1405793,46.5299081],[12.1405185,46.5302644]]]},"properties":{"id":"145e3952-8605-31e4-ac9f-f8499c83f1cd","version":0,"sources":[{"property":"","dataset":"OpenStreetMap","license":"ODbL-1.0","record_id":"w1171645938@2","update_time":"2024-06-04T02:44:43.000Z","confidence":null,"between":null}],"subtype":"residential","class":"residential","names":{"primary":"Villa Gio","common":null,"rules":null},"source_tags":[["landuse","residential"]]}}
{"type":"Feature","geometry":{"type":"Polygon","coordinates":[[[12.1405793,46.5299081],[12.140234,46.5298877],[12.1402622,46.5296216],[12.1406377,46.5296475],[12.1405793,46.5299081]]]},"properties":{"id":"bb1c2e59-9a40-31dd-9601-a1e62eab8db2","version":0,"sources":[{"property":"","dataset":"OpenStreetMap","license":"ODbL-1.0","record_id":"w1171645935@2","update_time":"2024-06-04T02:44:43.000Z","confidence":null,"between":null}],"subtype":"residential","class":"residential","names":{"primary":"La Rocchetta","common":null,"rules":null},"source_tags":[["landuse","residential"]]}}
{"type":"Feature","geometry":{"type":"Polygon","coordinates":[[[12.1397405,46.5296658],[12.1397424,46.5294761],[12.1401937,46.5295052],[12.1401782,46.5296768],[12.1397405,46.5296658]]]},"properties":{"id":"86b53732-071a-332d-970a-081331fc3631","version":0,"sources":[{"property":"","dataset":"OpenStreetMap","license":"ODbL-1.0","record_id":"w1289239094@1","update_time":"2024-06-04T02:44:43.000Z","confidence":null,"between":null}],"subtype":"residential","class":"residential","source_tags":[["landuse","residential"]]}}
{"type":"Feature","geometry":{"type":"Polygon","coordinates":[[[12.1402622,46.5296216],[12.140286,46.5294444],[12.1406639,46.529478],[12.1406377,46.5296475],[12.1402622,46.5296216]]]},"properties":{"id":"0b3b9363-9d8f-324c-b325-4c33217a7145","version":0,"sources":[{"property":"","dataset":"OpenStreetMap","license":"ODbL-1.0","record_id":"w1171630393@2","update_time":"2024-06-04T02:44:43.000Z","confidence":null,"between":null}],"subtype":"residential","class":"residential","names":{"primary":"Villa ai Monti","common":null,"rules":null},"source_tags":[["landuse","residential"]]}}
{"type":"Feature","geometry":{"type":"Polygon","coordinates":[[[12.1406639,46.529478],[12.140286,46.5294444],[12.1403085,46.5292582],[12.1407037,46.5292869],[12.1406639,46.529478]]]},"properties":{"id":"6dcd2b67-9c1b-3a83-81e3-0e5110233105","version":0,"sources":[{"property":"","dataset":"OpenStreetMap","license":"ODbL-1.0","record_id":"w1171630391@2","update_time":"2024-06-04T02:44:43.000Z","confidence":null,"between":null}],"subtype":"residential","class":"residential","names":{"primary":"Ca' Monti","common":null,"rules":null},"source_tags":[["landuse","residential"]]}}
{"type":"Feature","geometry":{"type":"Polygon","coordinates":[[[12.1414321,46.5278413],[12.1418626,46.5279263],[12.142226,46.527535],[12.1426498,46.5277306],[12.1435547,46.5276538],[12.1444147,46.5278487],[12.1436797,46.5281255],[12.1430092,46.5286053],[12.1419578,46.528358],[12.1418182,46.5284392],[12.1417299,46.5285793],[12.1417861,46.5287086],[12.141695,46.5293341],[12.1416573,46.5296107],[12.1408044,46.5295942],[12.1408902,46.5291513],[12.1410297,46.5287527],[12.1414321,46.5278413]]]},"properties":{"id":"2dfb9b97-4078-34c3-a177-a552a29c0f7f","version":0,"sources":[{"property":"","dataset":"OpenStreetMap","license":"ODbL-1.0","record_id":"w666304128@4","update_time":"2024-06-05T23:37:57.000Z","confidence":null,"between":null}],"subtype":"agriculture","class":"meadow","source_tags":[["landuse","meadow"]]}}
{"type":"Feature","geometry":{"type":"Polygon","coordinates":[[[12.1511572,46.5247522],[12.1505778,46.5241025],[12.1503632,46.5236596],[12.1501057,46.5236744],[12.1499299,46.5239525],[12.1496373,46.5238164],[12.1492735,46.5242354],[12.1481746,46.5239106],[12.1475523,46.5241321],[12.1468152,46.5247352],[12.1463431,46.524558],[12.1462633,46.5243146],[12.1466034,46.52432],[12.1468486,46.5240588],[12.1471807,46.5239446],[12.1474734,46.523667],[12.1483987,46.5232916],[12.1488653,46.5228998],[12.1490867,46.5228998],[12.1497894,46.5232362],[12.1502534,46.5231055],[12.1504369,46.523107],[12.1506744,46.5231276],[12.1510641,46.523235],[12.1511338,46.523223],[12.1514171,46.5230479],[12.1511859,46.5227869],[12.1518026,46.523098],[12.1521673,46.5229061],[12.1520815,46.5225074],[12.1526609,46.5225222],[12.1539912,46.5227289],[12.1545277,46.5230832],[12.1557078,46.5233933],[12.1551929,46.5238657],[12.1554933,46.5239839],[12.1558366,46.5237476],[12.1563516,46.5237476],[12.1560512,46.5243529],[12.1570372,46.5244563],[12.1579732,46.5254734],[12.1573155,46.5258151],[12.1570366,46.5254018],[12.1556129,46.5247499],[12.1549981,46.5246193],[12.1543329,46.5247226],[12.1541398,46.5251508],[12.1543544,46.5254903],[12.1533673,46.5259923],[12.1537321,46.5260661],[12.1538823,46.5263319],[12.1537031,46.5266101],[12.1529811,46.5266419],[12.1528738,46.5268929],[12.1536248,46.5271586],[12.15351,46.5275107],[12.1519726,46.5269076],[12.1526732,46.5263444],[12.1526378,46.5260366],[12.1521013,46.5258299],[12.1518363,46.5261672],[12.151007,46.5258004],[12.151007,46.5255199],[12.151243,46.5254165],[12.1530454,46.525889],[12.1531881,46.5253553],[12.1528877,46.52506],[12.1523298,46.5250452],[12.1519436,46.5247795],[12.1511572,46.5247522]]]},"properties":{"id":"52783752-d253-3f1c-85c8-7b3d1c0e7277","version":0,"sources":[{"property":"","dataset":"OpenStreetMap","license":"ODbL-1.0","record_id":"w424051014@3","update_time":"2024-06-25T09:30:23.000Z","confidence":null,"between":null}],"subtype":"agriculture","class":"meadow","source_tags":[["landuse","meadow"]]}}
{"type":"Feature","geometry":{"type":"Polygon","coordinates":[[[12.1778517,46.529698],[12.1774225,46.5296389],[12.1766286,46.530008],[12.176091,46.5306869],[12.1758764,46.5313512],[12.1760266,46.532045],[12.1762766,46.5326332],[12.1759622,46.5326502],[12.1752756,46.532045],[12.1750396,46.531425],[12.1758335,46.5299192],[12.1748679,46.5304507],[12.1740096,46.5317054],[12.1742885,46.5322516],[12.1718209,46.5329602],[12.1716494,46.5323249],[12.1719283,46.5321182],[12.1725437,46.5319707],[12.1727877,46.5319123],[12.1734947,46.5310406],[12.174353,46.5299039],[12.1756845,46.5280888],[12.1747969,46.5278054],[12.1749114,46.5271728],[12.1757289,46.5274009],[12.175922,46.5270613],[12.1763705,46.5269218],[12.1765422,46.5263756],[12.1767997,46.5267889],[12.1777867,46.5267299],[12.1776044,46.5268225],[12.1775079,46.5269517],[12.1777385,46.5272064],[12.1779853,46.5270957],[12.178173,46.5267446],[12.1786901,46.5268989],[12.17911,46.5271736],[12.1783179,46.5273909],[12.1776366,46.5274389],[12.1782589,46.52776],[12.1783233,46.5279335],[12.1783482,46.5282841],[12.1783662,46.5285387],[12.1784725,46.5290297],[12.1785164,46.5292326],[12.1778517,46.529698]]]},"properties":{"id":"e028467f-f697-30b5-80d6-a1d6452c1c91","version":0,"sources":[{"property":"","dataset":"OpenStreetMap","license":"ODbL-1.0","record_id":"w708948197@3","update_time":"2022-07-23T08:48:45.000Z","confidence":null,"between":null}],"subtype":"managed","class":"grass","source_tags":[["landuse","grass"]]}}
{"type":"Feature","geometry":{"type":"LineString","coordinates":[[12.1767483,46.5274244],[12.1767936,46.5276981],[12.1765203,46.5281982],[12.1754261,46.5292473],[12.1740544,46.5308427]]},"properties":{"id":"51b07acc-8857-3f65-a17b-782ce80d5634","version":0,"sources":[{"property":"","dataset":"OpenStreetMap","license":"ODbL-1.0","record_id":"w772961307@1","update_time":"2020-02-16T18:24:14.000Z","confidence":null,"between":null}],"subtype":"winter_sports","class":"downhill","names":{"primary":"Tondi Normale","common":null,"rules":null},"source_tags":[["piste:difficulty","easy"],["piste:type","downhill"]]}}
{"type":"Feature","geometry":{"type":"LineString","coordinates":[[12.1765203,46.5281982],[12.1763488,46.528618],[12.1761374,46.5290152],[12.1761537,46.5293452],[12.1762838,46.5296193],[12.1763682,46.5297018]]},"properties":{"id":"c00c6428-49b0-3b99-81e4-f5aed6c992a1","version":0,"sources":[{"property":"","dataset":"OpenStreetMap","license":"ODbL-1.0","record_id":"w772961310@1","update_time":"2020-02-16T18:24:14.000Z","confidence":null,"between":null}],"subtype":"winter_sports","class":"downhill","source_tags":[["piste:difficulty","intermediate"],["piste:type","downhill"]]}}
{"type":"Feature","geometry":{"type":"LineString","coordinates":[[12.1777437,46.527521],[12.1777056,46.5280045],[12.1777682,46.5284078],[12.1776972,46.5288122],[12.1775443,46.5290093],[12.177038,46.529335],[12.1763682,46.5297018],[12.1759806,46.5301532],[12.1756939,46.5307546],[12.1755331,46.5312839],[12.1753777,46.531834]]},"properties":{"id":"74f6e70d-6c2f-3b8f-a879-14cc540ed454","version":0,"sources":[{"property":"","dataset":"OpenStreetMap","license":"ODbL-1.0","record_id":"w772961306@1","update_time":"2020-02-16T18:24:14.000Z","confidence":null,"between":null}],"subtype":"winter_sports","class":"downhill","names":{"primary":"Slittone","common":null,"rules":null},"source_tags":[["piste:difficulty","intermediate"],["piste:type","downhill"]]}}
{"type":"Feature","geometry":{"type":"LineString","coordinates":[[12.1776972,46.5288122],[12.1778306,46.5290549],[12.1781009,46.5293029],[12.1776904,46.5292891],[12.17731,46.5293097],[12.177038,46.529335]]},"properties":{"id":"a7c064ad-1201-3987-b54f-f74f72c02a63","version":0,"sources":[{"property":"","dataset":"OpenStreetMap","license":"ODbL-1.0","record_id":"w772961311@1","update_time":"2020-02-16T18:24:14.000Z","confidence":null,"between":null}],"subtype":"winter_sports","class":"downhill","source_tags":[["piste:difficulty","intermediate"],["piste:type","downhill"]]}}
{"type":"Feature","geometry":{"type":"LineString","coordinates":[[12.1777437,46.527521],[12.1773551,46.5276814],[12.1768998,46.5279444],[12.1765203,46.5281982]]},"properties":{"id":"cc196d6d-fcac-39c6-892d-c37b2d43c3c6","version":0,"sources":[{"property":"","dataset":"OpenStreetMap","license":"ODbL-1.0","record_id":"w772961309@1","update_time":"2020-02-16T18:24:14.000Z","confidence":null,"between":null}],"subtype":"winter_sports","class":"downhill","source_tags":[["piste:difficulty","intermediate"],["piste:type","downhill"]]}}
{"type":"Feature","geometry":{"type":"LineString","coordinates":[[12.1763871,46.5271504],[12.1767483,46.5274244]]},"properties":{"id":"0fd7f19a-8754-3132-839c-fa03ece8a5a9","version":0,"sources":[{"property":"","dataset":"OpenStreetMap","license":"ODbL-1.0","record_id":"w150557318@7","update_time":"2022-01-01T14:37:19.000Z","confidence":null,"between":null}],"subtype":"winter_sports","class":"downhill","names":{"primary":"Tondi Normale","common":null,"rules":null},"source_tags":[["piste:difficulty","easy"],["piste:type","downhill"]]}}
{"type":"Feature","geometry":{"type":"LineString","coordinates":[[12.1836421,46.527697],[12.1823248,46.5275893],[12.1817267,46.5275859],[12.1815064,46.5275719],[12.1813112,46.5275323],[12.1805936,46.5272739],[12.1798313,46.5271928],[12.1793261,46.5272976],[12.1785325,46.5274861],[12.1777437,46.527521]]},"properties":{"id":"0d7dda7f-ece2-31e7-a21a-4e588721c654","version":0,"sources":[{"property":"","dataset":"OpenStreetMap","license":"ODbL-1.0","record_id":"w46895205@10","update_time":"2020-10-14T08:06:56.000Z","confidence":null,"between":null}],"subtype":"winter_sports","class":"downhill","names":{"primary":"Slittone","common":null,"rules":null},"source_tags":[["piste:difficulty","intermediate"],["piste:type","downhill"]]}}
{"type":"Feature","geometry":{"type":"LineString","coordinates":[[12.1817267,46.5275859],[12.181904,46.527735],[12.1820041,46.5279347],[12.1819519,46.5282763]]},"properties":{"id":"b4cca8c9-c12c-3fe9-a71f-b947512c4a84","version":0,"sources":[{"property":"","dataset":"OpenStreetMap","license":"ODbL-1.0","record_id":"w772961313@1","update_time":"2020-02-16T18:24:14.000Z","confidence":null,"between":null}],"subtype":"winter_sports","class":"downhill","source_tags":[["piste:difficulty","intermediate"],["piste:type","downhill"]]}}
{"type":"Feature","geometry":{"type":"Polygon","coordinates":[[[12.1803564,46.52955],[12.1801794,46.5293212],[12.1802825,46.529015],[12.1803993,46.5286679],[12.1807587,46.5283505],[12.1814185,46.5283948],[12.1815848,46.5280036],[12.1816252,46.5277781],[12.1817565,46.5278227],[12.1825611,46.527808],[12.1828723,46.5284206],[12.1828558,46.5285497],[12.1822822,46.5293359],[12.1818658,46.5295023],[12.1812308,46.5294725],[12.1812121,46.5294741],[12.1803564,46.52955]]]},"properties":{"id":"25a904eb-f301-3453-afaf-f1a3fa6b8ca7","version":0,"sources":[{"property":"","dataset":"OpenStreetMap","license":"ODbL-1.0","record_id":"w856555227@1","update_time":"2020-10-07T23:01:07.000Z","confidence":null,"between":null}],"subtype":"managed","class":"grass","source_tags":[["landuse","grass"]]}}
{"type":"Feature","geometry":{"type":"LineString","coordinates":[[12.179185,46.529395],[12.1785914,46.5293373],[12.1781009,46.5293029],[12.1783111,46.5295646],[12.1783756,46.5297043]]},"properties":{"id":"4d019aa0-5349-3027-bc26-e73761b48250","version":0,"sources":[{"property":"","dataset":"OpenStreetMap","license":"ODbL-1.0","record_id":"w772961312@1","update_time":"2020-02-16T18:24:14.000Z","confidence":null,"between":null}],"subtype":"winter_sports","class":"downhill","source_tags":[["piste:difficulty","intermediate"],["piste:type","downhill"]]}}
{"type":"Feature","geometry":{"type":"LineString","coordinates":[[12.1836421,46.527697],[12.1829776,46.5278978],[12.1824038,46.5280263],[12.1819519,46.5282763],[12.1817885,46.5284211],[12.1815974,46.528895],[12.1814268,46.5291352],[12.1810493,46.5293184],[12.1805329,46.5293777],[12.1799136,46.5293938],[12.179185,46.529395],[12.1785608,46.5294854],[12.1783756,46.5297043],[12.1784306,46.5301215],[12.1787491,46.5307454],[12.1787958,46.5309717],[12.178637,46.5315322],[12.1782952,46.5318817],[12.1780134,46.5323167],[12.1778475,46.5327342],[12.1777749,46.533216]]},"properties":{"id":"b4eb81d9-f07a-372e-85a8-f8250e11afeb","version":0,"sources":[{"property":"","dataset":"OpenStreetMap","license":"ODbL-1.0","record_id":"w144919091@6","update_time":"2020-02-16T18:24:14.000Z","confidence":null,"between":null}],"subtype":"winter_sports","class":"downhill","names":{"primary":"Stratondi","common":null,"rules":null},"source_tags":[["piste:difficulty","advanced"],["piste:type","downhill"]]}}
{"type":"Feature","geometry":{"type":"LineString","coordinates":[[12.1836421,46.527697],[12.1829776,46.5278978],[12.1829754,46.5282103],[12.1828558,46.5285497],[12.1827946,46.5287912],[12.1827064,46.5290179],[12.1826059,46.5293347],[12.1824333,46.5300223],[12.1825444,46.5304054],[12.1828154,46.5309347],[12.1830023,46.5313853],[12.1829084,46.5318632],[12.1824941,46.5323136],[12.1818955,46.5328977],[12.1811462,46.5333625],[12.1802683,46.5340248],[12.1796689,46.5345436],[12.1787443,46.5350244]]},"properties":{"id":"27f454d6-def7-32d8-85b4-476089011aa0","version":0,"sources":[{"property":"","dataset":"OpenStreetMap","license":"ODbL-1.0","record_id":"w46895208@9","update_time":"2022-01-01T14:37:19.000Z","confidence":null,"between":null}],"subtype":"winter_sports","class":"downhill","names":{"primary":"Canalone Franchetti","common":null,"rules":null},"source_tags":[["piste:difficulty","advanced"],["piste:type","downhill"]]}}
{"type":"Feature","geometry":{"type":"Polygon","coordinates":[[[12.1780436,46.5316169],[12.1783227,46.5309372],[12.1784306,46.5301215],[12.178452,46.5299596],[12.1787256,46.5294466],[12.179185,46.529395],[12.1795464,46.5293544],[12.1801794,46.5293212],[12.1803564,46.52955],[12.1802472,46.5297722],[12.1801896,46.5298895],[12.1790094,46.5298748],[12.1793313,46.5308343],[12.1791378,46.53124],[12.1788807,46.5317791],[12.1784086,46.5322072],[12.1780234,46.5330634],[12.1781951,46.5333332],[12.178709,46.5341409],[12.1780222,46.534082],[12.1778934,46.5337425],[12.1773495,46.5331499],[12.1775501,46.5327978],[12.1780436,46.5316169]]]},"properties":{"id":"1f747c12-16a9-3bda-94fe-3330cda17758","version":0,"sources":[{"property":"","dataset":"OpenStreetMap","license":"ODbL-1.0","record_id":"w708948195@3","update_time":"2020-10-07T23:01:07.000Z","confidence":null,"between":null}],"subtype":"managed","class":"grass","source_tags":[["landuse","grass"]]}}
{"type":"Feature","geometry":{"type":"LineString","coordinates":[[12.1740544,46.5308427],[12.1735915,46.5317569],[12.1734216,46.5321406]]},"properties":{"id":"a9b8ea04-a8d9-37ba-ac57-1d26565f882c","version":0,"sources":[{"property":"","dataset":"OpenStreetMap","license":"ODbL-1.0","record_id":"w295707302@2","update_time":"2020-10-19T07:20:47.000Z","confidence":null,"between":null}],"subtype":"winter_sports","class":"downhill","names":{"primary":"Tondi Normale","common":null,"rules":null},"source_tags":[["piste:difficulty","easy"],["piste:type","downhill"]]}}
{"type":"Feature","geometry":{"type":"LineString","coordinates":[[12.1732426,46.5322206],[12.1733081,46.5322041],[12.1734216,46.5321406]]},"properties":{"id":"c6dd25c0-81db-3124-a8c5-5a08de37592f","version":0,"sources":[{"property":"","dataset":"OpenStreetMap","license":"ODbL-1.0","record_id":"w295707301@5","update_time":"2023-06-07T11:15:05.000Z","confidence":null,"between":null}],"subtype":"winter_sports","class":"downhill","source_tags":[["highway","track"],["piste:difficulty","easy"],["piste:oneway","no"],["piste:type","downhill"],["source","Bing"],["tracktype","grade1"]]}}
{"type":"Feature","geometry":{"type":"LineString","coordinates":[[12.1734216,46.5321406],[12.1732381,46.5321204],[12.1731295,46.5320612]]},"properties":{"id":"6a061fa7-67b8-3bf4-8bd3-406523658523","version":0,"sources":[{"property":"","dataset":"OpenStreetMap","license":"ODbL-1.0","record_id":"w1017349416@1","update_time":"2022-01-01T14:37:19.000Z","confidence":null,"between":null}],"subtype":"winter_sports","class":"connection","source_tags":[["piste:difficulty","easy"],["piste:type","connection"]]}}
{"type":"Feature","geometry":{"type":"LineString","coordinates":[[12.1726708,46.532618],[12.1726058,46.5324127],[12.1726102,46.532331],[12.1726917,46.5322998],[12.1729534,46.5322602],[12.1732426,46.5322206]]},"properties":{"id":"91550c1d-b119-35ae-82fa-ec4dc560fa00","version":0,"sources":[{"property":"","dataset":"OpenStreetMap","license":"ODbL-1.0","record_id":"w243675202@8","update_time":"2025-08-14T15:32:29.000Z","confidence":null,"between":null}],"subtype":"winter_sports","class":"downhill","surface":"unpaved","source_tags":[["check_date:surface","2025-08-14"],["highway","path"],["oneway","no"],["piste:difficulty","easy"],["piste:oneway","no"],["piste:type","downhill"],["surface","unpaved"]]}}
{"type":"Feature","geometry":{"type":"LineString","coordinates":[[12.1734216,46.5321406],[12.1736794,46.5321761],[12.1739691,46.5320892],[12.1743474,46.531926],[12.1748485,46.5318254],[12.1753777,46.531834],[12.1755555,46.5320084],[12.1760908,46.5323123],[12.1762886,46.5323789],[12.1771584,46.5327951],[12.17749,46.5329943],[12.1777749,46.533216],[12.1780085,46.5335633],[12.1782003,46.534037],[12.1782228,46.5340926],[12.1784136,46.5345565],[12.1784355,46.5346093],[12.1786137,46.5348117],[12.1789355,46.535333],[12.1791037,46.5353951],[12.1791958,46.5352891]]},"properties":{"id":"2caf5b3d-5ba1-3279-a080-696c833934f6","version":0,"sources":[{"property":"","dataset":"OpenStreetMap","license":"ODbL-1.0","record_id":"w150557317@10","update_time":"2020-10-19T07:20:47.000Z","confidence":null,"between":null}],"subtype":"winter_sports","class":"downhill","names":{"primary":"Faloriai Normale","common":null,"rules":null},"source_tags":[["piste:difficulty","easy"],["piste:grooming","classic"],["piste:type","downhill"]]}}
{"type":"Feature","geometry":{"type":"LineString","coordinates":[[12.1810144,46.5354675],[12.1806881,46.5368249],[12.1803334,46.5382807],[12.1803563,46.5385955],[12.1808368,46.5391857],[12.1808025,46.5396343],[12.1806194,46.5402087],[12.180533,46.5404878]]},"properties":{"id":"a3408aea-febd-307a-a823-4dd8f8121e34","version":0,"sources":[{"property":"","dataset":"OpenStreetMap","license":"ODbL-1.0","record_id":"w772961315@1","update_time":"2020-02-16T18:24:14.000Z","confidence":null,"between":null}],"subtype":"winter_sports","class":"downhill","source_tags":[["piste:difficulty","intermediate"],["piste:type","downhill"]]}}
{"type":"Feature","geometry":{"type":"LineString","coordinates":[[12.1829066,46.5366251],[12.1828596,46.536581]]},"properties":{"id":"254efec2-6b9d-3c1f-bdf7-e93b02ccda86","version":0,"sources":[{"property":"","dataset":"OpenStreetMap","license":"ODbL-1.0","record_id":"w1017239608@1","update_time":"2021-12-31T22:03:34.000Z","confidence":null,"between":null}],"subtype":"winter_sports","class":"connection","source_tags":[["piste:difficulty","easy"],["piste:type","connection"]]}}
{"type":"Feature","geometry":{"type":"LineString","coordinates":[[12.1784687,46.5347059],[12.1787443,46.5350244],[12.1789894,46.5353465],[12.1790787,46.5353892],[12.1791958,46.5352891]]},"properties":{"id":"b389e683-442f-3187-9994-d3f24282d527","version":0,"sources":[{"property":"","dataset":"OpenStreetMap","license":"ODbL-1.0","record_id":"w295883802@3","update_time":"2020-10-19T07:20:47.000Z","confidence":null,"between":null}],"subtype":"winter_sports","class":"downhill","names":{"primary":"Faloriai Normale","common":null,"rules":null},"source_tags":[["highway","track"],["piste:difficulty","easy"],["piste:type","downhill"]]}}
{"type":"Feature","geometry":{"type":"Polygon","coordinates":[[[12.1801901,46.5341667],[12.1806829,46.5341559],[12.180535,46.5344719],[12.1802752,46.5350268],[12.179653,46.5351596],[12.1794384,46.5356172],[12.1779793,46.5357353],[12.1781724,46.5350858],[12.1780736,46.534987],[12.1779363,46.5348496],[12.1780222,46.534082],[12.178709,46.5341409],[12.178933,46.5338193],[12.1792025,46.5334324],[12.1796746,46.5334324],[12.1804256,46.5329453],[12.181139,46.5328401],[12.1808231,46.5333106],[12.1801901,46.5341667]]]},"properties":{"id":"62bc0473-4766-3805-b310-d0c6859958f9","version":0,"sources":[{"property":"","dataset":"OpenStreetMap","license":"ODbL-1.0","record_id":"w856555226@1","update_time":"2020-10-07T23:01:07.000Z","confidence":null,"between":null}],"subtype":"agriculture","class":"meadow","source_tags":[["landuse","meadow"]]}}
{"type":"Feature","geometry":{"type":"LineString","coordinates":[[12.1856887,46.5333477],[12.1858949,46.5336944],[12.1858847,46.5338138],[12.1857979,46.5341543],[12.1858081,46.5343896],[12.185849,46.5344914],[12.1860138,46.5345572]]},"properties":{"id":"2b242c0a-07d2-3757-8262-c393361a76c2","version":0,"sources":[{"property":"","dataset":"OpenStreetMap","license":"ODbL-1.0","record_id":"w858820399@1","update_time":"2020-10-14T08:06:56.000Z","confidence":null,"between":null}],"subtype":"winter_sports","class":"downhill","names":{"primary":"Vitelli Alta","common":null,"rules":null},"source_tags":[["piste:difficulty","advanced"],["piste:type","downhill"]]}}
{"type":"Feature","geometry":{"type":"Polygon","coordinates":[[[12.187337,46.5305465],[12.187335,46.5306277],[12.1863694,46.531661],[12.1863694,46.5328419],[12.1860046,46.5332553],[12.1866776,46.5338555],[12.1870067,46.5341491],[12.1873075,46.5347716],[12.1876343,46.5359233],[12.1871322,46.5377418],[12.1867374,46.5380481],[12.1870346,46.53591],[12.187246,46.5356392],[12.1868144,46.5347686],[12.1856903,46.5347616],[12.1850701,46.5354606],[12.1830145,46.5366326],[12.1831078,46.5369514],[12.1818846,46.5367095],[12.1813267,46.5358755],[12.1824641,46.5362658],[12.1830094,46.5362014],[12.1842129,46.5350414],[12.1842241,46.5352406],[12.1844387,46.5352185],[12.1848088,46.5347498],[12.1850824,46.5345173],[12.1854467,46.5343845],[12.1856549,46.533721],[12.185333,46.5331601],[12.1854682,46.5321924],[12.1860051,46.5312107],[12.1857691,46.5305686],[12.1864467,46.5302139],[12.1867132,46.5304136],[12.1867347,46.5308933],[12.1870029,46.5305686],[12.187337,46.5305465]]]},"properties":{"id":"4164df77-b29e-32d0-a79d-e2c0abe594ce","version":0,"sources":[{"property":"","dataset":"OpenStreetMap","license":"ODbL-1.0","record_id":"w708948203@1","update_time":"2019-07-30T17:04:27.000Z","confidence":null,"between":null}],"subtype":"managed","class":"grass","source_tags":[["landuse","grass"]]}}
{"type":"Feature","geometry":{"type":"LineString","coordinates":[[12.1836421,46.527697],[12.1837966,46.5278952],[12.1839037,46.5283697],[12.1840384,46.52873],[12.1841084,46.5288136],[12.1842158,46.528865],[12.1843795,46.5288827],[12.1853553,46.5286497],[12.1865368,46.5285308],[12.1869198,46.528518],[12.1870832,46.5285855],[12.1872747,46.5291027],[12.1871042,46.5295466],[12.1864459,46.5312884],[12.1861889,46.5316332],[12.1860839,46.5320233],[12.1859979,46.5326406],[12.1858613,46.5329208],[12.1856203,46.5331671],[12.1856887,46.5333477],[12.1864423,46.5340163],[12.1868508,46.5346513]]},"properties":{"id":"36108e04-b129-346e-871f-82282e207953","version":0,"sources":[{"property":"","dataset":"OpenStreetMap","license":"ODbL-1.0","record_id":"w144919094@10","update_time":"2020-10-26T09:00:14.000Z","confidence":null,"between":null}],"subtype":"winter_sports","class":"downhill","names":{"primary":"Vitelli Alta","common":null,"rules":null},"source_tags":[["piste:difficulty","advanced"],["piste:type","downhill"]]}}
{"type":"Feature","geometry":{"type":"MultiPolygon","coordinates":[[[[12.215193,46.456967],[12.215573,46.45683],[12.216026,46.456713],[12.216768,46.456713],[12.225834,46.458917],[12.22633,46.459164],[12.235311,46.464764],[12.235588,46.464952],[12.235888,46.465176],[12.236218,46.465434],[12.23663,46.465764],[12.237151,46.466481],[12.237286,46.467023],[12.238246,46.471394],[12.238078,46.473353],[12.236266,46.473741],[12.235797,46.473784],[12.234681,46.473784],[12.234214,46.473733],[12.233642,46.473606],[12.203439,46.464872],[12.203334,46.464056],[12.215193,46.456967]]],[[[12.4201733,46.5589293],[12.4182512,46.560173],[12.3996162,46.555747],[12.3992407,46.5461183],[12.404015,46.5447384],[12.4232706,46.5541479],[12.4216673,46.5575513],[12.4217041,46.5578663],[12.4201733,46.5589293]]],[[[12.2625983,46.5941637],[12.2598356,46.5938061],[12.2563863,46.5965155],[12.2527331,46.5982737],[12.2517621,46.5982405],[12.250936,46.597378],[12.2532749,46.5858838],[12.250759,46.5816401],[12.2503781,46.5785982],[12.2488278,46.5772892],[12.2524595,46.5760466],[12.2540688,46.5765481],[12.2648406,46.569973],[12.2673189,46.5700486],[12.2681665,46.5709171],[12.2678661,46.5734063],[12.2641969,46.5764448],[12.2602272,46.577964],[12.2558713,46.5789153],[12.2607851,46.5865327],[12.2759771,46.5817471],[12.2768569,46.5828163],[12.2742444,46.5859907],[12.2705,46.5882322],[12.2633922,46.5903483],[12.2646032,46.5930173],[12.2641647,46.5938614],[12.2625983,46.5941637]]],[[[11.9758648,46.5583928],[11.9771898,46.5582701],[11.9809714,46.5567725],[11.9833318,46.5567578],[11.9876179,46.5559093],[11.9910673,46.5544116],[11.991888,46.5519326],[11.9907186,46.5485681],[11.9905281,46.5469743],[11.9905442,46.5455907],[11.9922769,46.5423586],[11.9938433,46.5407055],[11.9989395,46.5351114],[12.0019758,46.5309487],[12.0074851,46.5274573],[12.0072222,46.5182666],[12.0099151,46.5175578],[12.01087,46.5101745],[12.0141316,46.5074867],[12.0245815,46.5026424],[12.0291627,46.4997622],[12.0304501,46.4974801],[12.0317644,46.4875456],[12.0339263,46.4864893],[12.0372844,46.4865336],[12.0426461,46.4985954],[12.0460824,46.5032011],[12.0467737,46.5041277],[12.0500437,46.5067741],[12.0558409,46.508052],[12.0629851,46.5082908],[12.069122,46.5124052],[12.0729527,46.5173646],[12.0707765,46.5197174],[12.0671795,46.5197391],[12.0461994,46.5192161],[12.0417449,46.5218803],[12.0360157,46.5204039],[12.0287469,46.5201086],[12.0236668,46.521024],[12.0196435,46.5231279],[12.019842,46.5296754],[12.017707,46.5306719],[12.0132813,46.5310262],[12.0060393,46.5350561],[11.9974348,46.5445023],[11.9977084,46.5474576],[12.0003852,46.5520728],[11.997923,46.5546625],[11.9889483,46.559148],[11.9827658,46.5608447],[11.9759101,46.5594542],[11.9747594,46.5586464],[11.9708501,46.5563243],[11.9662125,46.5565382],[11.9657434,46.5559066],[11.9657153,46.5551384],[11.9663738,46.5550046],[11.9684739,46.5552361],[11.970385,46.5553652],[11.9720104,46.5556995],[11.9730806,46.5562229],[11.9744056,46.5570529],[11.9758648,46.5583928]]],[[[12.129614,46.5427442],[12.1346137,46.5432607],[12.1341952,46.5454155],[12.1313789,46.546633],[12.1283534,46.5478321],[12.1218571,46.5478505],[12.1173724,46.5465076],[12.1130118,46.5484806],[12.1104416,46.5496435],[12.1044013,46.5490976],[12.0980606,46.548972],[12.094048,46.549887],[12.0902285,46.5530006],[12.0832977,46.5559223],[12.0798215,46.553945],[12.06714,46.5522628],[12.0670113,46.5476882],[12.0686582,46.5463305],[12.0740011,46.5461977],[12.0784268,46.5437035],[12.0786199,46.5415044],[12.0750579,46.5371208],[12.0753583,46.5356152],[12.0774719,46.533556],[12.078062,46.5293931],[12.0878681,46.5209114],[12.0944666,46.520953],[12.0995948,46.5209853],[12.1146044,46.5266989],[12.1218463,46.5319544],[12.1249366,46.5351225],[12.1247029,46.536189],[12.119604,46.5380802],[12.120913,46.5427147],[12.1245125,46.5441757],[12.1282971,46.5444082],[12.129614,46.5427442]]],[[[12.1719695,46.5303876],[12.1748743,46.5259884],[12.185925,46.5262247],[12.1896855,46.5288156],[12.1897177,46.5355322],[12.1927003,46.5516633],[12.1957473,46.5600444],[12.1892241,46.5683061],[12.1867662,46.5692438],[12.1896325,46.5713365],[12.1914941,46.5787659],[12.1941098,46.5831406],[12.1927007,46.5838663],[12.1861161,46.5757445],[12.1845475,46.5721542],[12.1813327,46.5710699],[12.1815745,46.5697498],[12.1775883,46.5683503],[12.1737102,46.5666317],[12.1792839,46.5631574],[12.1851767,46.5626991],[12.1850131,46.5545555],[12.1673797,46.5553782],[12.1655559,46.5575472],[12.1630668,46.5600407],[12.1446132,46.5588604],[12.1378327,46.5508775],[12.1392182,46.5412451],[12.139732,46.5376724],[12.1421778,46.536141],[12.1487975,46.5358975],[12.171248,46.5314802],[12.1719695,46.5303876]]]]},"properties":{"id":"af28ed28-dc75-3f98-8349-978176cf7b55","version":0,"sources":[{"property":"","dataset":"OpenStreetMap","license":"ODbL-1.0","record_id":"r6990942@3","update_time":"2025-06-24T18:29:40.000Z","confidence":null,"between":null}],"subtype":"winter_sports","class":"winter_sports","names":{"primary":"Cortina d'Ampezzo","common":null,"rules":[{"variant":"alternate","language":null,"perspectives":null,"value":"Cortina","between":null,"side":null}]},"source_tags":[["alt_name","Cortina"],["landuse","winter_sports"],["type","multipolygon"],["url","https://www.skipasscortina.com/"],["website","http://www.cortinadolomiti.eu/"]]}}
{"type":"Feature","geometry":{"type":"LineString","coordinates":[[12.1860303,46.5675533],[12.1861553,46.5676176],[12.1861583,46.5677083],[12.1860502,46.5678116]]},"properties":{"id":"0e1f7516-6614-3089-9669-0e2ac9562f66","version":0,"sources":[{"property":"","dataset":"OpenStreetMap","license":"ODbL-1.0","record_id":"w243675203@2","update_time":"2024-08-29T08:35:12.000Z","confidence":null,"between":null}],"subtype":"winter_sports","class":"downhill","source_tags":[["piste:difficulty","easy"],["piste:type","downhill"]]}}
{"type":"Feature","geometry":{"type":"LineString","coordinates":[[12.1865709,46.5678697],[12.1865532,46.567939],[12.186233,46.5679743]]},"properties":{"id":"d7555bb6-fb5b-31d3-a28f-4c7b06cf9016","version":0,"sources":[{"property":"","dataset":"OpenStreetMap","license":"ODbL-1.0","record_id":"w243675201@4","update_time":"2024-08-29T08:35:12.000Z","confidence":null,"between":null}],"subtype":"winter_sports","class":"downhill","source_tags":[["highway","path"],["piste:difficulty","easy"],["piste:type","downhill"]]}}
{"type":"Feature","geometry":{"type":"LineString","coordinates":[[12.186233,46.5679743],[12.1860502,46.5678116]]},"properties":{"id":"f2f6c1a3-6b74-3ca5-85df-099c318bef91","version":0,"sources":[{"property":"","dataset":"OpenStreetMap","license":"ODbL-1.0","record_id":"w1017219907@1","update_time":"2024-08-29T08:35:12.000Z","confidence":null,"between":null}],"subtype":"winter_sports","class":"connection","source_tags":[["piste:difficulty","easy"],["piste:type","connection"]]}}
{"type":"Feature","geometry":{"type":"LineString","coordinates":[[12.184743,46.5682662],[12.1844427,46.5686042],[12.1840788,46.5684625]]},"properties":{"id":"88abc519-66cb-38de-9e24-bce03db7be86","version":0,"sources":[{"property":"","dataset":"OpenStreetMap","license":"ODbL-1.0","record_id":"w1232616629@1","update_time":"2023-12-20T07:51:39.000Z","confidence":null,"between":null}],"subtype":"winter_sports","class":"downhill","source_tags":[["piste:difficulty","intermediate"],["piste:type","downhill"]]}}
{"type":"Feature","geometry":{"type":"LineString","coordinates":[[12.185689,46.5678748],[12.1849805,46.5677006],[12.1842521,46.5669996],[12.1837358,46.5665457],[12.1834184,46.5661477],[12.1827835,46.5657886],[12.1825564,46.5653447],[12.1822083,46.56508],[12.1816185,46.5648663],[12.1810086,46.5648546],[12.1798734,46.5650496],[12.1782252,46.5653579],[12.1775994,46.5656909],[12.1768921,46.5663161],[12.1763954,46.5667454]]},"properties":{"id":"8b1f084f-c3dd-3fb7-b4b0-e9afebd5deb2","version":0,"sources":[{"property":"","dataset":"OpenStreetMap","license":"ODbL-1.0","record_id":"w144922212@5","update_time":"2025-05-23T14:05:36.000Z","confidence":null,"between":null}],"subtype":"winter_sports","class":"downhill","names":{"primary":"Son Forca","common":null,"rules":null},"source_tags":[["piste:difficulty","easy"],["piste:type","downhill"],["ref","72"]]}}
{"type":"Feature","geometry":{"type":"LineString","coordinates":[[12.1860502,46.5678116],[12.185689,46.5678748],[12.184743,46.5682662],[12.184665,46.5682985],[12.1840788,46.5684625],[12.1836079,46.5684605],[12.1832554,46.5684591],[12.1810474,46.5685698],[12.1805897,46.5683457],[12.1801885,46.568154],[12.1790833,46.568175],[12.1782491,46.568097],[12.1776896,46.5678206],[12.1771033,46.5671973],[12.1767775,46.5668794],[12.1763954,46.5667454],[12.1762193,46.5666905],[12.1760515,46.5666952],[12.1758884,46.5667632],[12.1758756,46.5668711],[12.1760226,46.5668976]]},"properties":{"id":"1b946234-3db4-32e3-ac23-5c14ee2b9de3","version":0,"sources":[{"property":"","dataset":"OpenStreetMap","license":"ODbL-1.0","record_id":"w144922214@8","update_time":"2025-05-23T14:05:36.000Z","confidence":null,"between":null}],"subtype":"winter_sports","class":"downhill","names":{"primary":"Padeon","common":null,"rules":null},"source_tags":[["piste:difficulty","intermediate"],["piste:type","downhill"],["ref","70"]]}}
{"type":"Feature","geometry":{"type":"LineString","coordinates":[[12.1833923,46.5681865],[12.1826987,46.5681093],[12.1820422,46.5678659],[12.181136,46.567376],[12.1798034,46.5662289],[12.1790162,46.5660735],[12.1782614,46.5660959],[12.1772155,46.5663241],[12.1763954,46.5667454]]},"properties":{"id":"c2d45353-824f-395e-9290-51d39a25fc83","version":0,"sources":[{"property":"","dataset":"OpenStreetMap","license":"ODbL-1.0","record_id":"w211504804@5","update_time":"2025-05-23T14:05:36.000Z","confidence":null,"between":null}],"subtype":"winter_sports","class":"downhill","names":{"primary":"Creste Bianche","common":null,"rules":null},"source_tags":[["piste:difficulty","intermediate"],["piste:type","downhill"],["ref","71"]]}}
{"type":"Feature","geometry":{"type":"Polygon","coordinates":[[[12.1798146,46.5666722],[12.1792506,46.5663266],[12.178366,46.5662738],[12.1775447,46.5664446],[12.1761346,46.5663624],[12.1765774,46.5660955],[12.178446,46.5649691],[12.1804882,46.5641465],[12.1809852,46.5642862],[12.1815788,46.564453],[12.1817563,46.5647469],[12.1822713,46.5649461],[12.1827648,46.5653149],[12.1828828,46.5656763],[12.1831237,46.5659356],[12.1836982,46.5661484],[12.1836553,46.5667606],[12.182679,46.5659861],[12.1824108,46.5655436],[12.1820031,46.56516],[12.1817778,46.5650789],[12.181096,46.5650136],[12.1804689,46.565219],[12.1799217,46.565396],[12.1783065,46.5654193],[12.1779583,46.5656173],[12.1783065,46.5657807],[12.1789132,46.565964],[12.1797608,46.5660525],[12.1798146,46.5666722]]]},"properties":{"id":"f32edec0-623a-33e3-8737-106e1297f395","version":0,"sources":[{"property":"","dataset":"OpenStreetMap","license":"ODbL-1.0","record_id":"w880760361@1","update_time":"2020-12-03T20:20:48.000Z","confidence":null,"between":null}],"subtype":"managed","class":"grass","source_tags":[["landuse","grass"]]}}
{"type":"Feature","geometry":{"type":"Polygon","coordinates":[[[12.1819603,46.5617816],[12.1807898,46.5608147],[12.180469,46.5605497],[12.1799888,46.5597878],[12.1800981,46.559317],[12.1802109,46.558831],[12.1812194,46.5584474],[12.181391,46.5582113],[12.1828716,46.5583293],[12.1844734,46.5587698],[12.183966,46.5593326],[12.183658,46.5594337],[12.183451,46.5587277],[12.1827997,46.5590796],[12.1815842,46.5590818],[12.1824425,46.5593179],[12.1833866,46.5597753],[12.1832289,46.5601124],[12.1822708,46.5595982],[12.1815842,46.5595687],[12.1811765,46.5588015],[12.1804684,46.5598195],[12.1812837,46.5600999],[12.1805756,46.5603654],[12.1816914,46.560572],[12.1821206,46.5611621],[12.1832793,46.5603802],[12.1840732,46.5603654],[12.1848243,46.5594507],[12.1858328,46.5588162],[12.1875708,46.5588752],[12.1876567,46.5591408],[12.1862405,46.5595392],[12.1864046,46.5601567],[12.1851461,46.5596277],[12.184967,46.5604222],[12.1861332,46.5607048],[12.1854465,46.5621949],[12.1851585,46.5615945],[12.1852694,46.561104],[12.1853238,46.5608632],[12.1846425,46.5605497],[12.183752,46.560712],[12.1831614,46.5610531],[12.1829474,46.5611767],[12.1824539,46.5616562],[12.1819603,46.5617816]]]},"properties":{"id":"3db95ee9-66f0-367f-8ebb-6f5f2f705cfe","version":0,"sources":[{"property":"","dataset":"OpenStreetMap","license":"ODbL-1.0","record_id":"w880760352@1","update_time":"2020-12-03T20:20:48.000Z","confidence":null,"between":null}],"subtype":"agriculture","class":"meadow","source_tags":[["landuse","meadow"]]}}
{"type":"Feature","geometry":{"type":"Polygon","coordinates":[[[12.1836553,46.5667606],[12.1836982,46.5661484],[12.1836124,46.5651231],[12.1833812,46.5649398],[12.1833335,46.5647395],[12.1836352,46.564687],[12.1837353,46.5644161],[12.1844707,46.5642527],[12.1847282,46.563729],[12.1852802,46.5634793],[12.1852609,46.5637301],[12.1852325,46.5640978],[12.1851146,46.5640168],[12.1849,46.5641311],[12.1847874,46.5642454],[12.184943,46.5644298],[12.1855277,46.5643339],[12.1859461,46.5639061],[12.1860158,46.5636406],[12.1866757,46.5634598],[12.1874642,46.5630873],[12.1873811,46.5635908],[12.1877752,46.5642011],[12.1871707,46.5643912],[12.1872606,46.5644834],[12.1872164,46.5645253],[12.1870808,46.5644397],[12.1867999,46.5644948],[12.1866532,46.5646366],[12.186941,46.564784],[12.1871707,46.564725],[12.1871264,46.5646394],[12.1872523,46.5645586],[12.1872551,46.5647022],[12.1873879,46.5647593],[12.1872496,46.5648249],[12.1871845,46.5648801],[12.1872039,46.5649933],[12.1871209,46.5650171],[12.187096,46.5648906],[12.1869839,46.5649943],[12.1869881,46.5648944],[12.1870794,46.5648154],[12.1869023,46.5648706],[12.1867529,46.564823],[12.1865714,46.5647879],[12.1864555,46.564983],[12.186492,46.5650702],[12.1859084,46.5651231],[12.185645,46.5651906],[12.1850286,46.5650272],[12.1844814,46.5650789],[12.1839986,46.5651157],[12.1839606,46.5656701],[12.1841274,46.566768],[12.1845185,46.5668945],[12.1846472,46.5671896],[12.1842669,46.5672032],[12.1839713,46.5671674],[12.1836553,46.5667606]]]},"properties":{"id":"4e50882e-e981-3b65-9e76-78a225bae78b","version":0,"sources":[{"property":"","dataset":"OpenStreetMap","license":"ODbL-1.0","record_id":"w880760355@2","update_time":"2022-11-02T15:53:38.000Z","confidence":null,"between":null}],"subtype":"managed","class":"grass","source_tags":[["landuse","grass"]]}}
{"type":"Feature","geometry":{"type":"Polygon","coordinates":[[[12.192093,46.5616572],[12.1900975,46.5622842],[12.189921,46.5624528],[12.1897922,46.5622536],[12.1897708,46.5618553],[12.1897493,46.5615381],[12.1906076,46.5617372],[12.1922062,46.561243],[12.192093,46.5616572]]]},"properties":{"id":"63ed63f9-4eaf-3bc3-b081-e3fec6491fb8","version":0,"sources":[{"property":"","dataset":"OpenStreetMap","license":"ODbL-1.0","record_id":"w880760345@1","update_time":"2020-12-03T20:20:48.000Z","confidence":null,"between":null}],"subtype":"managed","class":"grass","source_tags":[["landuse","grass"]]}}
{"type":"Feature","geometry":{"type":"Polygon","coordinates":[[[12.2054134,46.5549283],[12.2053598,46.5560423],[12.2031604,46.5567063],[12.2032596,46.5569402],[12.202699,46.5572596],[12.2024737,46.5571268],[12.2024094,46.5576211],[12.2016825,46.5577148],[12.2012828,46.5575547],[12.2007786,46.5579088],[12.1997835,46.5573828],[12.1991049,46.5575326],[12.1982788,46.5574219],[12.1986221,46.5570899],[12.1989547,46.5573112],[12.1995582,46.5571246],[12.1991371,46.5568391],[12.2000919,46.5563964],[12.1996199,46.5561972],[12.1996133,46.5560951],[12.1997682,46.5560624],[12.1998881,46.5560644],[12.2003816,46.5563522],[12.2007678,46.5561677],[12.2012265,46.5566624],[12.2012185,46.5555628],[12.2027741,46.5552455],[12.203214,46.5553488],[12.2039436,46.554884],[12.2050916,46.5548102],[12.2054134,46.5549283]]]},"properties":{"id":"0aa25ff5-8c2f-3cac-9f9e-e1bc7cf64cbb","version":0,"sources":[{"property":"","dataset":"OpenStreetMap","license":"ODbL-1.0","record_id":"w255858111@2","update_time":"2022-11-02T15:53:38.000Z","confidence":null,"between":null}],"subtype":"agriculture","class":"meadow","source_tags":[["landuse","meadow"]]}}
{"type":"Feature","geometry":{"type":"LineString","coordinates":[[12.2040296,46.5522812],[12.2033161,46.5517814],[12.203131,46.5517076],[12.2029218,46.5516689],[12.2020876,46.5517353],[12.2020474,46.5518127],[12.2020769,46.5518921],[12.2025812,46.5522204],[12.202836,46.5523845],[12.2029728,46.5526926],[12.2029513,46.552925],[12.2028467,46.5531426],[12.2026697,46.5532902],[12.2023264,46.5534839],[12.202042,46.5536517],[12.2018677,46.5537808],[12.2018194,46.5541018],[12.2016102,46.5543452],[12.2014546,46.554574],[12.2012186,46.5546699],[12.1998775,46.5547879],[12.1996415,46.5547547],[12.1994537,46.554644],[12.1994054,46.5545002],[12.1994966,46.5540409],[12.1996254,46.5536757],[12.1998614,46.5532072],[12.1999392,46.5529895],[12.1999231,46.5529047],[12.1996602,46.5526575],[12.1991989,46.5525376],[12.1987295,46.5524786],[12.1982494,46.5525173],[12.1980509,46.5525155],[12.1977344,46.5523845],[12.1974823,46.5523882],[12.1970612,46.5524288],[12.1968573,46.552355],[12.1967393,46.5522536],[12.1967044,46.5521226],[12.1967688,46.5520009],[12.1969485,46.5519142],[12.1972972,46.5519289],[12.1978551,46.5520931],[12.1981448,46.5520673],[12.1984157,46.552082],[12.1990272,46.5523477],[12.1992901,46.5524085],[12.199966,46.5523919],[12.200776,46.5525007],[12.2015431,46.5525819],[12.2017577,46.5526834],[12.201924,46.5528328],[12.2020796,46.5528604],[12.2021735,46.5528383],[12.202388,46.5527332],[12.2024336,46.5526428],[12.2024336,46.552521],[12.2023746,46.5523809],[12.2022861,46.552272],[12.2016263,46.5520101],[12.2015431,46.5518699],[12.2015083,46.5517297],[12.2015083,46.5516043],[12.2014064,46.5515527],[12.201224,46.5515545],[12.200481,46.5516449],[12.1993893,46.5515895],[12.1992284,46.5514678],[12.1991909,46.5513534],[12.1992525,46.5512188],[12.1994993,46.5511708],[12.1996629,46.5512335],[12.199907,46.5513811],[12.200143,46.5514014],[12.2003201,46.5513811],[12.2015002,46.5512667],[12.2017255,46.551276],[12.2022191,46.5513737],[12.2032276,46.5515656],[12.2034529,46.5515766],[12.2035494,46.5515545],[12.203695,46.5514803],[12.2038183,46.551406],[12.2039211,46.5513097]]},"properties":{"id":"788073a4-cd06-36b0-bb31-8966044da4a5","version":0,"sources":[{"property":"","dataset":"OpenStreetMap","license":"ODbL-1.0","record_id":"w1270418709@1","update_time":"2024-04-06T18:33:25.000Z","confidence":null,"between":null}],"subtype":"winter_sports","class":"nordic","source_tags":[["piste:type","nordic"]]}}
{"type":"Feature","geometry":{"type":"LineString","coordinates":[[12.1977344,46.5523845],[12.1976325,46.5523126],[12.1976218,46.5522444],[12.1976808,46.5521909],[12.1978551,46.5520931]]},"properties":{"id":"93f19f7d-3c33-391c-b189-f6613c99558b","version":0,"sources":[{"property":"","dataset":"OpenStreetMap","license":"ODbL-1.0","record_id":"w1270418708@1","update_time":"2024-04-06T18:33:25.000Z","confidence":null,"between":null}],"subtype":"winter_sports","class":"nordic","source_tags":[["piste:type","nordic"]]}}
{"type":"Feature","geometry":{"type":"LineString","coordinates":[[12.1983138,46.5503574],[12.1978417,46.5503445],[12.1976639,46.5503192],[12.197426,46.5502854],[12.1969485,46.5502116],[12.1963423,46.5502098],[12.1959065,46.5502209],[12.1958475,46.5501997],[12.1956369,46.5499276],[12.195527,46.5497671],[12.1954197,46.5497247],[12.1952963,46.5497265],[12.1952239,46.5497708],[12.1951997,46.5498778],[12.1953231,46.550053],[12.1956933,46.5502504],[12.1958387,46.5502976],[12.1963236,46.5504551],[12.1967769,46.5505584],[12.1969137,46.550564],[12.1973214,46.5504607],[12.1974528,46.5504477],[12.1976309,46.5504614],[12.1979329,46.5504846],[12.199451,46.5507134],[12.2000331,46.550872],[12.200194,46.5508868],[12.2003522,46.5508739],[12.2007948,46.5507558],[12.2008941,46.5507576],[12.2009987,46.5507853],[12.2017658,46.5509347],[12.2018838,46.5509292],[12.2019643,46.5508997],[12.2023344,46.5507244],[12.2024497,46.550706],[12.2026455,46.5507005],[12.2028252,46.5507115],[12.2031847,46.550754],[12.2032869,46.5507821],[12.2034529,46.5508277],[12.203705,46.5509495],[12.2039162,46.5510892],[12.2039893,46.5511376],[12.2041234,46.551169],[12.2043389,46.5511287]]},"properties":{"id":"ac9a0cdd-3d0e-3871-a236-e4cb87e81067","version":0,"sources":[{"property":"","dataset":"OpenStreetMap","license":"ODbL-1.0","record_id":"w1270418716@1","update_time":"2024-04-06T18:33:25.000Z","confidence":null,"between":null}],"subtype":"winter_sports","class":"nordic","source_tags":[["piste:type","nordic"]]}}
{"type":"Feature","geometry":{"type":"LineString","coordinates":[[12.1959065,46.5502209],[12.1958387,46.5502976]]},"properties":{"id":"06738a1c-7e56-3de7-b0a2-5429e2207ead","version":0,"sources":[{"property":"","dataset":"OpenStreetMap","license":"ODbL-1.0","record_id":"w1270418711@1","update_time":"2024-04-06T18:33:25.000Z","confidence":null,"between":null}],"subtype":"winter_sports","class":"nordic","source_tags":[["piste:type","nordic"]]}}
{"type":"Feature","geometry":{"type":"LineString","coordinates":[[12.1976639,46.5503192],[12.1976309,46.5504614]]},"properties":{"id":"caf480b8-d30e-330a-b042-85327531ad3d","version":0,"sources":[{"property":"","dataset":"OpenStreetMap","license":"ODbL-1.0","record_id":"w1270418712@1","update_time":"2024-04-06T18:33:25.000Z","confidence":null,"between":null}],"subtype":"winter_sports","class":"nordic","source_tags":[["piste:type","nordic"]]}}
{"type":"Feature","geometry":{"type":"LineString","coordinates":[[12.1983942,46.5502744],[12.1988556,46.5503961]]},"properties":{"id":"3bb785cf-56f2-3869-b90e-e73e5f3bc855","version":0,"sources":[{"property":"","dataset":"OpenStreetMap","license":"ODbL-1.0","record_id":"w1270418717@1","update_time":"2024-04-06T18:33:25.000Z","confidence":null,"between":null}],"subtype":"winter_sports","class":"nordic","source_tags":[["piste:type","nordic"]]}}
{"type":"Feature","geometry":{"type":"LineString","coordinates":[[12.2044089,46.5510581],[12.2044507,46.5509698],[12.2044238,46.5509237],[12.204397,46.5509107],[12.2033543,46.5506676],[12.2033013,46.5506553],[12.203178,46.5506064],[12.2030318,46.5504662],[12.2029915,46.5503574],[12.2029996,46.5501434],[12.202962,46.5500364],[12.2028923,46.54997],[12.2020715,46.5496859],[12.2008055,46.5495605],[12.1991748,46.549258],[12.1980429,46.5489518],[12.1978605,46.5489591],[12.1977317,46.5489997],[12.1973562,46.5491104],[12.1969593,46.5491252],[12.1965837,46.5490809],[12.1950334,46.5486898],[12.1949175,46.548687],[12.194802,46.5486936],[12.1946884,46.5487095],[12.1945783,46.5487346],[12.1944733,46.5487684],[12.1943748,46.5488106],[12.1942843,46.5488604],[12.194203,46.5489173],[12.194132,46.5489803],[12.1940724,46.5490487],[12.1940249,46.5491215],[12.1939928,46.5491908],[12.1939717,46.549262],[12.193962,46.5493344],[12.1939636,46.5494072],[12.1939766,46.5494793],[12.1940106,46.5495406],[12.1940558,46.5495984],[12.1941115,46.5496516],[12.1941766,46.5496995],[12.1942502,46.5497413],[12.1943287,46.5497752],[12.1944127,46.5498022],[12.194501,46.5498217],[12.1945922,46.5498334],[12.1946847,46.5498372],[12.194851,46.5498077],[12.1949905,46.5497413],[12.1952856,46.5496306],[12.1972758,46.5492838],[12.1978015,46.5491104],[12.1980268,46.5490846],[12.1982574,46.5491141],[12.1983594,46.5491805],[12.198413,46.5493428],[12.1983433,46.5495789],[12.198413,46.5496675],[12.1987992,46.5497855],[12.199282,46.549804],[12.1995878,46.5497671],[12.1999472,46.5496896],[12.2001296,46.5496896],[12.2012401,46.5498851],[12.2019482,46.5499626],[12.2028011,46.5503057],[12.2028279,46.5503721],[12.2027743,46.5503979],[12.2026294,46.5504496],[12.2023827,46.5504533],[12.2020581,46.5504072],[12.2016534,46.5503022],[12.2013822,46.5502319],[12.2012615,46.5502209],[12.2007626,46.5502412],[12.2005105,46.5501969],[12.2000411,46.5502061],[12.1994939,46.5501415],[12.1991989,46.5501674],[12.1983942,46.5502744],[12.1980938,46.5502301],[12.1977693,46.5501323],[12.1976513,46.5500641],[12.1976164,46.5499866],[12.19767,46.5498317],[12.1977425,46.5497302],[12.1982387,46.5494185],[12.1982735,46.5493447],[12.1982467,46.5492414],[12.1981582,46.5491768],[12.1980107,46.5491602],[12.1979061,46.5491731],[12.1977827,46.5492229],[12.197434,46.5496435],[12.197375,46.5498446],[12.1973857,46.5499884],[12.1975681,46.5501618],[12.1978471,46.5502651],[12.1983138,46.5503574],[12.1988556,46.5503961],[12.1998963,46.5504699],[12.200257,46.5504883],[12.2003683,46.5504819],[12.2004944,46.5504441],[12.2005709,46.5504302],[12.2006151,46.5504367],[12.2006513,46.550456],[12.2006661,46.5504883],[12.2006634,46.5505206],[12.2006433,46.5505621],[12.200591,46.5505925],[12.2002235,46.5506792],[12.2000398,46.5506875],[12.1998426,46.5506654],[12.1996938,46.5506359],[12.1991104,46.5504653],[12.1988556,46.5503961]]},"properties":{"id":"444d7ad4-65c9-319a-81dc-19079e53d12d","version":0,"sources":[{"property":"","dataset":"OpenStreetMap","license":"ODbL-1.0","record_id":"w1270418720@1","update_time":"2024-04-06T18:33:25.000Z","confidence":null,"between":null}],"subtype":"winter_sports","class":"nordic","source_tags":[["piste:type","nordic"]]}}
{"type":"Feature","geometry":{"type":"LineString","coordinates":[[12.1978015,46.5491104],[12.1977317,46.5489997]]},"properties":{"id":"43e786dd-894d-321e-85a1-8488058570b3","version":0,"sources":[{"property":"","dataset":"OpenStreetMap","license":"ODbL-1.0","record_id":"w1270418718@1","update_time":"2024-04-06T18:33:25.000Z","confidence":null,"between":null}],"subtype":"winter_sports","class":"nordic","source_tags":[["piste:type","nordic"]]}}
{"type":"Feature","geometry":{"type":"LineString","coordinates":[[12.1857618,46.5459739],[12.1858661,46.5458649],[12.1860992,46.5458996],[12.1865557,46.5460895],[12.1869886,46.5464535],[12.1883689,46.5476452],[12.1888173,46.548302],[12.1887325,46.5490092],[12.1888733,46.5491628],[12.1895072,46.5492621],[12.1897066,46.549365],[12.1897863,46.5495161],[12.1897391,46.5500006],[12.1897514,46.5504019],[12.1900643,46.5506859],[12.1904618,46.5509239],[12.1905736,46.5510961],[12.1903416,46.5511975],[12.1900906,46.5509141]]},"properties":{"id":"5090d78f-b83d-34f3-a9b6-2bdbc4fcee56","version":0,"sources":[{"property":"","dataset":"OpenStreetMap","license":"ODbL-1.0","record_id":"w211504819@7","update_time":"2024-07-15T13:35:16.000Z","confidence":null,"between":null}],"subtype":"winter_sports","class":"downhill","source_tags":[["piste:difficulty","easy"],["piste:type","downhill"]]}}
{"type":"Feature","geometry":{"type":"LineString","coordinates":[[12.1852695,46.5459562],[12.1855421,46.5459243],[12.1858661,46.5458649]]},"properties":{"id":"c9706025-31df-31f6-b351-902c7a9fc3c7","version":0,"sources":[{"property":"","dataset":"OpenStreetMap","license":"ODbL-1.0","record_id":"w1017349417@1","update_time":"2022-01-01T14:37:19.000Z","confidence":null,"between":null}],"subtype":"winter_sports","class":"connection","source_tags":[["piste:difficulty","easy"],["piste:type","connection"]]}}
{"type":"Feature","geometry":{"type":"LineString","coordinates":[[12.1858346,46.5454729],[12.1858725,46.5457977],[12.1858661,46.5458649]]},"properties":{"id":"7f68f376-0e13-3b6f-8fa9-1fa7f52d984e","version":0,"sources":[{"property":"","dataset":"OpenStreetMap","license":"ODbL-1.0","record_id":"w1017349418@1","update_time":"2022-01-01T14:37:19.000Z","confidence":null,"between":null}],"subtype":"winter_sports","class":"downhill","source_tags":[["piste:difficulty","easy"],["piste:type","downhill"]]}}
{"type":"Feature","geometry":{"type":"LineString","coordinates":[[12.1857618,46.5459739],[12.1853415,46.54613]]},"properties":{"id":"23095c86-bda3-35e4-9ddb-57a6c7f83e28","version":0,"sources":[{"property":"","dataset":"OpenStreetMap","license":"ODbL-1.0","record_id":"w475963122@3","update_time":"2022-01-01T14:37:19.000Z","confidence":null,"between":null}],"subtype":"winter_sports","class":"connection","source_tags":[["piste:difficulty","easy"],["piste:type","connection"]]}}
{"type":"Feature","geometry":{"type":"LineString","coordinates":[[12.1828596,46.536581],[12.1831596,46.5363926],[12.1838666,46.5360712],[12.1845085,46.5357226],[12.1849074,46.5352362],[12.1851424,46.5349158],[12.1853526,46.53471],[12.1855991,46.5345841],[12.1858363,46.5345657],[12.1860138,46.5345572],[12.1862981,46.5345528],[12.1866507,46.534579],[12.1868508,46.5346513],[12.187017,46.5348173],[12.1873043,46.5353409],[12.1872626,46.535954],[12.1870336,46.5382173],[12.1870365,46.5395202],[12.1868454,46.5399301],[12.1861635,46.5408263],[12.1858007,46.5417813],[12.1848679,46.5429246],[12.184782,46.5435445],[12.185243,46.5441259],[12.1858545,46.5446056],[12.1860683,46.5449172],[12.1859829,46.5452121],[12.1858489,46.5454398],[12.1858346,46.5454729],[12.1855421,46.5459243],[12.1854687,46.5460239],[12.1853415,46.54613]]},"properties":{"id":"90d1cd6e-c780-35f0-acd8-a1e017724f49","version":0,"sources":[{"property":"","dataset":"OpenStreetMap","license":"ODbL-1.0","record_id":"w144919095@9","update_time":"2022-01-01T14:37:19.000Z","confidence":null,"between":null}],"subtype":"winter_sports","class":"downhill","names":{"primary":"Vitelli Bassa","common":null,"rules":null},"source_tags":[["piste:difficulty","intermediate"],["piste:type","downhill"]]}}
{"type":"Feature","geometry":{"type":"LineString","coordinates":[[12.1826406,46.5370319],[12.1828713,46.5372144],[12.1829989,46.5373127],[12.1830652,46.537562],[12.1831213,46.5378393],[12.1832132,46.5381763],[12.1832796,46.5384923],[12.1833357,46.5387801],[12.1834429,46.5392365],[12.1835245,46.53957],[12.183596,46.5399105],[12.1837083,46.5403563],[12.1838001,46.5407636],[12.1839175,46.5411778],[12.1839992,46.5415604],[12.1841114,46.542094],[12.1841829,46.5424239],[12.1842901,46.5428417],[12.1844636,46.5430698],[12.184782,46.5435445]]},"properties":{"id":"1cb7c359-b73e-328d-a0c1-c9842be0c0ae","version":0,"sources":[{"property":"","dataset":"OpenStreetMap","license":"ODbL-1.0","record_id":"w859567703@1","update_time":"2020-10-16T07:25:23.000Z","confidence":null,"between":null}],"subtype":"winter_sports","class":"downhill","names":{"primary":"Bigontina","common":null,"rules":null},"source_tags":[["piste:difficulty","advanced"],["piste:type","downhill"]]}}
{"type":"Feature","geometry":{"type":"LineString","coordinates":[[12.1828596,46.536581],[12.1826443,46.5367329],[12.1826406,46.5370319],[12.1826295,46.5379263],[12.1827307,46.5391492],[12.1828474,46.5400383],[12.1827352,46.5407937],[12.1825286,46.541313],[12.1824251,46.5419378],[12.1825752,46.5426636],[12.1829049,46.5430255],[12.1835062,46.5433484],[12.1841045,46.5434872],[12.184782,46.5435445]]},"properties":{"id":"241ce742-42dc-3598-8095-195ecd1ab9a5","version":0,"sources":[{"property":"","dataset":"OpenStreetMap","license":"ODbL-1.0","record_id":"w729936420@4","update_time":"2021-12-31T22:03:34.000Z","confidence":null,"between":null}],"subtype":"winter_sports","class":"downhill","names":{"primary":"Scoiattolo","common":null,"rules":null},"source_tags":[["lit","no"],["oneway","yes"],["piste:difficulty","advanced"],["piste:grooming","classic"],["piste:type","downhill"]]}}
{"type":"Feature","geometry":{"type":"LineString","coordinates":[[12.1828596,46.536581],[12.1826446,46.5364888],[12.1824217,46.5364598],[12.1810144,46.5354675],[12.1805619,46.5351484],[12.1798709,46.5347678],[12.1796779,46.5347134],[12.1794312,46.5347188],[12.1787443,46.5350244],[12.1782434,46.5352028],[12.1779017,46.5354548],[12.1773956,46.5361995],[12.1768476,46.5369246],[12.1766849,46.5373918],[12.1767669,46.537771],[12.1769192,46.5380051],[12.1771457,46.5380838],[12.177824,46.5381445],[12.1786237,46.5384104],[12.1792098,46.5388467],[12.1796689,46.5394062],[12.180533,46.5404878],[12.1806203,46.5407843],[12.1801828,46.5415623],[12.1797015,46.5419754],[12.1792578,46.5423665],[12.1791573,46.5425929],[12.1792569,46.542778],[12.1800514,46.543211],[12.1804862,46.5433796],[12.1818583,46.5443863],[12.1829571,46.5450854],[12.1840642,46.5457404],[12.1844039,46.5458312],[12.1849045,46.5459143],[12.1852695,46.5459562],[12.1853415,46.54613],[12.1851341,46.5462014]]},"properties":{"id":"f188f119-86c4-3e0d-a5b5-5c1c610b0636","version":0,"sources":[{"property":"","dataset":"OpenStreetMap","license":"ODbL-1.0","record_id":"w144919093@11","update_time":"2022-01-01T14:37:19.000Z","confidence":null,"between":null}],"subtype":"winter_sports","class":"downhill","source_tags":[["piste:difficulty","easy"],["piste:type","downhill"]]}}
{"type":"Feature","geometry":{"type":"Polygon","coordinates":[[[12.1760191,46.5507836],[12.1771644,46.5514311],[12.1771751,46.5518148],[12.1762739,46.5527149],[12.1751393,46.5525356],[12.1740986,46.552056],[12.1735166,46.5519992],[12.1734093,46.5517853],[12.1731196,46.5516082],[12.1731196,46.5513647],[12.1747826,46.5519623],[12.1748255,46.5516746],[12.1745063,46.5515691],[12.1742918,46.5512002],[12.1745144,46.5510696],[12.1752118,46.5515123],[12.1753968,46.5520413],[12.1759735,46.5523755],[12.1758984,46.5519623],[12.1755899,46.5519085],[12.1755122,46.5517041],[12.175708,46.5515248],[12.1755578,46.5508755],[12.1757966,46.5507908],[12.1760191,46.5507836]]]},"properties":{"id":"906c571b-0ea4-390f-91ab-58956548c69b","version":0,"sources":[{"property":"","dataset":"OpenStreetMap","license":"ODbL-1.0","record_id":"w255858523@2","update_time":"2019-07-16T19:27:59.000Z","confidence":null,"between":null}],"subtype":"agriculture","class":"meadow","source_tags":[["landuse","meadow"]]}}
{"type":"Feature","geometry":{"type":"LineString","coordinates":[[12.1902302,46.5513318],[12.1898221,46.5509436],[12.1887102,46.5508188]]},"properties":{"id":"09ad00b1-4fa6-313b-9e99-fc321687406b","version":0,"sources":[{"property":"","dataset":"OpenStreetMap","license":"ODbL-1.0","record_id":"w1017239207@1","update_time":"2023-06-27T17:45:34.000Z","confidence":null,"between":null}],"subtype":"winter_sports","class":"connection","source_tags":[["piste:type","connection"]]}}
{"type":"Feature","geometry":{"type":"LineString","coordinates":[[12.1903416,46.5511975],[12.1902659,46.5512868],[12.1902302,46.5513318],[12.1902198,46.5513862]]},"properties":{"id":"36ff9f59-c052-38b9-b95a-9df4dfe9dfb0","version":0,"sources":[{"property":"","dataset":"OpenStreetMap","license":"ODbL-1.0","record_id":"w1017219650@2","update_time":"2023-06-27T17:45:34.000Z","confidence":null,"between":null}],"subtype":"winter_sports","class":"connection","source_tags":[["piste:difficulty","easy"],["piste:type","connection"]]}}
{"type":"Feature","geometry":{"type":"LineString","coordinates":[[12.1893426,46.5515838],[12.1896587,46.5515885],[12.1897947,46.5515476],[12.1899035,46.5514997],[12.1902198,46.5513862]]},"properties":{"id":"034d874b-679c-3c6b-a042-88db3bbcf4d8","version":0,"sources":[{"property":"","dataset":"OpenStreetMap","license":"ODbL-1.0","record_id":"w475540354@3","update_time":"2024-07-17T20:37:47.000Z","confidence":null,"between":null}],"subtype":"winter_sports","class":"connection","source_tags":[["highway","path"],["piste:difficulty","easy"],["piste:type","connection"],["source","gps"]]}}
{"type":"Feature","geometry":{"type":"LineString","coordinates":[[12.1893426,46.5515838],[12.1893736,46.5517792]]},"properties":{"id":"d563ba19-6207-3d8f-b262-4f5d9d373b8d","version":0,"sources":[{"property":"","dataset":"OpenStreetMap","license":"ODbL-1.0","record_id":"w475540353@1","update_time":"2024-07-17T20:37:47.000Z","confidence":null,"between":null}],"subtype":"winter_sports","class":"connection","source_tags":[["highway","path"],["piste:difficulty","intermediate"],["piste:type","connection"]]}}
{"type":"Feature","geometry":{"type":"Polygon","coordinates":[[[12.1919482,46.5591113],[12.1920025,46.559421],[12.1926355,46.5594874],[12.1930969,46.5599005],[12.1927617,46.5601293],[12.192372,46.5602851],[12.192211,46.5600416],[12.1917127,46.5599741],[12.1919214,46.55954],[12.1913098,46.5597834],[12.1910738,46.5595621],[12.190039,46.5594061],[12.1896098,46.5597233],[12.1894966,46.5594072],[12.1890675,46.5593113],[12.1889173,46.5590826],[12.1893893,46.5590015],[12.1896133,46.55873],[12.1901887,46.5586687],[12.1907251,46.5588605],[12.1913903,46.5588752],[12.1919482,46.5591113]]]},"properties":{"id":"00118f27-2eba-3f05-a07e-7ffa85292a5a","version":0,"sources":[{"property":"","dataset":"OpenStreetMap","license":"ODbL-1.0","record_id":"w880760353@1","update_time":"2020-12-03T20:20:48.000Z","confidence":null,"between":null}],"subtype":"managed","class":"grass","source_tags":[["landuse","grass"]]}}
{"type":"Feature","geometry":{"type":"LineString","coordinates":[[12.185689,46.5678748],[12.1850845,46.5679651],[12.1833923,46.5681865],[12.1832894,46.5680502],[12.1833279,46.5676702],[12.1837141,46.5670358],[12.1837358,46.5665457],[12.1837898,46.5649988],[12.1839111,46.5647439],[12.1842689,46.5646397],[12.1849237,46.564636],[12.1854701,46.5646222],[12.1862613,46.564351],[12.1872016,46.5639295],[12.1878393,46.5637275],[12.1880919,46.5634967],[12.1884781,46.5630652],[12.1891429,46.5626579],[12.1905162,46.5618981],[12.1908934,46.5617358],[12.1921709,46.561366],[12.1928464,46.561059],[12.193429,46.5607365],[12.1937889,46.5604058],[12.1938517,46.5600517],[12.1937942,46.5596202],[12.1934793,46.5591917],[12.1931545,46.5589683],[12.1927857,46.5587755],[12.192319,46.5586685],[12.1919016,46.5584899],[12.1901894,46.5569901],[12.1898299,46.556304],[12.1893661,46.5541193],[12.189127,46.5531225],[12.1891086,46.552948],[12.1890405,46.5523023],[12.1890524,46.5519496],[12.1890871,46.5517701],[12.1893426,46.5515838]]},"properties":{"id":"ad9f530f-a9fc-33f4-b2c8-ea65d71347b9","version":0,"sources":[{"property":"","dataset":"OpenStreetMap","license":"ODbL-1.0","record_id":"w211504811@8","update_time":"2025-05-23T14:05:36.000Z","confidence":null,"between":null}],"subtype":"winter_sports","class":"downhill","names":{"primary":"Rio Gere","common":null,"rules":null},"source_tags":[["piste:difficulty","intermediate"],["piste:type","downhill"],["ref","73"]]}}
{"type":"Feature","geometry":{"type":"Polygon","coordinates":[[[12.1878283,46.5577686],[12.1878498,46.5587277],[12.1875065,46.5584031],[12.1866482,46.5581375],[12.1856182,46.558226],[12.1861546,46.5579457],[12.1858542,46.5573555],[12.1862834,46.5569129],[12.1873563,46.5569719],[12.1878283,46.5577686]]]},"properties":{"id":"eb379c3a-a422-3b54-b51d-568c871d4801","version":0,"sources":[{"property":"","dataset":"OpenStreetMap","license":"ODbL-1.0","record_id":"w255858115@4","update_time":"2020-12-03T20:20:48.000Z","confidence":null,"between":null}],"subtype":"agriculture","class":"meadow","source_tags":[["landuse","meadow"]]}}
{"type":"Feature","geometry":{"type":"Polygon","coordinates":[[[12.176435,46.5614054],[12.1758664,46.561339],[12.1756618,46.5611326],[12.1763485,46.560808],[12.1765201,46.5598785],[12.1762841,46.5595097],[12.1754183,46.559773],[12.1748679,46.5590671],[12.1760695,46.5590671],[12.1762626,46.5593326],[12.1771639,46.5593031],[12.1766489,46.5600999],[12.1765845,46.5605572],[12.1783226,46.55889],[12.1783365,46.5584894],[12.1771349,46.5583566],[12.1763624,46.5582533],[12.1753185,46.5583293],[12.1750181,46.5581375],[12.1758335,46.5579014],[12.1778505,46.5578572],[12.1801679,46.5584769],[12.1794169,46.5587867],[12.1787517,46.5596572],[12.1776574,46.5605867],[12.176435,46.5614054]]]},"properties":{"id":"500e4f55-db7d-3651-8ab2-480a7eda69f3","version":0,"sources":[{"property":"","dataset":"OpenStreetMap","license":"ODbL-1.0","record_id":"w880760350@1","update_time":"2020-12-03T20:20:48.000Z","confidence":null,"between":null}],"subtype":"agriculture","class":"meadow","source_tags":[["landuse","meadow"]]}}
{"type":"Feature","geometry":{"type":"Polygon","coordinates":[[[12.1896855,46.5288156],[12.1897177,46.5355322],[12.1927003,46.5516633],[12.1957473,46.5600444],[12.1892241,46.5683061],[12.1867662,46.5692438],[12.1896325,46.5713365],[12.1914941,46.5787659],[12.1941098,46.5831406],[12.1927007,46.5838663],[12.1861161,46.5757445],[12.1845475,46.5721542],[12.1813327,46.5710699],[12.1815745,46.5697498],[12.1775883,46.5683503],[12.1737102,46.5666317],[12.1792839,46.5631574],[12.1851767,46.5626991],[12.1850131,46.5545555],[12.1673797,46.5553782],[12.1655559,46.5575472],[12.1630668,46.5600407],[12.1446132,46.5588604],[12.1378327,46.5508775],[12.1392182,46.5412451],[12.139732,46.5376724],[12.1421778,46.536141],[12.1487975,46.5358975],[12.171248,46.5314802],[12.1719695,46.5303876],[12.1748743,46.5259884],[12.185925,46.5262247],[12.1896855,46.5288156]]]},"properties":{"id":"e3cde129-23cf-3b9c-b1cc-65b598d02ed1","version":0,"sources":[{"property":"","dataset":"OpenStreetMap","license":"ODbL-1.0","record_id":"w475486812@13","update_time":"2025-06-24T18:29:40.000Z","confidence":null,"between":null}],"subtype":"winter_sports","class":"winter_sports","names":{"primary":"Cristallo - Faloria","common":null,"rules":[{"variant":"alternate","language":null,"perspectives":null,"value":"Cortina Cube","between":null,"side":null}]},"source_tags":[["alt_name","Cortina Cube"],["landuse","winter_sports"],["url","http://www.cortinacube.it/"],["website","https://faloriacristallo.it/"]]}}
{"type":"Feature","geometry":{"type":"Polygon","coordinates":[[[12.1595585,46.5575471],[12.1591937,46.557525],[12.158786,46.5576357],[12.15855,46.5579086],[12.1584535,46.5583587],[12.1579814,46.5585874],[12.1577346,46.5582406],[12.1569085,46.5578865],[12.1563506,46.5577832],[12.1561038,46.5576873],[12.155385,46.5575029],[12.1550846,46.5572152],[12.15487,46.5567873],[12.1548378,46.5564922],[12.1547842,46.5561528],[12.1543765,46.5558724],[12.1531641,46.5557396],[12.152971,46.555474],[12.1528315,46.5553486],[12.1522951,46.555238],[12.151705,46.5551125],[12.1510184,46.5551052],[12.1507287,46.5552896],[12.1504605,46.5550535],[12.1503639,46.5548986],[12.1501171,46.5548101],[12.1497738,46.5548322],[12.1497631,46.555083],[12.1493983,46.5549724],[12.1491194,46.5547289],[12.1486473,46.554751],[12.1485078,46.5550609],[12.1482718,46.5552158],[12.1477139,46.5550093],[12.1473384,46.5545149],[12.1464264,46.5541682],[12.146405,46.5539542],[12.1459865,46.5536443],[12.1459758,46.5533419],[12.1457642,46.5530594],[12.1458149,46.5526262],[12.1461689,46.552272],[12.1466088,46.5522868],[12.1468341,46.5524786],[12.1470809,46.5526114],[12.1471989,46.5529434],[12.1471989,46.5532017],[12.147392,46.5533419],[12.1478534,46.5532902],[12.1479821,46.55315],[12.1481001,46.5530467],[12.1486044,46.5532164],[12.148776,46.5535189],[12.1490121,46.5536075],[12.1492481,46.5536148],[12.1491301,46.5534304],[12.1494841,46.5531648],[12.1497416,46.5532533],[12.1497524,46.5534378],[12.1496558,46.5536296],[12.1498704,46.553696],[12.1502674,46.5537181],[12.1503746,46.5539321],[12.1504712,46.5541608],[12.1507931,46.5542715],[12.1513295,46.5542862],[12.1514797,46.5540132],[12.1511364,46.5538509],[12.1505999,46.5536812],[12.1508574,46.5535558],[12.1514475,46.5536222],[12.1517157,46.5537329],[12.1520054,46.5540428],[12.1521771,46.5541977],[12.1524024,46.5542346],[12.1528423,46.5541165],[12.1531534,46.5540944],[12.1532178,46.5542788],[12.1529925,46.5543895],[12.1526599,46.5544854],[12.1526921,46.554633],[12.1530461,46.5546477],[12.1533465,46.5546109],[12.1535396,46.5546699],[12.1537864,46.554751],[12.1540975,46.5548765],[12.154516,46.5551494],[12.1550631,46.5552896],[12.1555352,46.5553044],[12.1563506,46.5553265],[12.1562648,46.5550609],[12.1565223,46.5550683],[12.1564901,46.5552822],[12.1568119,46.555356],[12.1575522,46.555356],[12.1580136,46.5554077],[12.1585715,46.5554519],[12.1589148,46.5556511],[12.1590757,46.5555478],[12.1591401,46.555238],[12.1590328,46.5548469],[12.1586037,46.554574],[12.1590543,46.5544412],[12.1599018,46.5544928],[12.1606314,46.5547068],[12.1615112,46.5549281],[12.161833,46.5551716],[12.1616292,46.5552601],[12.1608996,46.5552085],[12.1600413,46.5551863],[12.1600628,46.5553413],[12.1601915,46.5557249],[12.1597731,46.5560495],[12.1602666,46.5561233],[12.1606958,46.5561454],[12.1612108,46.5560938],[12.1616614,46.5559831],[12.1618974,46.5559684],[12.1620047,46.556138],[12.1615863,46.5563446],[12.1611142,46.5564848],[12.1611571,46.5568094],[12.1612322,46.5570676],[12.1615541,46.5569865],[12.1619553,46.5567657],[12.1624339,46.5563446],[12.1625304,46.5561159],[12.1621764,46.5560569],[12.1627235,46.5557544],[12.1631312,46.5555404],[12.1633458,46.5553265],[12.1630347,46.5553265],[12.1628094,46.5554077],[12.1625948,46.5553191],[12.1627343,46.5550388],[12.1632063,46.5549945],[12.1636355,46.5551716],[12.1642041,46.5553413],[12.1647298,46.5554593],[12.1647191,46.5556732],[12.1646654,46.5558946],[12.1646333,46.5561528],[12.1645045,46.5564553],[12.1643758,46.5566176],[12.1641076,46.5567873],[12.1640539,46.5569643],[12.1641505,46.5570233],[12.1644294,46.5571266],[12.1641397,46.5573996],[12.1637642,46.5573922],[12.1635067,46.5572742],[12.1632492,46.5572299],[12.1627343,46.5573111],[12.1621978,46.5574512],[12.1617365,46.5576283],[12.1611357,46.5576283],[12.1604276,46.5575693],[12.1595585,46.5575471]]]},"properties":{"id":"b5b2987c-33a0-3571-830b-649ef4ecc4ef","version":0,"sources":[{"property":"","dataset":"OpenStreetMap","license":"ODbL-1.0","record_id":"w607960200@1","update_time":"2018-07-14T19:09:48.000Z","confidence":null,"between":null}],"subtype":"agriculture","class":"meadow","source_tags":[["landuse","meadow"]]}}
{"type":"Feature","geometry":{"type":"LineString","coordinates":[[12.1640989,46.5571883],[12.1639768,46.5572158],[12.1635093,46.5571487],[12.1629991,46.5571194],[12.1625173,46.5571739],[12.1620945,46.5573179],[12.1617002,46.5573933],[12.1607672,46.5574283],[12.1603464,46.5574227],[12.1595556,46.5573933],[12.1587426,46.5574241],[12.1578036,46.5574361],[12.1577526,46.5574367],[12.156401,46.5574788],[12.1558525,46.5573498],[12.155403,46.5571697],[12.1552862,46.5569702],[12.1552189,46.5567536],[12.1552862,46.5563934],[12.1552048,46.5560965],[12.1550526,46.5557485],[12.1546279,46.5555416],[12.1544114,46.5554128],[12.1543129,46.5553542],[12.1537042,46.5552301],[12.1525645,46.5550013],[12.1511347,46.5547652],[12.1489935,46.5544002],[12.1480379,46.5541811],[12.1471332,46.5538514]]},"properties":{"id":"33f54f5a-1a07-3b22-8a7e-1d106ea4c7bb","version":0,"sources":[{"property":"","dataset":"OpenStreetMap","license":"ODbL-1.0","record_id":"w909120044@4","update_time":"2024-10-13T14:16:20.000Z","confidence":null,"between":null}],"subtype":"winter_sports","class":"downhill","names":{"primary":"Quattro","common":null,"rules":null},"source_tags":[["abandoned","yes"],["fixme","removed?"],["oneway","yes"],["piste:difficulty","easy"],["piste:type","downhill"]]}}
{"type":"Feature","geometry":{"type":"LineString","coordinates":[[12.1640989,46.5571883],[12.1639689,46.5569937],[12.1643295,46.5565535],[12.1644871,46.5560467],[12.1643704,46.5557599],[12.1629649,46.5566019],[12.1618478,46.5571534],[12.1615517,46.5573412],[12.1611477,46.5574614],[12.1609272,46.5568392],[12.1606686,46.5563994],[12.1589607,46.5560672],[12.1581645,46.5556928],[12.1544114,46.5554128]]},"properties":{"id":"708e85aa-60f2-312c-afc4-1217fa617375","version":0,"sources":[{"property":"","dataset":"OpenStreetMap","license":"ODbL-1.0","record_id":"w924137987@3","update_time":"2024-10-13T14:16:20.000Z","confidence":null,"between":null}],"subtype":"winter_sports","class":"downhill","names":{"primary":"Uno","common":null,"rules":null},"source_tags":[["abandoned","yes"],["fixme","removed?"],["oneway","yes"],["piste:difficulty","intermediate"],["piste:type","downhill"]]}}
{"type":"Feature","geometry":{"type":"Polygon","coordinates":[[[12.1673148,46.5484428],[12.1689874,46.5480525],[12.1699541,46.5470113],[12.1703403,46.5475131],[12.1708693,46.5472305],[12.1703492,46.5461776],[12.17014,46.5458847],[12.1705191,46.545899],[12.1707308,46.5458257],[12.1707806,46.546155],[12.1709809,46.5463136],[12.1710543,46.5464855],[12.1711772,46.5469818],[12.172014,46.5471146],[12.1723713,46.5482045],[12.1718209,46.5477345],[12.1711772,46.5484133],[12.1722501,46.5487822],[12.1724861,46.5491659],[12.1728938,46.5491659],[12.173044,46.548856],[12.1736663,46.5482805],[12.1747547,46.5488378],[12.1736234,46.5489446],[12.174546,46.5499923],[12.1734302,46.5500071],[12.1734732,46.5495496],[12.172765,46.5493578],[12.1723788,46.54983],[12.1725719,46.5508187],[12.172529,46.5513942],[12.171499,46.5511433],[12.1719067,46.5517779],[12.1706547,46.5516133],[12.1700539,46.5505066],[12.1695249,46.5503612],[12.1695464,46.5507302],[12.1684735,46.5502432],[12.1677225,46.5504498],[12.1681731,46.5506859],[12.1671646,46.5512614],[12.1670788,46.5519107],[12.1668856,46.551527],[12.1663846,46.5517757],[12.1658342,46.5512762],[12.1664136,46.5511433],[12.1673931,46.5500786],[12.1663277,46.5489741],[12.1666711,46.5487085],[12.1670573,46.5488855],[12.1673148,46.5484428]],[[12.1698393,46.5481602],[12.169209,46.5483473],[12.1689453,46.5486261],[12.1687879,46.5487926],[12.1682804,46.548856],[12.1689241,46.5496382],[12.1693533,46.5490331],[12.1701107,46.5487391],[12.1698393,46.5481602]]]},"properties":{"id":"d9c7a40d-55b0-3bb5-b96b-bd4ad0ef6f8f","version":0,"sources":[{"property":"","dataset":"OpenStreetMap","license":"ODbL-1.0","record_id":"r3447369@1","update_time":"2022-11-02T15:53:38.000Z","confidence":null,"between":null}],"subtype":"agriculture","class":"meadow","source_tags":[["landuse","meadow"],["type","multipolygon"]]}}
{"type":"Feature","geometry":{"type":"Polygon","coordinates":[[[12.1674312,46.5466217],[12.1671222,46.5465612],[12.1668325,46.5466129],[12.166449,46.546441],[12.1663497,46.5461775],[12.1666206,46.5459687],[12.1668969,46.5459857],[12.1672107,46.5462196],[12.1674312,46.5466217]]]},"properties":{"id":"7fd14ce3-0fbb-3e59-9801-41e59ebdbf95","version":0,"sources":[{"property":"","dataset":"OpenStreetMap","license":"ODbL-1.0","record_id":"w255858470@1","update_time":"2014-01-08T23:54:16.000Z","confidence":null,"between":null}],"subtype":"agriculture","class":"meadow","source_tags":[["landuse","meadow"]]}}
{"type":"Feature","geometry":{"type":"LineString","coordinates":[[12.1897514,46.5504019],[12.1896023,46.5506292],[12.1888746,46.5507858],[12.1887102,46.5508188],[12.1885197,46.5508571],[12.1884519,46.5513275],[12.1876293,46.5513381],[12.1869413,46.5511359],[12.186075,46.5507633],[12.1853213,46.5504423],[12.1832524,46.5499278],[12.18115,46.5494837],[12.18021,46.5493621],[12.1792332,46.5491674],[12.1780725,46.5491523],[12.1771212,46.5485596],[12.175869,46.5481402],[12.1727467,46.5473461],[12.1719499,46.5471784],[12.1718082,46.5468864],[12.1713468,46.5466171],[12.1707299,46.5464769],[12.1705046,46.5459566],[12.1703435,46.5457015],[12.1700101,46.545549],[12.1693093,46.5455597],[12.1687301,46.5448392],[12.1674854,46.5436525],[12.1666455,46.5429501],[12.1659356,46.5429308],[12.1652351,46.5425197],[12.1657021,46.5422691],[12.1654593,46.541813],[12.163703,46.5412426],[12.1625972,46.540577],[12.1595318,46.5400289],[12.1574064,46.5397689],[12.1561829,46.5390751],[12.1556779,46.5384465],[12.1551753,46.5379693],[12.153618,46.5379936],[12.1512539,46.5380326],[12.1487835,46.5387191],[12.1479547,46.5388684],[12.1474183,46.538695],[12.1467102,46.538636],[12.1459645,46.5385216],[12.1457768,46.5382706],[12.1455783,46.538005],[12.1448863,46.5379791],[12.1444092,46.5379287],[12.1441944,46.5375818],[12.1436573,46.5376717],[12.1431623,46.5372413],[12.1424857,46.5369918],[12.1421212,46.5369991],[12.1419464,46.5370328]]},"properties":{"id":"13971b99-e787-3267-8a60-b42f802a6582","version":0,"sources":[{"property":"","dataset":"OpenStreetMap","license":"ODbL-1.0","record_id":"w729943734@3","update_time":"2021-12-31T22:01:45.000Z","confidence":null,"between":null}],"subtype":"winter_sports","class":"downhill","names":{"primary":"Faloria - Cortina","common":null,"rules":null},"source_tags":[["lit","no"],["oneway","yes"],["piste:difficulty","freeride"],["piste:type","downhill"]]}}
{"type":"Feature","geometry":{"type":"Polygon","coordinates":[[[12.1603188,46.5427018],[12.1599054,46.5435531],[12.1592604,46.543405],[12.1596738,46.5425537],[12.1603188,46.5427018]]]},"properties":{"id":"10f81482-25b6-3ee5-8c46-414a4ca3cea8","version":0,"sources":[{"property":"","dataset":"OpenStreetMap","license":"ODbL-1.0","record_id":"w112801271@2","update_time":"2024-07-18T05:55:26.000Z","confidence":null,"between":null}],"subtype":"recreation","class":"pitch","surface":"recreation_grass","names":{"primary":"Campo Sportivo Dadi\u00e9 Gianpaolo","common":null,"rules":null},"source_tags":[["leisure","pitch"],["operator","A.S.S. Alver\u00e0"],["sport","soccer"],["surface","grass"]]}}
{"type":"Feature","geometry":{"type":"Polygon","coordinates":[[[12.1558083,46.54149],[12.1558993,46.5414474],[12.1571653,46.5412998],[12.1577232,46.5419345],[12.1571471,46.5420137],[12.1566818,46.5418266],[12.1560648,46.5415333],[12.1558083,46.54149]]]},"properties":{"id":"cdabfa16-a875-305f-aa1f-d0692981a86b","version":0,"sources":[{"property":"","dataset":"OpenStreetMap","license":"ODbL-1.0","record_id":"w666304118@1","update_time":"2019-01-26T15:29:00.000Z","confidence":null,"between":null}],"subtype":"agriculture","class":"meadow","source_tags":[["landuse","meadow"]]}}
{"type":"Feature","geometry":{"type":"Polygon","coordinates":[[[12.1538436,46.5426313],[12.1545493,46.5425222],[12.1546964,46.5421458],[12.1548337,46.5422528],[12.1553406,46.5424207],[12.1555123,46.5425923],[12.1556142,46.5427528],[12.1556759,46.5429373],[12.1556598,46.5430719],[12.1555499,46.5431697],[12.1553809,46.5431974],[12.1544314,46.5431494],[12.1542892,46.5431051],[12.1540881,46.542928],[12.1538436,46.5426313]]]},"properties":{"id":"c6d55393-4882-3157-876d-06a38abce9b2","version":0,"sources":[{"property":"","dataset":"OpenStreetMap","license":"ODbL-1.0","record_id":"w666304130@1","update_time":"2019-01-26T15:29:02.000Z","confidence":null,"between":null}],"subtype":"agriculture","class":"meadow","source_tags":[["landuse","meadow"]]}}
{"type":"Feature","geometry":{"type":"Polygon","coordinates":[[[12.1568551,46.5420538],[12.1566503,46.542082],[12.1574228,46.5425248],[12.156586,46.5425543],[12.156307,46.5429823],[12.1563244,46.543196],[12.1562058,46.5435042],[12.1558034,46.5435239],[12.1557565,46.5434332],[12.1556867,46.543143],[12.1557336,46.54306],[12.1557484,46.5429705],[12.1557444,46.5428705],[12.1556893,46.5426199],[12.1555123,46.5424096],[12.1552226,46.5422768],[12.1549651,46.5421772],[12.1548632,46.5421108],[12.1549169,46.5420259],[12.155743,46.5416237],[12.1558878,46.5416053],[12.1561239,46.5416901],[12.1564725,46.5418931],[12.1568551,46.5420538]]]},"properties":{"id":"4eb5b92f-ef89-34a4-8fa2-a2ae4d0d4801","version":0,"sources":[{"property":"","dataset":"OpenStreetMap","license":"ODbL-1.0","record_id":"w666304121@2","update_time":"2024-05-31T23:24:43.000Z","confidence":null,"between":null}],"subtype":"agriculture","class":"meadow","source_tags":[["landuse","meadow"]]}}
{"type":"Feature","geometry":{"type":"Polygon","coordinates":[[[12.1514143,46.5427462],[12.1515051,46.5427233],[12.1516124,46.542738],[12.1517411,46.5428007],[12.1518591,46.5428967],[12.1519879,46.5430147],[12.1521595,46.5430848],[12.1523419,46.543107],[12.1525082,46.5430848],[12.1526531,46.5430369],[12.153109,46.5427565],[12.1532807,46.5426642],[12.1533987,46.5426458],[12.1535436,46.5426495],[12.1537313,46.5426974],[12.1538654,46.5427971],[12.1540398,46.5430203],[12.1540612,46.5432527],[12.1535543,46.5433302],[12.1530661,46.5432398],[12.1530635,46.5433219],[12.152692,46.5433791],[12.1526598,46.5435221],[12.1525539,46.5435359],[12.1523561,46.543553],[12.1524009,46.5433763],[12.1516269,46.5434022],[12.1513112,46.5429932],[12.1512951,46.5428932],[12.1513401,46.5428127],[12.1514143,46.5427462]]]},"properties":{"id":"d4df1a35-3b85-3ccd-9083-299ffb0c071d","version":0,"sources":[{"property":"","dataset":"OpenStreetMap","license":"ODbL-1.0","record_id":"w666304117@2","update_time":"2024-05-31T23:24:43.000Z","confidence":null,"between":null}],"subtype":"agriculture","class":"meadow","source_tags":[["landuse","meadow"]]}}
{"type":"Feature","geometry":{"type":"Polygon","coordinates":[[[12.1550711,46.5435802],[12.1549329,46.5436752],[12.1551422,46.5440183],[12.1548471,46.5441032],[12.1546916,46.5438818],[12.1534577,46.5437379],[12.1534202,46.5436032],[12.1550711,46.5435802]]]},"properties":{"id":"04f5c5f2-c5d1-3b97-af51-1af893e8b625","version":0,"sources":[{"property":"","dataset":"OpenStreetMap","license":"ODbL-1.0","record_id":"w666304059@1","update_time":"2019-01-26T15:28:57.000Z","confidence":null,"between":null}],"subtype":"agriculture","class":"meadow","source_tags":[["landuse","meadow"]]}}
{"type":"Feature","geometry":{"type":"Polygon","coordinates":[[[12.1563244,46.543196],[12.1567743,46.5434101],[12.1565081,46.5437682],[12.1562862,46.5436758],[12.1562809,46.543602],[12.156187,46.5435651],[12.1558061,46.5435854],[12.1556693,46.5436574],[12.1556693,46.5437883],[12.1556935,46.5438308],[12.1557713,46.5438861],[12.1561134,46.5440338],[12.1561539,46.5446389],[12.1559724,46.5446526],[12.1558276,46.5446028],[12.1555122,46.5444357],[12.1551839,46.5442929],[12.155039,46.5442569],[12.1547869,46.5442606],[12.1544905,46.5443395],[12.1537837,46.5443455],[12.1537514,46.5442692],[12.1536509,46.5441327],[12.1534255,46.5439777],[12.1534577,46.5437379],[12.1546916,46.5438818],[12.1548471,46.5441032],[12.1551422,46.5440183],[12.1549329,46.5436752],[12.1550711,46.5435802],[12.1554372,46.5433284],[12.1556862,46.5434222],[12.1557565,46.5434332],[12.1558034,46.5435239],[12.1562058,46.5435042],[12.1563244,46.543196]]]},"properties":{"id":"efc7c107-5502-3ed8-8f60-593fa424e6e8","version":0,"sources":[{"property":"","dataset":"OpenStreetMap","license":"ODbL-1.0","record_id":"w666304131@2","update_time":"2024-05-31T23:24:43.000Z","confidence":null,"between":null}],"subtype":"residential","class":"residential","source_tags":[["landuse","residential"]]}}
{"type":"Feature","geometry":{"type":"Polygon","coordinates":[[[12.1552985,46.5446058],[12.1558349,46.5452109],[12.1553843,46.5456093],[12.1565001,46.5464653],[12.1559637,46.5467014],[12.1569432,46.5470829],[12.1569003,46.5466992],[12.1576299,46.5464926],[12.1567716,46.5460499],[12.157057,46.5456691],[12.1576578,46.5460823],[12.158044,46.5457577],[12.1583873,46.5460528],[12.1587736,46.5456396],[12.1593744,46.545551],[12.1601469,46.5457872],[12.1601469,46.5461709],[12.1605331,46.5464956],[12.1612197,46.5462004],[12.1609773,46.5469649],[12.1615202,46.547263],[12.1611339,46.5479418],[12.1603614,46.5476762],[12.159589,46.5469383],[12.1582586,46.5468497],[12.1586448,46.547381],[12.1574582,46.5476142],[12.1559841,46.5469088],[12.1559562,46.5483226],[12.1569711,46.5488568],[12.157014,46.5498307],[12.1583873,46.5508047],[12.1579153,46.5512769],[12.1570291,46.5509198],[12.1567995,46.5505391],[12.1561987,46.5505981],[12.1549112,46.5498602],[12.1554691,46.5512179],[12.1549691,46.5517757],[12.1530379,46.5508903],[12.1536666,46.5505981],[12.1526946,46.5505361],[12.1522655,46.5500049],[12.151478,46.5502734],[12.1518363,46.5508312],[12.1498043,46.5511293],[12.1518213,46.5510998],[12.152995,46.5516281],[12.1527225,46.5519852],[12.1536817,46.5528086],[12.15454,46.5530152],[12.1561987,46.5534018],[12.1542396,46.5541366],[12.1538104,46.5533103],[12.1523792,46.552782],[12.1512355,46.5525135],[12.1497184,46.552782],[12.1497613,46.5519852],[12.148946,46.5517786],[12.1485168,46.5506571],[12.1490747,46.5499488],[12.148946,46.5488863],[12.1501197,46.5489719],[12.1492464,46.5482665],[12.1483172,46.5478208],[12.1479739,46.5469944],[12.1451694,46.5459348],[12.1442403,46.5457252],[12.1435057,46.5455787],[12.1436128,46.545504],[12.1435498,46.5454551],[12.1437172,46.5453157],[12.1434329,46.5450851],[12.1431796,46.5452522],[12.1429979,46.5454331],[12.1430252,46.545277],[12.1433256,46.5449523],[12.1434212,46.5441447],[12.1431434,46.5441167],[12.1429736,46.5442791],[12.1429443,46.5442408],[12.1429148,46.544232],[12.1424372,46.544236],[12.1423837,46.544298],[12.1424065,46.5443432],[12.1423723,46.5443409],[12.1422488,46.5443283],[12.1421376,46.5442993],[12.1420141,46.5442323],[12.1415232,46.5437873],[12.1404229,46.5427544],[12.1408521,46.5427027],[12.1410774,46.5428503],[12.1425258,46.5425625],[12.142666,46.5423069],[12.1428101,46.5419851],[12.1432044,46.5421511],[12.1430603,46.5425541],[12.143079,46.5426335],[12.1431164,46.5428418],[12.1435187,46.5428861],[12.1434558,46.5432247],[12.1432934,46.5432625],[12.1431969,46.5437864],[12.1439098,46.5438982],[12.1444092,46.5437938],[12.1441343,46.5429101],[12.1439452,46.5428603],[12.1438884,46.5424887],[12.1456645,46.5432182],[12.1453234,46.5435071],[12.1456967,46.5437107],[12.1460663,46.5434702],[12.1462487,46.5434849],[12.1466771,46.5436678],[12.1467388,46.5436106],[12.1471545,46.5437103],[12.1466074,46.5444463],[12.1470633,46.5446456],[12.1475086,46.5446825],[12.1481255,46.5445238],[12.1487853,46.5444389],[12.1487452,46.544542],[12.1485018,46.5448153],[12.1484059,46.5448602],[12.1480787,46.5448546],[12.1476607,46.5448134],[12.148147,46.544985],[12.1484098,46.5450256],[12.1483001,46.5452073],[12.1456847,46.5448079],[12.1455506,46.5451547],[12.1466288,46.5456159],[12.1475247,46.5458705],[12.147809,46.5461472],[12.1478895,46.546542],[12.1482435,46.546756],[12.1486941,46.5465604],[12.1489999,46.5466674],[12.1491072,46.5471839],[12.1495524,46.5470142],[12.1491984,46.5466268],[12.149649,46.5465383],[12.1495149,46.5461915],[12.1485493,46.5458926],[12.1481201,46.5455606],[12.1483669,46.5452507],[12.1486493,46.5448116],[12.1489731,46.5445755],[12.1496544,46.5446271],[12.1498368,46.5447858],[12.1505288,46.5447304],[12.1506414,46.5449702],[12.1521327,46.5451068],[12.1524492,46.5448079],[12.1528837,46.5448965],[12.1532432,46.5446788],[12.1534953,46.5447083],[12.1535838,46.5448725],[12.1545011,46.5449057],[12.1545911,46.5448141],[12.1545911,46.5446646],[12.1546486,46.5445533],[12.1546796,46.5444802],[12.1549317,46.5444506],[12.1551061,46.5444949],[12.1551999,46.544517],[12.1552985,46.5446058]]]},"properties":{"id":"c45a6e4c-b9d9-392b-8b4c-bd9e856abc73","version":0,"sources":[{"property":"","dataset":"OpenStreetMap","license":"ODbL-1.0","record_id":"w666304034@3","update_time":"2024-06-10T15:35:59.000Z","confidence":null,"between":null}],"subtype":"agriculture","class":"meadow","source_tags":[["landuse","meadow"]]}}
{"type":"Feature","geometry":{"type":"Polygon","coordinates":[[[12.1439383,46.5463955],[12.1438971,46.546443],[12.143881,46.5465168],[12.1439561,46.5465721],[12.1440473,46.546609],[12.1441331,46.5466533],[12.1440929,46.5466902],[12.1440259,46.5467178],[12.1439347,46.5467511],[12.1438864,46.5468156],[12.1437898,46.5468433],[12.1437147,46.5467935],[12.1436477,46.5467363],[12.1435994,46.546668],[12.1435672,46.5465998],[12.1434921,46.5465703],[12.1435377,46.5466865],[12.1435484,46.54674],[12.1436369,46.5468414],[12.143712,46.5469245],[12.1437523,46.5469909],[12.1437147,46.5470425],[12.1436343,46.5470905],[12.1435297,46.5471145],[12.1434143,46.5471052],[12.1434036,46.5471108],[12.1434009,46.547155],[12.1434465,46.5471956],[12.1434411,46.5472362],[12.1433875,46.5472786],[12.143299,46.5473192],[12.1431971,46.5473377],[12.1430844,46.5473303],[12.1430093,46.54731],[12.1429691,46.5472676],[12.1428806,46.5471034],[12.1428135,46.5469115],[12.1428376,46.5467584],[12.1427706,46.5467879],[12.1427357,46.5468322],[12.1427089,46.5469208],[12.1427196,46.5470388],[12.1427491,46.5471846],[12.1428081,46.547262],[12.1428662,46.5473071],[12.1424626,46.5473748],[12.1423991,46.5472288],[12.1422822,46.5470728],[12.1415875,46.5465812],[12.1417111,46.5464753],[12.141495,46.5463258],[12.1415555,46.5463074],[12.1416011,46.5462899],[12.1416467,46.5462465],[12.1416628,46.5462253],[12.1416669,46.5461764],[12.1415904,46.5460408],[12.1419016,46.5460085],[12.1419418,46.5462318],[12.1419726,46.5462456],[12.1421845,46.5462244],[12.1422154,46.5462253],[12.1422596,46.5462391],[12.1422951,46.5462531],[12.1424273,46.5462585],[12.1424434,46.546312],[12.1426003,46.5464015],[12.1428081,46.5465186],[12.142839,46.5465094],[12.1428578,46.5464891],[12.1428403,46.5464052],[12.1427397,46.5459615],[12.1428712,46.5459403],[12.1428792,46.5459514],[12.1429114,46.5460113],[12.1429583,46.5460316],[12.1430106,46.5460334],[12.1430616,46.5460187],[12.1431139,46.5460316],[12.1431568,46.5459726],[12.1430562,46.5458932],[12.1430898,46.5458739],[12.1432802,46.54586],[12.143413,46.5458619],[12.1434532,46.5458683],[12.1434854,46.5458896],[12.1435055,46.5459182],[12.1435042,46.5459587],[12.143539,46.5459606],[12.1435551,46.5459255],[12.1435551,46.5458886],[12.1435216,46.5458536],[12.1435846,46.5458656],[12.1436705,46.5459209],[12.1436839,46.5459689],[12.1436839,46.5460168],[12.143649,46.546015],[12.1436423,46.5460593],[12.1435913,46.5460759],[12.1435484,46.5460999],[12.1434143,46.5462124],[12.1434237,46.5462419],[12.1434532,46.5462853],[12.1437322,46.5464476],[12.1437858,46.5464504],[12.1438542,46.5464264],[12.1439383,46.5463955]]]},"properties":{"id":"dc143ca6-f4db-32ea-8382-b47a2c905a90","version":0,"sources":[{"property":"","dataset":"OpenStreetMap","license":"ODbL-1.0","record_id":"w666304076@2","update_time":"2024-05-31T23:24:43.000Z","confidence":null,"between":null}],"subtype":"agriculture","class":"meadow","source_tags":[["landuse","meadow"]]}}
{"type":"Feature","geometry":{"type":"Polygon","coordinates":[[[12.1423601,46.5444018],[12.1422361,46.5449977],[12.1419845,46.545218],[12.1419357,46.5454995],[12.1420323,46.5455659],[12.1418821,46.5457079],[12.1421669,46.5458304],[12.1421025,46.5458968],[12.1414315,46.5459791],[12.1410189,46.5460739],[12.140622,46.5457566],[12.1403001,46.5458821],[12.1399434,46.5455473],[12.1397652,46.545599],[12.139729,46.5455418],[12.1395372,46.5456009],[12.1393991,46.5454939],[12.1392058,46.54555],[12.1391248,46.5453962],[12.1394847,46.5452917],[12.1390818,46.5445697],[12.1396671,46.5447678],[12.1396827,46.5445992],[12.1398255,46.5445761],[12.1401219,46.5446416],[12.140425,46.5447707],[12.1405323,46.5448214],[12.1406541,46.5447162],[12.1409829,46.5443436],[12.1411076,46.5443086],[12.1411733,46.5442274],[12.1412697,46.5442614],[12.1413383,46.5441979],[12.1412632,46.5441296],[12.1411477,46.544052],[12.1414477,46.5438084],[12.1419163,46.5442339],[12.1420706,46.54434],[12.1421939,46.5443824],[12.1423601,46.5444018]]]},"properties":{"id":"53a2a48f-3e8d-3437-b95e-b394d0ba2adc","version":0,"sources":[{"property":"","dataset":"OpenStreetMap","license":"ODbL-1.0","record_id":"w666304039@4","update_time":"2024-06-18T18:13:51.000Z","confidence":null,"between":null}],"subtype":"agriculture","class":"meadow","source_tags":[["landuse","meadow"]]}}
{"type":"Feature","geometry":{"type":"Polygon","coordinates":[[[12.1537957,46.5445127],[12.1534953,46.5447083],[12.1532432,46.5446788],[12.1528837,46.5448965],[12.1524492,46.5448079],[12.1521327,46.5451068],[12.1506414,46.5449702],[12.1505288,46.5447304],[12.1498368,46.5447858],[12.1496544,46.5446271],[12.1489731,46.5445755],[12.1486493,46.5448116],[12.1485018,46.5448153],[12.1487452,46.544542],[12.1487853,46.5444389],[12.1481255,46.5445238],[12.1475086,46.5446825],[12.1470633,46.5446456],[12.1466074,46.5444463],[12.1471545,46.5437103],[12.1472618,46.5436199],[12.1481792,46.5438062],[12.1482443,46.5435503],[12.1484098,46.5434686],[12.1486888,46.5434723],[12.1491126,46.5436309],[12.1494881,46.543321],[12.1495466,46.5428221],[12.149708,46.5426052],[12.1499762,46.5426882],[12.1502754,46.5423217],[12.1505824,46.5421255],[12.1509594,46.5422811],[12.1508467,46.5425431],[12.1508709,46.5426427],[12.1509808,46.5426999],[12.1510372,46.5425339],[12.1511337,46.5424232],[12.1513871,46.5424908],[12.1514068,46.5426473],[12.1514143,46.5427462],[12.1513401,46.5428127],[12.1512951,46.5428932],[12.1513112,46.5429932],[12.1516269,46.5434022],[12.1524009,46.5433763],[12.1523561,46.543553],[12.1523044,46.543797],[12.1530769,46.5437711],[12.1531895,46.5438412],[12.1532271,46.5441216],[12.1533826,46.5443135],[12.1537957,46.5445127]]]},"properties":{"id":"d8950106-6f71-3bb1-9b90-5cf808a0a674","version":0,"sources":[{"property":"","dataset":"OpenStreetMap","license":"ODbL-1.0","record_id":"w666304090@2","update_time":"2024-05-31T23:24:43.000Z","confidence":null,"between":null}],"subtype":"residential","class":"residential","source_tags":[["landuse","residential"]]}}
{"type":"Feature","geometry":{"type":"Polygon","coordinates":[[[12.1470271,46.5430558],[12.1472806,46.5431199],[12.14762,46.54346],[12.1478305,46.5435461],[12.1482443,46.5435503],[12.1481792,46.5438062],[12.1472618,46.5436199],[12.1468595,46.5435276],[12.1464311,46.5433844],[12.1470271,46.5430558]]]},"properties":{"id":"96df3e1b-a858-3378-8c14-c1ffea42e23a","version":0,"sources":[{"property":"","dataset":"OpenStreetMap","license":"ODbL-1.0","record_id":"w666304111@2","update_time":"2024-05-31T23:24:43.000Z","confidence":null,"between":null}],"subtype":"agriculture","class":"meadow","source_tags":[["landuse","meadow"]]}}
{"type":"Feature","geometry":{"type":"Polygon","coordinates":[[[12.146759,46.5385377],[12.1475952,46.5385545],[12.1480887,46.5387907],[12.1483677,46.538525],[12.1498697,46.5381117],[12.1503847,46.537846],[12.1511143,46.5378313],[12.151994,46.5375213],[12.1523588,46.5380232],[12.1513503,46.5382446],[12.1513288,46.5385693],[12.1485823,46.5390564],[12.1484535,46.5393073],[12.1498268,46.5397796],[12.1499555,46.5400895],[12.1521013,46.5402076],[12.1543758,46.5408423],[12.154261,46.5411205],[12.1529306,46.5410762],[12.1520584,46.5405471],[12.1513932,46.5410932],[12.1516936,46.5414474],[12.1531098,46.5414917],[12.1535604,46.5419935],[12.1535412,46.5425323],[12.1532753,46.5425498],[12.153152,46.5426384],[12.1526531,46.5429336],[12.1524868,46.5430111],[12.1523205,46.5430184],[12.1521595,46.5429963],[12.1520469,46.5429483],[12.1519557,46.5428303],[12.1517733,46.5427011],[12.1516285,46.5426421],[12.1514068,46.5426473],[12.1513871,46.5424908],[12.1511337,46.5424232],[12.1510372,46.5425339],[12.1509808,46.5426999],[12.1508709,46.5426427],[12.1508467,46.5425431],[12.1509594,46.5422811],[12.1505824,46.5421255],[12.1502754,46.5423217],[12.1499762,46.5426882],[12.149708,46.5426052],[12.1495466,46.5428221],[12.1492735,46.5427343],[12.1488819,46.5424724],[12.1485386,46.542417],[12.1484366,46.5425609],[12.1491018,46.5428635],[12.1490428,46.5430074],[12.148442,46.5427011],[12.1483615,46.5429373],[12.1489892,46.5431918],[12.1488658,46.5432435],[12.1479056,46.5431107],[12.1474925,46.5427269],[12.1470902,46.5423211],[12.1465752,46.5419152],[12.1460173,46.5417381],[12.1452126,46.5417639],[12.1451375,46.541716],[12.1451122,46.5415505],[12.1451224,46.5414176],[12.1452131,46.5412444],[12.1455983,46.5413896],[12.1457854,46.541152],[12.146,46.5412018],[12.1462437,46.5409414],[12.1466993,46.541122],[12.1471184,46.5405248],[12.147117,46.5404581],[12.1468019,46.5403126],[12.146464,46.5401668],[12.1464211,46.5401299],[12.1464533,46.5400137],[12.1465042,46.5398827],[12.1468315,46.5400469],[12.1470193,46.5398624],[12.1467885,46.5397369],[12.1465847,46.5397314],[12.1466973,46.5394897],[12.1467643,46.5393163],[12.1467778,46.5391853],[12.1467583,46.5389966],[12.1465149,46.5389621],[12.1462514,46.5388804],[12.1462628,46.5387407],[12.1460751,46.5386752],[12.1456479,46.5385775],[12.1456425,46.5381996],[12.1462736,46.5378883],[12.1464794,46.537945],[12.1465176,46.5377222],[12.1465223,46.5374911],[12.1460722,46.5374324],[12.1459113,46.5372553],[12.1457939,46.5369099],[12.1461902,46.5365837],[12.1464007,46.5364905],[12.1466229,46.5363928],[12.1466195,46.5362223],[12.147079,46.5359829],[12.1475743,46.5357058],[12.1486203,46.5359715],[12.1484916,46.5363405],[12.148304,46.5364252],[12.1480168,46.536722],[12.148513,46.5366726],[12.148658,46.5370156],[12.1488253,46.5371369],[12.1489261,46.5376468],[12.146759,46.5385377]]]},"properties":{"id":"d03511cc-4894-3eda-8e41-46c049bf57d7","version":0,"sources":[{"property":"","dataset":"OpenStreetMap","license":"ODbL-1.0","record_id":"w666304071@6","update_time":"2024-05-31T23:24:43.000Z","confidence":null,"between":null}],"subtype":"agriculture","class":"meadow","source_tags":[["landuse","meadow"]]}}
{"type":"Feature","geometry":{"type":"Polygon","coordinates":[[[12.1428147,46.540074],[12.1426908,46.5398505],[12.1429805,46.539516],[12.1435182,46.5397134],[12.1435323,46.5397416],[12.1435592,46.5397314],[12.1435873,46.5397287],[12.1436369,46.5397139],[12.1437013,46.5397397],[12.1437965,46.5397969],[12.1438207,46.539832],[12.1437496,46.5398744],[12.1436906,46.5399233],[12.1436463,46.5399989],[12.1436222,46.5400054],[12.1435833,46.5399325],[12.1435618,46.5399261],[12.1433848,46.5399823],[12.1434036,46.5400229],[12.1433553,46.5400386],[12.1433137,46.5400663],[12.143284,46.5401157],[12.1434036,46.5402868],[12.1434773,46.5402849],[12.1435095,46.5402748],[12.1435457,46.5402572],[12.143594,46.5403864],[12.1433043,46.5404759],[12.1428147,46.540074]]]},"properties":{"id":"6620b534-1063-3340-84a6-112121e4628b","version":0,"sources":[{"property":"","dataset":"OpenStreetMap","license":"ODbL-1.0","record_id":"w1288541782@1","update_time":"2024-05-31T23:24:43.000Z","confidence":null,"between":null}],"subtype":"managed","class":"grass","source_tags":[["landuse","grass"]]}}
{"type":"Feature","geometry":{"type":"Polygon","coordinates":[[[12.1456425,46.5381996],[12.1456479,46.5385775],[12.1460751,46.5386752],[12.1462628,46.5387407],[12.1462514,46.5388804],[12.1465149,46.5389621],[12.1467583,46.5389966],[12.1467778,46.5391853],[12.1467643,46.5393163],[12.1466973,46.5394897],[12.1465847,46.5397314],[12.1467885,46.5397369],[12.1470193,46.5398624],[12.1468315,46.5400469],[12.1465042,46.5398827],[12.1464533,46.5400137],[12.1464211,46.5401299],[12.146464,46.5401668],[12.1468019,46.5403126],[12.147117,46.5404581],[12.1471184,46.5405248],[12.1466993,46.541122],[12.1462437,46.5409414],[12.146,46.5412018],[12.1457854,46.541152],[12.1455983,46.5413896],[12.1452131,46.5412444],[12.1451224,46.5414176],[12.144938,46.5415414],[12.1444194,46.5418895],[12.1441244,46.54167],[12.1442538,46.5415229],[12.1444623,46.5414191],[12.1442425,46.5412115],[12.1444744,46.5410833],[12.1445543,46.541033],[12.1444,46.5408956],[12.1446455,46.5407443],[12.144502,46.5406382],[12.1443906,46.5404943],[12.1443169,46.5405155],[12.1443531,46.5406779],[12.1441244,46.5407502],[12.1440205,46.5407009],[12.1437992,46.5408624],[12.1437351,46.5407361],[12.1434538,46.5406792],[12.1433043,46.5404759],[12.143594,46.5403864],[12.1435457,46.5402572],[12.1435095,46.5402748],[12.1434773,46.5402849],[12.1434036,46.5402868],[12.143284,46.5401157],[12.1433137,46.5400663],[12.1433553,46.5400386],[12.1434036,46.5400229],[12.1433848,46.5399823],[12.1435618,46.5399261],[12.1435833,46.5399325],[12.1436222,46.5400054],[12.1436463,46.5399989],[12.1436906,46.5399233],[12.1437496,46.5398744],[12.1438207,46.539832],[12.1437965,46.5397969],[12.1437013,46.5397397],[12.1436369,46.5397139],[12.1435873,46.5397287],[12.1435592,46.5397314],[12.1435323,46.5397416],[12.1435182,46.5397134],[12.1429805,46.539516],[12.1426908,46.5398505],[12.1426298,46.5397582],[12.1424735,46.539718],[12.1426666,46.5393112],[12.1429074,46.5392213],[12.1432218,46.5391126],[12.1432822,46.5390114],[12.1439474,46.53879],[12.1440339,46.5386429],[12.1440876,46.5385949],[12.144219,46.5386263],[12.1442485,46.5385488],[12.1444255,46.5385709],[12.1445033,46.5384455],[12.1449029,46.5383329],[12.14497,46.5381909],[12.1451041,46.5381909],[12.1453764,46.5382038],[12.1456425,46.5381996]]]},"properties":{"id":"986eb6fb-a9d3-3911-985f-e0ccfcf77ac8","version":0,"sources":[{"property":"","dataset":"OpenStreetMap","license":"ODbL-1.0","record_id":"w1296011022@1","update_time":"2024-06-25T09:41:14.000Z","confidence":null,"between":null}],"subtype":"residential","class":"residential","names":{"primary":"Pecol","common":null,"rules":[{"variant":"official","language":null,"perspectives":null,"value":"Localit\u00e0 Pecol","between":null,"side":null}]},"source_tags":[["landuse","residential"],["official_name","Localit\u00e0 Pecol"],["place","neighbourhood"]]}}
{"type":"Feature","geometry":{"type":"Polygon","coordinates":[[[12.140079,46.539141],[12.1399549,46.5388509],[12.1398984,46.5387836],[12.1398869,46.5387524],[12.1398886,46.5387204],[12.1400152,46.538652],[12.1401982,46.5388051],[12.1403003,46.5388136],[12.1403874,46.5388145],[12.140421,46.5388246],[12.1404169,46.5388606],[12.14037,46.5388938],[12.1402976,46.538904],[12.1402855,46.538927],[12.1402667,46.5389851],[12.140256,46.5390276],[12.1402627,46.5390552],[12.140303,46.5390792],[12.1403781,46.5391115],[12.1404237,46.5391143],[12.1405148,46.539106],[12.1405859,46.5390949],[12.1406369,46.5390977],[12.140661,46.5391309],[12.140657,46.5391724],[12.1406373,46.5392187],[12.1404961,46.5391973],[12.1403486,46.5391835],[12.1401836,46.5391659],[12.140079,46.539141]]]},"properties":{"id":"d31dd1c2-aa78-317b-818f-e769d9ccc634","version":0,"sources":[{"property":"","dataset":"OpenStreetMap","license":"ODbL-1.0","record_id":"w1288541777@1","update_time":"2024-05-31T23:24:42.000Z","confidence":null,"between":null}],"subtype":"managed","class":"grass","source_tags":[["landuse","grass"]]}}
{"type":"Feature","geometry":{"type":"Polygon","coordinates":[[[12.141764,46.540297],[12.1418291,46.5402904],[12.1418935,46.5403476],[12.1420357,46.5405395],[12.1421027,46.5407056],[12.1421269,46.5407812],[12.1421644,46.5408513],[12.1422529,46.5408901],[12.1423441,46.5409288],[12.1424058,46.5409897],[12.142446,46.5410579],[12.1427813,46.541307],[12.142843,46.5413642],[12.1429235,46.5414159],[12.143012,46.5414583],[12.1430683,46.5415044],[12.1432346,46.541545],[12.1432748,46.5415653],[12.1433231,46.5416114],[12.1433499,46.5416907],[12.1429501,46.5415228],[12.1425909,46.5412683],[12.1422555,46.5410633],[12.1420491,46.5409269],[12.1416814,46.5408752],[12.1415421,46.5406797],[12.1413678,46.5405497],[12.1417567,46.5405709],[12.141764,46.540297]]]},"properties":{"id":"4a3ed22e-5397-374c-a3c7-a090c297707f","version":0,"sources":[{"property":"","dataset":"OpenStreetMap","license":"ODbL-1.0","record_id":"w1288541773@1","update_time":"2024-05-31T23:24:43.000Z","confidence":null,"between":null}],"subtype":"managed","class":"grass","source_tags":[["landuse","grass"]]}}
{"type":"Feature","geometry":{"type":"Polygon","coordinates":[[[12.1443906,46.5404943],[12.144502,46.5406382],[12.1446455,46.5407443],[12.1444,46.5408956],[12.1445543,46.541033],[12.1444744,46.5410833],[12.1442425,46.5412115],[12.1440244,46.5411569],[12.1439078,46.5410727],[12.1438274,46.540962],[12.1437992,46.5408624],[12.1440205,46.5407009],[12.1441244,46.5407502],[12.1443531,46.5406779],[12.1443169,46.5405155],[12.1443906,46.5404943]]]},"properties":{"id":"e118cdf3-49f2-3aca-bace-a0e3d7fe0e5c","version":0,"sources":[{"property":"","dataset":"OpenStreetMap","license":"ODbL-1.0","record_id":"w1288541783@1","update_time":"2024-05-31T23:24:43.000Z","confidence":null,"between":null}],"subtype":"managed","class":"grass","source_tags":[["landuse","grass"]]}}
{"type":"Feature","geometry":{"type":"Polygon","coordinates":[[[12.143787,46.5419083],[12.1438569,46.5418679],[12.1438783,46.5418457],[12.1438622,46.5418014],[12.1436048,46.5416059],[12.1434438,46.541521],[12.1432963,46.5414601],[12.1431541,46.5414085],[12.1428886,46.5412849],[12.1426874,46.541093],[12.1425855,46.5409528],[12.1424997,46.5407904],[12.1424514,46.5406152],[12.1423763,46.540486],[12.1421778,46.5401521],[12.1420732,46.5400561],[12.1419953,46.540045],[12.1420221,46.5399343],[12.1416889,46.5396808],[12.1414851,46.5396845],[12.1410963,46.5397863],[12.1411291,46.5397554],[12.1412203,46.5397185],[12.1413678,46.5396724],[12.1414456,46.5396263],[12.1414617,46.5395894],[12.1414188,46.5395045],[12.1411747,46.5394547],[12.1411452,46.539392],[12.1411264,46.53932],[12.1410593,46.539261],[12.1408313,46.539165],[12.140767,46.5391078],[12.140767,46.539034],[12.1407536,46.5389602],[12.1406919,46.538903],[12.140598,46.5388754],[12.1405739,46.5388052],[12.1407616,46.538737],[12.1408313,46.5386798],[12.1408716,46.5385359],[12.1409145,46.5384695],[12.141003,46.5383661],[12.1410593,46.5383157],[12.1411183,46.5383735],[12.1412644,46.5384172],[12.141172,46.5387296],[12.1411961,46.5387997],[12.14129,46.5388329],[12.1414,46.5388366],[12.1414939,46.5388717],[12.1415234,46.5389418],[12.1415126,46.5390119],[12.1415234,46.5390838],[12.1415207,46.5391558],[12.1415073,46.5392278],[12.1415395,46.5392997],[12.1416146,46.5393532],[12.1417057,46.539392],[12.1417648,46.539451],[12.141864,46.5395801],[12.1420732,46.5396779],[12.1421429,46.5397333],[12.1421617,46.5398034],[12.1422556,46.5398366],[12.1423414,46.5398993],[12.1424085,46.5399657],[12.1424299,46.5400082],[12.1423763,46.5401465],[12.1423629,46.5402222],[12.1424299,46.5403163],[12.1425185,46.5403975],[12.1426016,46.5404694],[12.1426418,46.5405543],[12.1426499,46.5406428],[12.142666,46.540724],[12.1426821,46.5408033],[12.1427277,46.5408956],[12.1427947,46.5409638],[12.1429101,46.5410782],[12.1430442,46.5412],[12.1431246,46.5412517],[12.1432453,46.5412922],[12.1433929,46.5413291],[12.1435297,46.541379],[12.1437281,46.541521],[12.1439293,46.5416871],[12.1441707,46.5418457],[12.1443048,46.5419103],[12.1443799,46.5419306],[12.1445355,46.5419223],[12.1446562,46.5419075],[12.1447165,46.5418891],[12.1447675,46.5418568],[12.1448292,46.5418466],[12.1448936,46.5418411],[12.1450035,46.5418476],[12.1450371,46.5418457],[12.1450438,46.541819],[12.1450438,46.5417387],[12.1450169,46.5416437],[12.1449915,46.541604],[12.144938,46.5415414],[12.1451224,46.5414176],[12.1451122,46.5415505],[12.1451375,46.541716],[12.1452126,46.5417639],[12.1460173,46.5417381],[12.1465752,46.5419152],[12.1470902,46.5423211],[12.1474925,46.5427269],[12.1479056,46.5431107],[12.1488658,46.5432435],[12.1489892,46.5431918],[12.1483615,46.5429373],[12.148442,46.5427011],[12.1490428,46.5430074],[12.1491018,46.5428635],[12.1484366,46.5425609],[12.1485386,46.542417],[12.1488819,46.5424724],[12.1492735,46.5427343],[12.1495466,46.5428221],[12.1494881,46.543321],[12.1491126,46.5436309],[12.1486888,46.5434723],[12.1484098,46.5434686],[12.1482443,46.5435503],[12.1478305,46.5435461],[12.14762,46.54346],[12.1472806,46.5431199],[12.1470271,46.5430558],[12.1468447,46.5426057],[12.1464477,46.542281],[12.1459268,46.5422895],[12.1459864,46.5420817],[12.1453278,46.5420218],[12.1451175,46.5420007],[12.1449915,46.5419988],[12.1443341,46.5420817],[12.143787,46.5419083]]]},"properties":{"id":"a96010e5-d6d4-3750-8497-6abaffc8ff4c","version":0,"sources":[{"property":"","dataset":"OpenStreetMap","license":"ODbL-1.0","record_id":"w666304119@3","update_time":"2024-05-31T23:24:43.000Z","confidence":null,"between":null}],"subtype":"managed","class":"grass","source_tags":[["landuse","grass"]]}}
{"type":"Feature","geometry":{"type":"Polygon","coordinates":[[[12.1348782,46.5424047],[12.1350673,46.5424268],[12.1351933,46.5424204],[12.1353771,46.5424047],[12.1354629,46.5424093],[12.135424,46.5426131],[12.1354119,46.5426981],[12.1354092,46.5428078],[12.13542,46.5430403],[12.1354133,46.5430624],[12.1352899,46.543043],[12.1351933,46.5430403],[12.1351866,46.5430642],[12.1349412,46.5430393],[12.1348782,46.5424047]]]},"properties":{"id":"82f2a856-cfd9-346c-a9db-2b58a447f0fb","version":0,"sources":[{"property":"","dataset":"OpenStreetMap","license":"ODbL-1.0","record_id":"w1288541796@1","update_time":"2024-06-05T23:37:57.000Z","confidence":null,"between":null}],"subtype":"managed","class":"grass","source_tags":[["landuse","grass"]]}}
{"type":"Feature","geometry":{"type":"Polygon","coordinates":[[[12.1385461,46.538606],[12.1384522,46.5384095],[12.1385743,46.538047],[12.1387191,46.5380414],[12.1389471,46.5380857],[12.1391,46.5381512],[12.1391657,46.5382121],[12.1391885,46.5382748],[12.1391791,46.5383357],[12.1391416,46.5383837],[12.1390933,46.5384141],[12.1387835,46.5385469],[12.138762,46.538522],[12.1387298,46.5385239],[12.1385461,46.538606]]]},"properties":{"id":"a1e08f3f-7ede-3a08-b75f-9ec458c398c8","version":0,"sources":[{"property":"","dataset":"OpenStreetMap","license":"ODbL-1.0","record_id":"w1355255603@1","update_time":"2025-01-29T20:43:00.000Z","confidence":null,"between":null}],"subtype":"construction","class":"construction","source_tags":[["landuse","construction"]]}}
{"type":"Feature","geometry":{"type":"Polygon","coordinates":[[[12.1370038,46.5387204],[12.1368644,46.5386475],[12.1361509,46.5386706],[12.1361549,46.5385377],[12.1362314,46.5385331],[12.1363789,46.5384778],[12.1364714,46.5384446],[12.1366122,46.5385451],[12.1367142,46.5386037],[12.1371675,46.5382688],[12.1371916,46.5382241],[12.1371983,46.5381789],[12.1374182,46.5381678],[12.1374786,46.5381779],[12.1375886,46.5381872],[12.1376207,46.5381936],[12.1377026,46.538177],[12.1379413,46.538034],[12.138062,46.5379233],[12.1381357,46.5378809],[12.138239,46.5378809],[12.1382377,46.5379436],[12.1381639,46.5379602],[12.1380982,46.5381152],[12.1380848,46.5381466],[12.1381733,46.5381927],[12.1382175,46.5382158],[12.1382055,46.5383246],[12.1381532,46.5382997],[12.1378139,46.5383053],[12.1377857,46.5383126],[12.1377133,46.5383652],[12.1376793,46.5383657],[12.1375389,46.538368],[12.1375068,46.5383449],[12.1370038,46.5387204]]]},"properties":{"id":"7ab51681-30f4-31c1-adeb-9a0759305141","version":0,"sources":[{"property":"","dataset":"OpenStreetMap","license":"ODbL-1.0","record_id":"w1290968593@3","update_time":"2024-07-09T21:40:33.000Z","confidence":null,"between":null}],"subtype":"pedestrian","class":"plaza","names":{"primary":"Largo Poste","common":null,"rules":null},"source_tags":[["place","square"]]}}
{"type":"Feature","geometry":{"type":"Polygon","coordinates":[[[12.136073,46.5379529],[12.1361309,46.5379903],[12.1361989,46.5380343],[12.1361306,46.5380818],[12.1362538,46.5381808],[12.1362306,46.5381963],[12.1362162,46.5382059],[12.1360194,46.5383308],[12.1359972,46.5383441],[12.1359486,46.5383415],[12.1358497,46.5382868],[12.1358323,46.5382902],[12.1358144,46.5382804],[12.1357802,46.5382622],[12.1357224,46.5382314],[12.1357775,46.5381865],[12.1357802,46.5381882],[12.1359206,46.5380734],[12.136073,46.5379529]]]},"properties":{"id":"6842378f-a573-3248-a6b1-bc588f1dd133","version":0,"sources":[{"property":"","dataset":"OpenStreetMap","license":"ODbL-1.0","record_id":"w314789356@9","update_time":"2025-06-17T08:47:57.000Z","confidence":null,"between":null}],"subtype":"pedestrian","class":"pedestrian","surface":"sett","names":{"primary":"Piazza Silvestro Franceschi","common":null,"rules":null},"source_tags":[["area","yes"],["highway","pedestrian"],["lit","yes"],["smoothness","intermediate"],["surface","sett"]]}}
{"type":"Feature","geometry":{"type":"Polygon","coordinates":[[[12.1355466,46.5387215],[12.1355734,46.538675],[12.1356023,46.5386249],[12.135625,46.5386316],[12.1356835,46.5386488],[12.1359707,46.5386119],[12.1359755,46.5386497],[12.1359828,46.5387066],[12.1358008,46.5387624],[12.1356991,46.5387783],[12.1356729,46.5387652],[12.1356637,46.5387747],[12.1355466,46.5387215]]]},"properties":{"id":"aa4b13ab-1d67-3409-b408-1b344c632e68","version":0,"sources":[{"property":"","dataset":"OpenStreetMap","license":"ODbL-1.0","record_id":"w600706218@5","update_time":"2025-06-17T08:48:01.000Z","confidence":null,"between":null}],"subtype":"pedestrian","class":"pedestrian","surface":"paving_stones","source_tags":[["area","yes"],["highway","pedestrian"],["lit","yes"],["smoothness","good"],["surface","paving_stones"]]}}
{"type":"Feature","geometry":{"type":"Polygon","coordinates":[[[12.1349455,46.5393803],[12.134992,46.5392828],[12.1347674,46.5392297],[12.1347626,46.5392395],[12.1346967,46.5392239],[12.1346274,46.5391879],[12.13468,46.5391051],[12.1348362,46.5391335],[12.1349243,46.5391708],[12.1349408,46.539152],[12.1350032,46.5391782],[12.1350787,46.5390911],[12.1351231,46.5389479],[12.1352082,46.5388395],[12.1353006,46.5387243],[12.1353169,46.5387052],[12.1352241,46.5386324],[12.1352964,46.5385412],[12.1353257,46.5385104],[12.1354188,46.5385415],[12.1355314,46.5383811],[12.1355867,46.5383422],[12.1356138,46.53832],[12.1357224,46.5382314],[12.1357802,46.5382622],[12.1358144,46.5382804],[12.1357194,46.5383754],[12.1356062,46.5385172],[12.1355475,46.5386087],[12.1356023,46.5386249],[12.1355734,46.538675],[12.1355466,46.5387215],[12.1354522,46.5388215],[12.1354213,46.538863],[12.1353743,46.5389167],[12.1353474,46.5390084],[12.135285,46.5390478],[12.1352522,46.5391041],[12.1351825,46.5392122],[12.1351612,46.5392403],[12.1350463,46.5393913],[12.1349786,46.5393839],[12.1349455,46.5393803]]]},"properties":{"id":"b8155bd1-6a05-37c7-9527-9ba5203cea15","version":0,"sources":[{"property":"","dataset":"OpenStreetMap","license":"ODbL-1.0","record_id":"w600706217@3","update_time":"2021-12-29T19:49:47.000Z","confidence":null,"between":null}],"subtype":"pedestrian","class":"pedestrian","surface":"paving_stones","names":{"primary":"Corso Italia","common":null,"rules":null},"source_tags":[["area","yes"],["highway","pedestrian"],["lit","yes"],["surface","paving_stones"]]}}
{"type":"Feature","geometry":{"type":"Polygon","coordinates":[[[12.1349935,46.5400501],[12.1349939,46.5399387],[12.1349552,46.5398249],[12.1347201,46.5397713],[12.1346417,46.5397534],[12.1346598,46.5397244],[12.1346984,46.5396629],[12.1347391,46.5395979],[12.1347541,46.539582],[12.1347716,46.5395635],[12.1348654,46.5394305],[12.1348842,46.5394015],[12.1348987,46.5393716],[12.1349455,46.5393803],[12.1349786,46.5393839],[12.1350463,46.5393913],[12.1351174,46.539417],[12.1352082,46.53945],[12.1351419,46.5395374],[12.1350795,46.539622],[12.1350698,46.5396184],[12.1349887,46.5397239],[12.1350007,46.5397282],[12.1350301,46.5397291],[12.1350297,46.5397739],[12.1350253,46.5399328],[12.135022,46.5400462],[12.1349935,46.5400501]]]},"properties":{"id":"c7fe7f0b-6fe1-3384-838d-9a5ecebce29e","version":0,"sources":[{"property":"","dataset":"OpenStreetMap","license":"ODbL-1.0","record_id":"w600706215@7","update_time":"2025-06-17T08:48:03.000Z","confidence":null,"between":null}],"subtype":"pedestrian","class":"pedestrian","surface":"paving_stones","names":{"primary":"Piazza Pittori Fratelli Ghedina","common":null,"rules":null},"source_tags":[["area","yes"],["highway","pedestrian"],["lit","yes"],["smoothness","intermediate"],["surface","paving_stones"]]}}
{"type":"Feature","geometry":{"type":"Polygon","coordinates":[[[12.1356107,46.5403775],[12.1357121,46.5400446],[12.1357962,46.5400671],[12.1359549,46.5398502],[12.1361324,46.5396511],[12.1363799,46.5394439],[12.1367539,46.5396846],[12.1357003,46.5404094],[12.1356107,46.5403775]]]},"properties":{"id":"90d9607f-5874-3aa8-9320-fe02cfd0c583","version":0,"sources":[{"property":"","dataset":"OpenStreetMap","license":"ODbL-1.0","record_id":"w1198938233@2","update_time":"2024-05-28T13:50:16.000Z","confidence":null,"between":null}],"subtype":"park","class":"park","source_tags":[["leisure","park"]]}}
{"type":"Feature","geometry":{"type":"Polygon","coordinates":[[[12.1324038,46.5404307],[12.1324427,46.5407443],[12.1322393,46.5407562],[12.1322004,46.5404426],[12.1324038,46.5404307]]]},"properties":{"id":"5413459e-18ce-3230-89c5-4b62f4c30477","version":0,"sources":[{"property":"","dataset":"OpenStreetMap","license":"ODbL-1.0","record_id":"w1288541814@1","update_time":"2024-06-10T14:57:18.000Z","confidence":null,"between":null}],"subtype":"recreation","class":"pitch","source_tags":[["leisure","pitch"],["sport","tennis"]]}}
{"type":"Feature","geometry":{"type":"Polygon","coordinates":[[[12.1330342,46.5404168],[12.1326238,46.5404353],[12.1326157,46.5404113],[12.1326198,46.5403559],[12.1327056,46.5403338],[12.1327955,46.5402951],[12.1328424,46.5402489],[12.1328893,46.5402065],[12.1328451,46.5401465],[12.1328826,46.5401226],[12.1329188,46.5400958],[12.1329564,46.5400691],[12.133006,46.5400552],[12.1330556,46.5400478],[12.1331052,46.5400405],[12.1331522,46.5400239],[12.1332005,46.5400063],[12.1332407,46.5399833],[12.1332836,46.5399611],[12.1333279,46.5399805],[12.1333198,46.5400165],[12.1332957,46.5400506],[12.1332675,46.5400829],[12.1332407,46.5401152],[12.1332058,46.5401447],[12.133171,46.5401751],[12.1331441,46.5402083],[12.133124,46.5402434],[12.1331187,46.5402794],[12.1330932,46.5403329],[12.1330731,46.540367],[12.1330342,46.5404168]]]},"properties":{"id":"ac4f1ec9-b332-386c-9bfa-ecb28ef42eb3","version":0,"sources":[{"property":"","dataset":"OpenStreetMap","license":"ODbL-1.0","record_id":"w1290975393@1","update_time":"2024-06-10T14:57:18.000Z","confidence":null,"between":null}],"subtype":"managed","class":"grass","source_tags":[["landuse","grass"]]}}
{"type":"Feature","geometry":{"type":"Polygon","coordinates":[[[12.1327,46.5400604],[12.132652,46.5399906],[12.1325125,46.5397831],[12.1325312,46.5397425],[12.132774,46.5396733],[12.1329698,46.5396023],[12.1330006,46.5396004],[12.1330275,46.5396364],[12.1330744,46.5396152],[12.133112,46.5396622],[12.1330972,46.5396733],[12.1332702,46.5397988],[12.1333829,46.5397231],[12.1334137,46.5397388],[12.1334513,46.5397038],[12.1335196,46.539749],[12.1335505,46.5397942],[12.1335679,46.5398366],[12.1335532,46.539856],[12.1334258,46.5399639],[12.1333158,46.5398975],[12.13323,46.5398606],[12.1331602,46.5398329],[12.1330342,46.5398514],[12.1329242,46.5398827],[12.1328437,46.5399141],[12.1327659,46.5399584],[12.1327069,46.5399989],[12.1327,46.5400604]]]},"properties":{"id":"478aa493-016b-321e-890a-47fab01cdb5e","version":0,"sources":[{"property":"","dataset":"OpenStreetMap","license":"ODbL-1.0","record_id":"w1290975392@1","update_time":"2024-06-10T14:57:18.000Z","confidence":null,"between":null}],"subtype":"managed","class":"grass","source_tags":[["landuse","grass"]]}}
{"type":"Feature","geometry":{"type":"Polygon","coordinates":[[[12.1315473,46.5401073],[12.1314932,46.5401152],[12.1314275,46.5400677],[12.131365,46.5400393],[12.1312398,46.5400317],[12.131217,46.5399842],[12.1311754,46.5399311],[12.13116,46.5398767],[12.1311289,46.5398916],[12.1310559,46.5398857],[12.1311986,46.5397615],[12.1314717,46.5396509],[12.1315792,46.5397531],[12.1315904,46.5397872],[12.1316387,46.5399773],[12.1316538,46.540046],[12.1315968,46.5400799],[12.1315473,46.5401073]]]},"properties":{"id":"e6b5eab4-f580-3ad9-ad0e-4cb7a5b63ac9","version":0,"sources":[{"property":"","dataset":"OpenStreetMap","license":"ODbL-1.0","record_id":"w601054638@6","update_time":"2024-06-10T14:57:18.000Z","confidence":null,"between":null}],"subtype":"park","class":"park","source_tags":[["leisure","park"]]}}
{"type":"Feature","geometry":{"type":"Polygon","coordinates":[[[12.1315968,46.5400799],[12.1316538,46.540046],[12.1316968,46.5401139],[12.1317161,46.5401468],[12.1317168,46.5401851],[12.1317112,46.5402093],[12.1316979,46.5402165],[12.1315473,46.5401073],[12.1315968,46.5400799]]]},"properties":{"id":"a409788e-431a-3d56-9fa7-720439b8499e","version":0,"sources":[{"property":"","dataset":"OpenStreetMap","license":"ODbL-1.0","record_id":"w1231920906@3","update_time":"2024-05-31T23:24:43.000Z","confidence":null,"between":null}],"subtype":"pedestrian","class":"pedestrian","surface":"paved","source_tags":[["area","yes"],["highway","pedestrian"],["lit","yes"],["surface","paved"]]}}
{"type":"Feature","geometry":{"type":"Polygon","coordinates":[[[12.1306973,46.5410894],[12.1301361,46.5414481],[12.1297647,46.5413601],[12.1296799,46.5414403],[12.129405,46.5413486],[12.1296729,46.5411865],[12.1296348,46.5409953],[12.1297164,46.540766],[12.1299047,46.540638],[12.1301673,46.5405479],[12.1304031,46.5408029],[12.130649,46.5407435],[12.1305411,46.5410503],[12.1306973,46.5410894]]]},"properties":{"id":"d9e02898-fc5d-31eb-afde-33e70dae06fa","version":0,"sources":[{"property":"","dataset":"OpenStreetMap","license":"ODbL-1.0","record_id":"w666426412@1","update_time":"2023-12-17T15:31:04.000Z","confidence":null,"between":null}],"subtype":"agriculture","class":"meadow","source_tags":[["landuse","meadow"]]}}
{"type":"Feature","geometry":{"type":"Polygon","coordinates":[[[12.1298958,46.5416427],[12.1299939,46.54164],[12.1301334,46.5416243],[12.1302554,46.541616],[12.1301682,46.5417147],[12.1301186,46.5418162],[12.130128,46.5418817],[12.130163,46.5419425],[12.1301952,46.5421085],[12.130228,46.5422193],[12.1294078,46.542163],[12.1293488,46.5419582],[12.1292898,46.5419435],[12.1291611,46.5418845],[12.1291637,46.5418291],[12.1298958,46.5416427]]]},"properties":{"id":"d11528f7-80a6-3e1b-9ce1-44f56dd133e5","version":0,"sources":[{"property":"","dataset":"OpenStreetMap","license":"ODbL-1.0","record_id":"w1288541790@1","update_time":"2024-05-31T23:24:43.000Z","confidence":null,"between":null}],"subtype":"managed","class":"grass","source_tags":[["landuse","grass"]]}}
{"type":"Feature","geometry":{"type":"Polygon","coordinates":[[[12.1334553,46.5419546],[12.1330637,46.5419048],[12.1330288,46.5418845],[12.1322966,46.5411613],[12.1322081,46.5410598],[12.1321169,46.5408532],[12.1328987,46.540864],[12.1331844,46.5408679],[12.1331924,46.5410524],[12.133686,46.541046],[12.1337557,46.5414011],[12.1336229,46.5414067],[12.1337208,46.5415266],[12.1334942,46.541747],[12.1335532,46.5417756],[12.1334969,46.541914],[12.1334553,46.5419546]]]},"properties":{"id":"8909592f-6d8b-3967-af54-943965b63ad9","version":0,"sources":[{"property":"","dataset":"OpenStreetMap","license":"ODbL-1.0","record_id":"w1288541795@2","update_time":"2024-06-10T14:57:18.000Z","confidence":null,"between":null}],"subtype":"managed","class":"grass","source_tags":[["landuse","grass"]]}}
{"type":"Feature","geometry":{"type":"Polygon","coordinates":[[[12.1321651,46.5417221],[12.1323355,46.5415644],[12.1324065,46.5415109],[12.132428,46.541509],[12.132495,46.5416133],[12.1326104,46.5417009],[12.1325849,46.5417461],[12.1325393,46.5417461],[12.1323006,46.5418826],[12.1321852,46.5417894],[12.1322228,46.5417599],[12.1321651,46.5417221]]]},"properties":{"id":"21cc67cf-2a89-380c-b8c9-fe6df06acdbf","version":0,"sources":[{"property":"","dataset":"OpenStreetMap","license":"ODbL-1.0","record_id":"w1288541792@1","update_time":"2024-05-31T23:24:42.000Z","confidence":null,"between":null}],"subtype":"managed","class":"grass","source_tags":[["landuse","grass"]]}}
{"type":"Feature","geometry":{"type":"Polygon","coordinates":[[[12.1320418,46.5423328],[12.132318,46.5420883],[12.1323395,46.5420846],[12.1325554,46.5421824],[12.1326372,46.5422248],[12.1325782,46.5422774],[12.1324964,46.542258],[12.1323837,46.5422313],[12.1323086,46.5422276],[12.1322657,46.5422368],[12.1321517,46.5423014],[12.1321383,46.5425615],[12.1322107,46.5425671],[12.1322577,46.5426123],[12.13231,46.5426224],[12.1323583,46.5426224],[12.1323019,46.5426575],[12.1323355,46.5427008],[12.1323556,46.5427183],[12.1322161,46.5428881],[12.1322563,46.5432026],[12.1329537,46.5432746],[12.132778,46.5435282],[12.1327378,46.543531],[12.132664,46.5435946],[12.1325889,46.5436334],[12.1325567,46.5434867],[12.1318513,46.5435494],[12.1318084,46.5435098],[12.1317427,46.5434673],[12.1318097,46.5434664],[12.1318124,46.5432967],[12.1317494,46.5432985],[12.1317293,46.5429591],[12.1317293,46.5427672],[12.1318084,46.5426021],[12.1318097,46.5425523],[12.131799,46.5425385],[12.1320418,46.5423328]]]},"properties":{"id":"6460b099-85e9-3552-b92c-c700ecdf55a2","version":0,"sources":[{"property":"","dataset":"OpenStreetMap","license":"ODbL-1.0","record_id":"w1288541793@1","update_time":"2024-05-31T23:24:42.000Z","confidence":null,"between":null}],"subtype":"managed","class":"grass","source_tags":[["landuse","grass"]]}}
{"type":"Feature","geometry":{"type":"Polygon","coordinates":[[[12.1327753,46.5422968],[12.1331441,46.5424868],[12.133057,46.5425938],[12.1330181,46.5425947],[12.1328089,46.5425735],[12.1326211,46.5425366],[12.132546,46.5425237],[12.1327458,46.542306],[12.1327753,46.5422968]]]},"properties":{"id":"68b27587-1a1a-3187-97df-f86525991169","version":0,"sources":[{"property":"","dataset":"OpenStreetMap","license":"ODbL-1.0","record_id":"w1288541794@1","update_time":"2024-05-31T23:24:42.000Z","confidence":null,"between":null}],"subtype":"managed","class":"grass","source_tags":[["landuse","grass"]]}}
{"type":"Feature","geometry":{"type":"Polygon","coordinates":[[[12.1305867,46.542929],[12.1306297,46.5432783],[12.1303674,46.5432935],[12.1303244,46.5429442],[12.1305867,46.542929]]]},"properties":{"id":"fe6e544c-00ae-332b-9b6e-bbd5fa3fd67f","version":0,"sources":[{"property":"","dataset":"OpenStreetMap","license":"ODbL-1.0","record_id":"w62805264@2","update_time":"2024-05-31T23:24:42.000Z","confidence":null,"between":null}],"subtype":"recreation","class":"pitch","names":{"primary":"Tennis Country Club","common":null,"rules":null},"source_tags":[["leisure","pitch"],["sport","tennis"]]}}
{"type":"Feature","geometry":{"type":"Polygon","coordinates":[[[12.1310559,46.5434313],[12.1309794,46.5429786],[12.1308708,46.5427323],[12.1312648,46.5426704],[12.1312666,46.542758],[12.1313316,46.5427627],[12.1314087,46.543429],[12.1310559,46.5434313]]]},"properties":{"id":"d3dba5eb-b774-3a9d-9e51-7b862a538830","version":0,"sources":[{"property":"","dataset":"OpenStreetMap","license":"ODbL-1.0","record_id":"w666426409@3","update_time":"2024-06-10T15:43:45.000Z","confidence":null,"between":null}],"subtype":"agriculture","class":"meadow","source_tags":[["landuse","meadow"]]}}
{"type":"Feature","geometry":{"type":"Polygon","coordinates":[[[12.1315965,46.5427718],[12.1314919,46.542794],[12.1314879,46.5427562],[12.1314383,46.5427313],[12.1313699,46.5427276],[12.131339,46.5427313],[12.1312934,46.5425366],[12.1312505,46.5424494],[12.1311908,46.5422931],[12.1311499,46.5421418],[12.1311285,46.5419795],[12.1311224,46.5418235],[12.1312344,46.5418083],[12.1312934,46.5417987],[12.131225,46.5418614],[12.1311794,46.5419043],[12.1312197,46.5418969],[12.1312612,46.5419227],[12.1312518,46.5419421],[12.1313739,46.5419993],[12.1315858,46.5418208],[12.1315657,46.5417987],[12.1315992,46.5417489],[12.1317682,46.541819],[12.1316823,46.5419158],[12.1315939,46.5419924],[12.1317963,46.5420699],[12.1317333,46.5421713],[12.1315268,46.5421271],[12.1314463,46.5423245],[12.1316662,46.542366],[12.1316595,46.5424361],[12.1314208,46.5424582],[12.1314557,46.5426685],[12.131618,46.5426611],[12.1315965,46.5427718]]]},"properties":{"id":"565d2266-fce1-3b9f-80e1-3adcdb37bb4d","version":0,"sources":[{"property":"","dataset":"OpenStreetMap","license":"ODbL-1.0","record_id":"w1288541791@1","update_time":"2024-06-10T15:43:45.000Z","confidence":null,"between":null}],"subtype":"managed","class":"grass","source_tags":[["landuse","grass"]]}}
{"type":"Feature","geometry":{"type":"Polygon","coordinates":[[[12.1296631,46.5429174],[12.1300712,46.5429014],[12.1300965,46.5432063],[12.1300542,46.543208],[12.1300801,46.5435198],[12.1296166,46.543538],[12.129589,46.5432058],[12.1296867,46.543202],[12.1296631,46.5429174]]]},"properties":{"id":"503f4882-3768-3c53-bb83-d2badc670af8","version":0,"sources":[{"property":"","dataset":"OpenStreetMap","license":"ODbL-1.0","record_id":"w112801503@5","update_time":"2024-05-31T23:24:42.000Z","confidence":null,"between":null}],"subtype":"recreation","class":"pitch","names":{"primary":"Tennis Country Club","common":null,"rules":null},"source_tags":[["capacity","4"],["leisure","pitch"],["sport","tennis"]]}}
{"type":"Feature","geometry":{"type":"Polygon","coordinates":[[[12.1302608,46.5437883],[12.1301535,46.5438326],[12.1300757,46.5438824],[12.1300301,46.543947],[12.1299979,46.5440153],[12.1299469,46.5440761],[12.1298611,46.5441167],[12.1297941,46.5441499],[12.1296412,46.5441628],[12.129558,46.5442071],[12.1294695,46.544244],[12.1294132,46.5443049],[12.1293193,46.5442754],[12.1293193,46.5442034],[12.1292978,46.5441315],[12.1292335,46.5440724],[12.1291423,46.5440466],[12.129043,46.5439931],[12.1289545,46.5439857],[12.1288526,46.5440023],[12.1287684,46.5440322],[12.1293208,46.5432592],[12.1294481,46.5433179],[12.1294722,46.543388],[12.1294293,46.5434544],[12.1293676,46.5435135],[12.1293086,46.5435743],[12.1292818,46.5436149],[12.1292764,46.5436389],[12.1293327,46.5436998],[12.1295419,46.5437773],[12.1296975,46.5438474],[12.1297941,46.5438658],[12.1299255,46.5438787],[12.1299604,46.5438382],[12.129955,46.5437441],[12.1300918,46.5437127],[12.1301588,46.5437016],[12.1302608,46.5436906],[12.1302608,46.5437883]]]},"properties":{"id":"799c3a44-0193-3d24-ac64-f7cb62acfab3","version":0,"sources":[{"property":"","dataset":"OpenStreetMap","license":"ODbL-1.0","record_id":"w1288541767@1","update_time":"2024-05-31T23:24:42.000Z","confidence":null,"between":null}],"subtype":"managed","class":"grass","source_tags":[["landuse","grass"]]}}
{"type":"Feature","geometry":{"type":"LineString","coordinates":[[12.1305609,46.5457747],[12.1310087,46.5458346]]},"properties":{"id":"954fd91e-bc49-30b9-bcb7-adfa299a8431","version":0,"sources":[{"property":"","dataset":"OpenStreetMap","license":"ODbL-1.0","record_id":"w129308430@6","update_time":"2022-09-14T06:01:31.000Z","confidence":null,"between":null}],"level":1,"subtype":"winter_sports","class":"connection","surface":"wood","source_tags":[["bridge","yes"],["highway","track"],["piste:type","connection"],["surface","wood"],["tracktype","grade1"]]}}
{"type":"Feature","geometry":{"type":"LineString","coordinates":[[12.1315064,46.545902],[12.1315201,46.545847]]},"properties":{"id":"0cee4a32-9b8b-3450-9b15-5be135bed8d7","version":0,"sources":[{"property":"","dataset":"OpenStreetMap","license":"ODbL-1.0","record_id":"w1017128835@2","update_time":"2024-07-05T08:16:46.000Z","confidence":null,"between":null}],"subtype":"winter_sports","class":"connection","surface":"unpaved","names":{"primary":"Via dello Stadio","common":null,"rules":null},"source_tags":[["access","destination"],["highway","service"],["piste:type","connection"],["service","driveway"],["surface","unpaved"]]}}
{"type":"Feature","geometry":{"type":"LineString","coordinates":[[12.1315782,46.5456137],[12.1315201,46.545847]]},"properties":{"id":"3d6c5d12-a4ac-38e9-b9a3-68c9473c5662","version":0,"sources":[{"property":"","dataset":"OpenStreetMap","license":"ODbL-1.0","record_id":"w1017128834@2","update_time":"2024-07-05T08:16:46.000Z","confidence":null,"between":null}],"subtype":"winter_sports","class":"connection","names":{"primary":"Via dello Stadio","common":null,"rules":null},"source_tags":[["access","permissive"],["highway","service"],["oneway","no"],["piste:type","connection"]]}}
{"type":"Feature","geometry":{"type":"LineString","coordinates":[[12.1314156,46.5457596],[12.1314557,46.5456767],[12.1314753,46.5456069],[12.1315782,46.5456137]]},"properties":{"id":"937e716f-4a5a-3131-918a-53001a36e38e","version":0,"sources":[{"property":"","dataset":"OpenStreetMap","license":"ODbL-1.0","record_id":"w352374191@3","update_time":"2024-07-30T07:06:00.000Z","confidence":null,"between":null}],"level":-1,"subtype":"winter_sports","class":"connection","source_tags":[["covered","yes"],["highway","path"],["indoor","yes"],["piste:type","connection"]]}}
{"type":"Feature","geometry":{"type":"LineString","coordinates":[[12.1315928,46.5455551],[12.1315782,46.5456137]]},"properties":{"id":"7ffa55ee-e1a4-3f7c-b0e0-30442940a7f0","version":0,"sources":[{"property":"","dataset":"OpenStreetMap","license":"ODbL-1.0","record_id":"w228270271@8","update_time":"2024-07-05T08:16:46.000Z","confidence":null,"between":null}],"subtype":"winter_sports","class":"connection","names":{"primary":"Via dello Stadio","common":null,"rules":null},"source_tags":[["highway","residential"],["oneway","no"],["piste:type","connection"]]}}
{"type":"Feature","geometry":{"type":"LineString","coordinates":[[12.1310087,46.5458346],[12.1310772,46.545821],[12.1311174,46.5457823],[12.1312059,46.545679],[12.1312381,46.5455867],[12.1312943,46.5454572],[12.1314559,46.5452839],[12.1316987,46.5451105]]},"properties":{"id":"7cecbe2f-f8b3-35f1-9eaa-7d9a2086dd72","version":0,"sources":[{"property":"","dataset":"OpenStreetMap","license":"ODbL-1.0","record_id":"w924137989@7","update_time":"2025-02-19T21:00:44.000Z","confidence":null,"between":null}],"subtype":"winter_sports","class":"connection","surface":"asphalt","source_tags":[["access","yes"],["highway","service"],["horse","yes"],["motor_vehicle","no"],["piste:type","connection"],["service","driveway"],["surface","asphalt"]]}}
{"type":"Feature","geometry":{"type":"LineString","coordinates":[[12.1316987,46.5451105],[12.1316678,46.5453087],[12.1315928,46.5455551]]},"properties":{"id":"ede1d7ed-5296-3feb-b106-030d06242ad3","version":0,"sources":[{"property":"","dataset":"OpenStreetMap","license":"ODbL-1.0","record_id":"w1132941548@1","update_time":"2023-01-17T17:48:17.000Z","confidence":null,"between":null}],"subtype":"winter_sports","class":"connection","names":{"primary":"Via dello Stadio","common":null,"rules":null},"source_tags":[["highway","residential"],["piste:type","connection"]]}}
{"type":"Feature","geometry":{"type":"Polygon","coordinates":[[[12.1337953,46.5457859],[12.1337549,46.5457632],[12.1337921,46.5457316],[12.1338325,46.5457543],[12.1337953,46.5457859]]]},"properties":{"id":"ad8f873e-bbba-3d53-9f97-7387659e3828","version":0,"sources":[{"property":"","dataset":"OpenStreetMap","license":"ODbL-1.0","record_id":"w112801444@1","update_time":"2011-05-12T13:27:24.000Z","confidence":null,"between":null}],"subtype":"construction","class":"construction","source_tags":[["landuse","construction"]]}}
{"type":"Feature","geometry":{"type":"Polygon","coordinates":[[[12.1333499,46.5437417],[12.1333548,46.5436847],[12.1333463,46.5434851],[12.1338432,46.5435416],[12.1337272,46.5436642],[12.1336465,46.5437387],[12.1335976,46.5437553],[12.1333499,46.5437417]]]},"properties":{"id":"fbb4e50d-d58d-3229-99eb-fd8dfcdae54d","version":0,"sources":[{"property":"","dataset":"OpenStreetMap","license":"ODbL-1.0","record_id":"w1304594786@1","update_time":"2024-07-30T07:38:51.000Z","confidence":null,"between":null}],"subtype":"park","class":"park","source_tags":[["leisure","park"]]}}
{"type":"Feature","geometry":{"type":"Polygon","coordinates":[[[12.1328193,46.5441314],[12.1328354,46.5440238],[12.1335671,46.5440758],[12.1335509,46.5441834],[12.1328193,46.5441314]]]},"properties":{"id":"f95c1cc5-60c1-3d8d-87b9-ccf8f352daa3","version":0,"sources":[{"property":"","dataset":"OpenStreetMap","license":"ODbL-1.0","record_id":"w1414961327@1","update_time":"2025-07-15T18:02:01.000Z","confidence":null,"between":null}],"subtype":"recreation","class":"playground","source_tags":[["access","yes"],["leisure","playground"],["surface","rubber"]]}}
{"type":"Feature","geometry":{"type":"Polygon","coordinates":[[[12.1367273,46.5464994],[12.137199,46.5464407],[12.1372373,46.5465861],[12.1367656,46.5466448],[12.1367273,46.5464994]]]},"properties":{"id":"5105af38-7613-3c62-bad0-1a554bca8057","version":0,"sources":[{"property":"","dataset":"OpenStreetMap","license":"ODbL-1.0","record_id":"w112801581@3","update_time":"2024-05-31T23:24:43.000Z","confidence":null,"between":null}],"subtype":"recreation","class":"pitch","source_tags":[["leisure","pitch"],["sport","tennis"]]}}
{"type":"Feature","geometry":{"type":"LineString","coordinates":[[12.1391599,46.5500959],[12.1392581,46.5500266],[12.1393671,46.5496781],[12.1393912,46.5493072],[12.1394502,46.5486542],[12.1394985,46.5482262],[12.1393644,46.5479975]]},"properties":{"id":"c3df24d2-6652-333b-bb71-cfb6e45ea70a","version":0,"sources":[{"property":"","dataset":"OpenStreetMap","license":"ODbL-1.0","record_id":"w909087148@3","update_time":"2023-04-27T09:43:23.000Z","confidence":null,"between":null}],"subtype":"winter_sports","class":"downhill","source_tags":[["abandoned","yes"],["piste:type","downhill"]]}}
{"type":"Feature","geometry":{"type":"Polygon","coordinates":[[[12.1299621,46.5502854],[12.1298382,46.5502608],[12.1297953,46.5504232],[12.1288404,46.550615],[12.1286688,46.5508954],[12.128782,46.5514376],[12.1282603,46.5514565],[12.1283523,46.5511462],[12.128363,46.5508548],[12.128025,46.55046],[12.128084,46.5498366],[12.1279821,46.5493754],[12.1282074,46.548881],[12.1284327,46.5485711],[12.1284986,46.5485828],[12.1285588,46.5489733],[12.1286634,46.5494676],[12.1286258,46.5499067],[12.1292803,46.5501243],[12.1291355,46.5499325],[12.1288297,46.5497997],[12.1286688,46.5487667],[12.1286419,46.5483977],[12.128638,46.548236],[12.1287493,46.5479863],[12.1290806,46.547762],[12.1292642,46.5475344],[12.1294681,46.5470733],[12.1299938,46.5466268],[12.1307931,46.5463354],[12.1310935,46.5466195],[12.1313617,46.546649],[12.1316245,46.5468408],[12.1320027,46.5472813],[12.1323058,46.547344],[12.1322536,46.5473866],[12.132145,46.547441],[12.1318591,46.547534],[12.1315749,46.5473874],[12.1313078,46.5476269],[12.1314329,46.5476789],[12.1315717,46.547691],[12.1312557,46.5483983],[12.1311861,46.5485376],[12.1311513,46.5485478],[12.1310453,46.5485164],[12.130838,46.5483873],[12.1307576,46.5483053],[12.1305932,46.5481372],[12.1303573,46.5480608],[12.1302862,46.5480414],[12.1297893,46.5484252],[12.1297055,46.5485293],[12.1298102,46.5487101],[12.1301581,46.5487056],[12.1302313,46.5487821],[12.1306162,46.5487018],[12.1306376,46.5487369],[12.1306363,46.5487581],[12.1306591,46.5487885],[12.1305739,46.5489048],[12.1306323,46.5489204],[12.1306752,46.5489896],[12.130584,46.5491362],[12.130488,46.5492258],[12.1304508,46.5494454],[12.1302876,46.5495651],[12.1301964,46.5496592],[12.130203,46.5497739],[12.1299621,46.5502854]]]},"properties":{"id":"7f412120-23cc-3327-8aa4-abe558f245c0","version":0,"sources":[{"property":"","dataset":"OpenStreetMap","license":"ODbL-1.0","record_id":"w666304032@2","update_time":"2024-05-31T23:24:43.000Z","confidence":null,"between":null}],"subtype":"agriculture","class":"meadow","source_tags":[["landuse","meadow"]]}}
{"type":"Feature","geometry":{"type":"Polygon","coordinates":[[[12.1292311,46.553299],[12.1289692,46.5523341],[12.1286556,46.5520766],[12.128485,46.5519141],[12.1282603,46.5514565],[12.128782,46.5514376],[12.1286688,46.5508954],[12.1288404,46.550615],[12.1297953,46.5504232],[12.1298382,46.5502608],[12.1301108,46.5503149],[12.1303961,46.5503715],[12.1301923,46.5508659],[12.1299133,46.5507884],[12.1298007,46.5511721],[12.1299455,46.551434],[12.1303586,46.5514229],[12.1303854,46.5515779],[12.130718,46.5515815],[12.1306697,46.552205],[12.1309004,46.552264],[12.1307877,46.5525776],[12.1312115,46.5525813],[12.1315548,46.5518398],[12.1323729,46.5520704],[12.1318579,46.552692],[12.1321074,46.5525813],[12.1321759,46.5525782],[12.1322992,46.552581],[12.1324334,46.552604],[12.1329323,46.5527682],[12.1330449,46.5524565],[12.1328115,46.5523845],[12.1329081,46.5521816],[12.1332541,46.5522646],[12.1330583,46.5528042],[12.13301,46.5528798],[12.1329644,46.5529324],[12.1329685,46.55296],[12.1329845,46.5529683],[12.133175,46.5529683],[12.1331978,46.5531325],[12.1329591,46.5531463],[12.1329094,46.5531602],[12.1328209,46.5531841],[12.1327807,46.553209],[12.1327257,46.5532118],[12.1326734,46.553209],[12.1326412,46.5531758],[12.1326466,46.5531399],[12.1326613,46.5531242],[12.132774,46.5530928],[12.1328343,46.5530135],[12.1328866,46.5529213],[12.1329014,46.5528835],[12.1329027,46.5528457],[12.1326479,46.5527516],[12.1325138,46.5527009],[12.1324629,46.5526778],[12.1324749,46.5528429],[12.1324709,46.5529582],[12.1323408,46.5529628],[12.1323381,46.5530061],[12.1320726,46.5530237],[12.1320538,46.5530163],[12.1319425,46.5527064],[12.1312264,46.5530357],[12.1310306,46.5531131],[12.1310091,46.5531288],[12.1310064,46.5531445],[12.1306858,46.5532416],[12.1305195,46.5533947],[12.1303773,46.5534519],[12.1301064,46.5534537],[12.1292311,46.553299]]]},"properties":{"id":"f795cf94-b0f9-3e8f-858b-4a71c4cd0ab7","version":0,"sources":[{"property":"","dataset":"OpenStreetMap","license":"ODbL-1.0","record_id":"w1291348234@1","update_time":"2024-06-11T14:30:01.000Z","confidence":null,"between":null}],"subtype":"residential","class":"residential","names":{"primary":"Cademai","common":[["lld","Ciademai"]],"rules":[{"variant":"official","language":null,"perspectives":null,"value":"Localit\u00e0 Cademai","between":null,"side":null}]},"source_tags":[["landuse","residential"],["official_name","Localit\u00e0 Cademai"],["place","hamlet"]]}}
{"type":"Feature","geometry":{"type":"MultiPolygon","coordinates":[[[[12.131282,46.5498308],[12.1333848,46.5490044],[12.1335409,46.5492763],[12.1333156,46.54966],[12.133734,46.5495419],[12.1340774,46.5500584],[12.1344584,46.5501471],[12.1346006,46.5503002],[12.1342465,46.5503758],[12.1338092,46.5503609],[12.1323715,46.5507225],[12.1320759,46.550576],[12.1317385,46.5508332],[12.1313737,46.5509143],[12.1307729,46.5509143],[12.1307884,46.5505244],[12.1308802,46.5502429],[12.1310996,46.549971],[12.131282,46.5498308]]],[[[12.13301,46.5528798],[12.1330583,46.5528042],[12.1333158,46.5528715],[12.1337087,46.5529361],[12.133863,46.5529591],[12.1339032,46.55296],[12.1339367,46.5529517],[12.1340802,46.5526695],[12.1341473,46.5526668],[12.1342425,46.5526677],[12.1343444,46.5525321],[12.1344008,46.5524961],[12.1343578,46.5523744],[12.1343404,46.552343],[12.1342613,46.5523043],[12.1340279,46.5522148],[12.1339957,46.5522001],[12.1339823,46.552165],[12.1340373,46.5520903],[12.1340574,46.5520885],[12.1341862,46.5521199],[12.1341714,46.55207],[12.1341513,46.5520359],[12.1341017,46.5520193],[12.1340641,46.5519917],[12.1340387,46.5519585],[12.1339931,46.5519372],[12.133871,46.5519077],[12.133816,46.5519059],[12.1337543,46.5519013],[12.1336725,46.5518727],[12.133462,46.5517961],[12.1334499,46.5517592],[12.1336041,46.5515942],[12.1338455,46.5516569],[12.1338429,46.5516928],[12.1338308,46.5517998],[12.1338764,46.5518192],[12.1340024,46.5518404],[12.1340226,46.5517002],[12.1340427,46.5516901],[12.1341071,46.5516799],[12.1341982,46.5516808],[12.1342157,46.5516071],[12.134205,46.5515711],[12.1341674,46.5515444],[12.1341312,46.551537],[12.1338509,46.5514733],[12.1337865,46.5514429],[12.1336994,46.551371],[12.1336779,46.5513451],[12.1334526,46.5513295],[12.1333171,46.5513092],[12.1333118,46.5512704],[12.1334043,46.5510528],[12.1334285,46.5510214],[12.1337074,46.5510306],[12.1337771,46.5510325],[12.1337597,46.5510841],[12.1337543,46.5511256],[12.1339233,46.5511183],[12.1339394,46.5510832],[12.1339783,46.5510768],[12.1341191,46.5510721],[12.1341272,46.5511367],[12.1341017,46.551169],[12.1340735,46.5512003],[12.1340816,46.5512999],[12.134095,46.551311],[12.1342063,46.5512963],[12.1342532,46.5512833],[12.1343002,46.5512667],[12.1343471,46.5512511],[12.1343981,46.5512409],[12.1344557,46.5512391],[12.1345161,46.5512418],[12.1345054,46.5513783],[12.1346757,46.551382],[12.1346958,46.5514171],[12.1346837,46.5514927],[12.1344987,46.5514826],[12.1344879,46.5515674],[12.1346502,46.5516163],[12.1346784,46.5516274],[12.1347722,46.5516172],[12.1349359,46.551643],[12.1353087,46.5517574],[12.1352698,46.551809],[12.1352698,46.551845],[12.1352671,46.551881],[12.135251,46.551916],[12.1352322,46.5519502],[12.135188,46.5519723],[12.1351357,46.5519852],[12.1350713,46.5519843],[12.1349949,46.5519741],[12.1349949,46.5519511],[12.1349506,46.5519308],[12.134901,46.5519151],[12.1347333,46.5518819],[12.1347226,46.5519372],[12.134555,46.5519409],[12.1345992,46.5520368],[12.1346153,46.5521328],[12.1345992,46.5522527],[12.1343873,46.5522056],[12.1344209,46.5523394],[12.1344477,46.5523938],[12.1344624,46.5524731],[12.1344973,46.5525644],[12.1345188,46.5526677],[12.1344987,46.5528309],[12.1344705,46.5529739],[12.1344933,46.5530292],[12.1345201,46.5530744],[12.1346448,46.5531915],[12.1348675,46.5530938],[12.1351585,46.5529425],[12.1352966,46.5530725],[12.1351907,46.5531436],[12.1352001,46.5531934],[12.1352296,46.5532413],[12.1352658,46.5532238],[12.1355179,46.5534479],[12.1355031,46.5534848],[12.135487,46.5535042],[12.1355192,46.5535198],[12.1354428,46.5536075],[12.1354924,46.5536379],[12.1355085,46.5536167],[12.1355742,46.5535613],[12.1356198,46.5535438],[12.1356507,46.5535152],[12.1356882,46.5534534],[12.1358921,46.5533631],[12.1359524,46.5533981],[12.1360235,46.5534959],[12.1358693,46.5535733],[12.1358813,46.5535973],[12.1359658,46.5536988],[12.1360074,46.5536997],[12.136053,46.553696],[12.1360999,46.5537403],[12.1361348,46.5538011],[12.1361013,46.5538325],[12.1360436,46.5538823],[12.1360195,46.553933],[12.1360101,46.5539561],[12.1359028,46.554004],[12.1359122,46.5540215],[12.1360557,46.5541193],[12.1361295,46.5541756],[12.1360718,46.5542096],[12.1359001,46.5542973],[12.1355622,46.5544983],[12.1354897,46.5545454],[12.1353677,46.5546459],[12.1352524,46.5547178],[12.135196,46.5547473],[12.1351799,46.5547667],[12.1350901,46.5548266],[12.1350069,46.5548497],[12.134968,46.5548598],[12.1349291,46.5549087],[12.1348822,46.5549272],[12.1348366,46.5549078],[12.1348152,46.5548737],[12.134791,46.5547898],[12.1347602,46.5547307],[12.1347468,46.5547206],[12.1346408,46.5548875],[12.1346301,46.5549253],[12.134622,46.5549622],[12.1346126,46.5549991],[12.1345925,46.5550332],[12.1345013,46.5551374],[12.1343431,46.5550673],[12.1343565,46.5550314],[12.1343793,46.5549973],[12.1344101,46.5549668],[12.1344504,46.5549447],[12.1344946,46.5549262],[12.1345416,46.5549096],[12.1345805,46.5548838],[12.1346743,46.5547538],[12.1347414,46.5546653],[12.1346945,46.5546007],[12.1346234,46.5546228],[12.1344195,46.5547086],[12.1344396,46.5547446],[12.1344584,46.5547796],[12.1344504,46.5548156],[12.1344168,46.5548451],[12.1340145,46.5550111],[12.13393,46.5549087],[12.1339019,46.5548977],[12.1338603,46.5549124],[12.1337409,46.5549604],[12.1336913,46.5549493],[12.1336591,46.554941],[12.1336028,46.5548635],[12.133635,46.5548451],[12.1335264,46.554668],[12.1335518,46.5546459],[12.1336538,46.5546127],[12.1336323,46.5545804],[12.1336028,46.55455],[12.1335733,46.5545195],[12.1335545,46.5545002],[12.1335331,46.5544965],[12.1334995,46.554502],[12.1334472,46.554538],[12.1334137,46.5545749],[12.1333815,46.554561],[12.1333761,46.554443],[12.1333534,46.5544107],[12.1333024,46.5543056],[12.1332514,46.5542945],[12.1332219,46.5542632],[12.1332018,46.554229],[12.1331629,46.5542032],[12.1331173,46.5541839],[12.1330731,46.5541636],[12.1330342,46.5541387],[12.1330154,46.5541193],[12.1330865,46.5539708],[12.1331173,46.5539754],[12.1331643,46.5538943],[12.1332005,46.5538601],[12.1332112,46.5538352],[12.1332058,46.5537707],[12.1331803,46.5537384],[12.1331575,46.5537052],[12.1331562,46.5536692],[12.1331736,46.5536176],[12.1333802,46.5535217],[12.1334419,46.5535641],[12.1336001,46.553494],[12.1336363,46.5534839],[12.1337704,46.5534479],[12.1337999,46.5534811],[12.1338657,46.5534765],[12.1340641,46.5534055],[12.1341124,46.5533926],[12.1341594,46.5533778],[12.1342479,46.5533667],[12.1342814,46.5533584],[12.1342747,46.5533391],[12.1343257,46.5532939],[12.1343377,46.5532635],[12.1342975,46.5532386],[12.1342224,46.5531888],[12.1342425,46.5531583],[12.1342438,46.5531417],[12.1342774,46.5531168],[12.134205,46.5530864],[12.134154,46.5530984],[12.134099,46.5530947],[12.1340454,46.5530818],[12.1339072,46.5530633],[12.1339126,46.5530338],[12.1334915,46.5529646],[12.1332648,46.5529278],[12.13301,46.5528798]]]]},"properties":{"id":"fe1f282b-6843-39c0-96ea-6a87e3cce4a5","version":0,"sources":[{"property":"","dataset":"OpenStreetMap","license":"ODbL-1.0","record_id":"r17774540@1","update_time":"2024-06-27T19:02:45.000Z","confidence":null,"between":null}],"subtype":"residential","class":"residential","names":{"primary":"Chiave","common":null,"rules":[{"variant":"official","language":null,"perspectives":null,"value":"Frazione Chiave","between":null,"side":null}]},"source_tags":[["landuse","residential"],["official_name","Frazione Chiave"],["place","hamlet"],["type","multipolygon"],["wikipedia","it:Chiave (Cortina d'Ampezzo)"]],"wikidata":"Q3667564"}}
{"type":"Feature","geometry":{"type":"Polygon","coordinates":[[[12.1389884,46.5458758],[12.1390658,46.5459186],[12.138809,46.5460519],[12.1385835,46.5462141],[12.1388143,46.5463692],[12.1388651,46.5466034],[12.1385568,46.5466385],[12.1385407,46.5466994],[12.1383879,46.5467031],[12.1383557,46.5468507],[12.1381779,46.5468461],[12.1381329,46.547166],[12.1386934,46.5471936],[12.1386903,46.5472962],[12.1389002,46.5473303],[12.1388143,46.5474281],[12.1390631,46.5475914],[12.1394076,46.5473276],[12.139564,46.547488],[12.1397665,46.5477075],[12.1398417,46.5477776],[12.139859,46.547821],[12.1398548,46.5478882],[12.1404315,46.5479131],[12.1405771,46.5477288],[12.14109,46.5479381],[12.1413155,46.5476439],[12.1414496,46.5474889],[12.1412954,46.5474068],[12.1413571,46.547286],[12.1415381,46.5473764],[12.1417406,46.5471716],[12.1418204,46.5471394],[12.1420062,46.5472593],[12.1422234,46.5471098],[12.142265,46.5471449],[12.1423146,46.5471984],[12.1423602,46.5472731],[12.1423696,46.5473672],[12.1423441,46.5473893],[12.1423012,46.5473958],[12.1422462,46.5473257],[12.1420444,46.5473967],[12.1423294,46.5477749],[12.142163,46.5478591],[12.1421751,46.5479907],[12.1423722,46.5483222],[12.1428749,46.5481926],[12.1431139,46.5484537],[12.1436674,46.5494766],[12.1431953,46.5497422],[12.1419078,46.5500078],[12.1414358,46.5496832],[12.1406783,46.5501229],[12.1399767,46.5506571],[12.1399767,46.551631],[12.1397851,46.5517721],[12.1397192,46.5519262],[12.1397771,46.5524249],[12.141837,46.5533693],[12.1435319,46.5535801],[12.1442682,46.5543167],[12.1452273,46.5543727],[12.1458561,46.5549659],[12.1449699,46.5549925],[12.1442107,46.5561146],[12.1415486,46.556339],[12.1393331,46.5560319],[12.1388351,46.5570003],[12.1367741,46.5575554],[12.1369287,46.5586655],[12.1356063,46.5592087],[12.1357437,46.5601653],[12.135091,46.5606849],[12.1348152,46.5607212],[12.1344556,46.5605431],[12.1345415,46.5596693],[12.13393,46.5593693],[12.1336484,46.5589253],[12.132605,46.5587183],[12.1320257,46.5585578],[12.1316996,46.5583747],[12.1313497,46.5575435],[12.1311513,46.5575029],[12.1308804,46.5577408],[12.130529,46.5580857],[12.1302527,46.5580599],[12.129786,46.5578976],[12.1296304,46.5575803],[12.1294802,46.5573332],[12.1295124,46.5571967],[12.1310874,46.5566792],[12.1316045,46.5563594],[12.1320873,46.5561122],[12.1325149,46.5557249],[12.1327331,46.5558543],[12.1334249,46.5556841],[12.1331212,46.5550861],[12.1328101,46.5548242],[12.1324239,46.5544405],[12.1327135,46.5540311],[12.1323756,46.5539573],[12.132102,46.5539905],[12.1319142,46.5541786],[12.131055,46.5540951],[12.1306634,46.5539039],[12.1308247,46.5538024],[12.130532,46.5537529],[12.1300581,46.5537028],[12.1301064,46.5534537],[12.1303773,46.5534519],[12.1305195,46.5533947],[12.1306858,46.5532416],[12.1310064,46.5531445],[12.1310091,46.5531288],[12.1310306,46.5531131],[12.1312264,46.5530357],[12.1319425,46.5527064],[12.1320538,46.5530163],[12.1320726,46.5530237],[12.1323381,46.5530061],[12.1323408,46.5529628],[12.1324709,46.5529582],[12.1324749,46.5528429],[12.1324629,46.5526778],[12.1325138,46.5527009],[12.1326479,46.5527516],[12.1329027,46.5528457],[12.1329014,46.5528835],[12.1328866,46.5529213],[12.1328343,46.5530135],[12.132774,46.5530928],[12.1326613,46.5531242],[12.1326466,46.5531399],[12.1326412,46.5531758],[12.1326734,46.553209],[12.1327257,46.5532118],[12.1327807,46.553209],[12.1328209,46.5531841],[12.1329094,46.5531602],[12.1329591,46.5531463],[12.1331978,46.5531325],[12.133175,46.5529683],[12.1329845,46.5529683],[12.1329685,46.55296],[12.1329644,46.5529324],[12.13301,46.5528798],[12.1332648,46.5529278],[12.1334915,46.5529646],[12.1339126,46.5530338],[12.1339072,46.5530633],[12.1340454,46.5530818],[12.134099,46.5530947],[12.134154,46.5530984],[12.134205,46.5530864],[12.1342774,46.5531168],[12.1342438,46.5531417],[12.1342425,46.5531583],[12.1342224,46.5531888],[12.1342975,46.5532386],[12.1343377,46.5532635],[12.1343257,46.5532939],[12.1342747,46.5533391],[12.1342814,46.5533584],[12.1342479,46.5533667],[12.1341594,46.5533778],[12.1341124,46.5533926],[12.1340641,46.5534055],[12.1338657,46.5534765],[12.1337999,46.5534811],[12.1337704,46.5534479],[12.1336363,46.5534839],[12.1336001,46.553494],[12.1334419,46.5535641],[12.1333802,46.5535217],[12.1331736,46.5536176],[12.1331562,46.5536692],[12.1331575,46.5537052],[12.1331803,46.5537384],[12.1332058,46.5537707],[12.1332112,46.5538352],[12.1332005,46.5538601],[12.1331643,46.5538943],[12.1331173,46.5539754],[12.1330865,46.5539708],[12.1330154,46.5541193],[12.1330342,46.5541387],[12.1330731,46.5541636],[12.1331173,46.5541839],[12.1331629,46.5542032],[12.1332018,46.554229],[12.1332219,46.5542632],[12.1332514,46.5542945],[12.1333024,46.5543056],[12.1333534,46.5544107],[12.1333761,46.554443],[12.1333815,46.554561],[12.1334137,46.5545749],[12.1334472,46.554538],[12.1334995,46.554502],[12.1335331,46.5544965],[12.1335545,46.5545002],[12.1335733,46.5545195],[12.1336028,46.55455],[12.1336323,46.5545804],[12.1336538,46.5546127],[12.1335518,46.5546459],[12.1335264,46.554668],[12.133635,46.5548451],[12.1336028,46.5548635],[12.1336591,46.554941],[12.1336913,46.5549493],[12.1337409,46.5549604],[12.1338603,46.5549124],[12.1339019,46.5548977],[12.13393,46.5549087],[12.1340145,46.5550111],[12.1344168,46.5548451],[12.1344504,46.5548156],[12.1344584,46.5547796],[12.1344396,46.5547446],[12.1344195,46.5547086],[12.1346234,46.5546228],[12.1346945,46.5546007],[12.1347414,46.5546653],[12.1346743,46.5547538],[12.1345805,46.5548838],[12.1345416,46.5549096],[12.1344946,46.5549262],[12.1344504,46.5549447],[12.1344101,46.5549668],[12.1343793,46.5549973],[12.1343565,46.5550314],[12.1343431,46.5550673],[12.1345013,46.5551374],[12.1345925,46.5550332],[12.1346126,46.5549991],[12.134622,46.5549622],[12.1346301,46.5549253],[12.1346408,46.5548875],[12.1347468,46.5547206],[12.1347602,46.5547307],[12.134791,46.5547898],[12.1348152,46.5548737],[12.1348366,46.5549078],[12.1348822,46.5549272],[12.1349291,46.5549087],[12.134968,46.5548598],[12.1350069,46.5548497],[12.1350901,46.5548266],[12.1351799,46.5547667],[12.135196,46.5547473],[12.1352524,46.5547178],[12.1353677,46.5546459],[12.1354897,46.5545454],[12.1355622,46.5544983],[12.1359001,46.5542973],[12.1360718,46.5542096],[12.1361295,46.5541756],[12.1360557,46.5541193],[12.1359122,46.5540215],[12.1359028,46.554004],[12.1360101,46.5539561],[12.1360195,46.553933],[12.1360436,46.5538823],[12.1361013,46.5538325],[12.1361348,46.5538011],[12.1360999,46.5537403],[12.136053,46.553696],[12.1360074,46.5536997],[12.1359658,46.5536988],[12.1358813,46.5535973],[12.1358693,46.5535733],[12.1360235,46.5534959],[12.1359524,46.5533981],[12.1358921,46.5533631],[12.1356882,46.5534534],[12.1356507,46.5535152],[12.1356198,46.5535438],[12.1355742,46.5535613],[12.1355085,46.5536167],[12.1354924,46.5536379],[12.1354428,46.5536075],[12.1355192,46.5535198],[12.135487,46.5535042],[12.1355031,46.5534848],[12.1355179,46.5534479],[12.1352658,46.5532238],[12.1352296,46.5532413],[12.1352001,46.5531934],[12.1351907,46.5531436],[12.1352966,46.5530725],[12.1351585,46.5529425],[12.1348675,46.5530938],[12.1346448,46.5531915],[12.1345201,46.5530744],[12.1344933,46.5530292],[12.1344705,46.5529739],[12.1344987,46.5528309],[12.1345188,46.5526677],[12.1344973,46.5525644],[12.1344624,46.5524731],[12.1344477,46.5523938],[12.1344209,46.5523394],[12.1343873,46.5522056],[12.1345992,46.5522527],[12.1346153,46.5521328],[12.1345992,46.5520368],[12.134555,46.5519409],[12.1347226,46.5519372],[12.1347333,46.5518819],[12.134901,46.5519151],[12.1349506,46.5519308],[12.1349949,46.5519511],[12.1349949,46.5519741],[12.1350713,46.5519843],[12.1351357,46.5519852],[12.135188,46.5519723],[12.1352322,46.5519502],[12.135251,46.551916],[12.1352671,46.551881],[12.1352698,46.551845],[12.1352698,46.551809],[12.1353087,46.5517574],[12.1349359,46.551643],[12.1347722,46.5516172],[12.1346784,46.5516274],[12.1346502,46.5516163],[12.1344879,46.5515674],[12.1344987,46.5514826],[12.1346837,46.5514927],[12.1346958,46.5514171],[12.1346757,46.551382],[12.1345054,46.5513783],[12.1345161,46.5512418],[12.1344557,46.5512391],[12.1343981,46.5512409],[12.1343471,46.5512511],[12.1343002,46.5512667],[12.1342532,46.5512833],[12.1342063,46.5512963],[12.134095,46.551311],[12.1340816,46.5512999],[12.1340735,46.5512003],[12.1341017,46.551169],[12.1341272,46.5511367],[12.1341191,46.5510721],[12.1339783,46.5510768],[12.1339394,46.5510832],[12.1339233,46.5511183],[12.1337543,46.5511256],[12.1337597,46.5510841],[12.1337771,46.5510325],[12.1337074,46.5510306],[12.1334285,46.5510214],[12.1334043,46.5510528],[12.1333118,46.5512704],[12.1333171,46.5513092],[12.1334526,46.5513295],[12.1336779,46.5513451],[12.1336994,46.551371],[12.1337865,46.5514429],[12.1338509,46.5514733],[12.1341312,46.551537],[12.1341674,46.5515444],[12.134205,46.5515711],[12.1342157,46.5516071],[12.1341982,46.5516808],[12.1341071,46.5516799],[12.1340427,46.5516901],[12.1340226,46.5517002],[12.1340024,46.5518404],[12.1338764,46.5518192],[12.1338308,46.5517998],[12.1338429,46.5516928],[12.1338455,46.5516569],[12.1336041,46.5515942],[12.1334499,46.5517592],[12.133462,46.5517961],[12.1336725,46.5518727],[12.1337543,46.5519013],[12.133816,46.5519059],[12.133871,46.5519077],[12.1339931,46.5519372],[12.1340387,46.5519585],[12.1340641,46.5519917],[12.1341017,46.5520193],[12.1341513,46.5520359],[12.1341714,46.55207],[12.1341862,46.5521199],[12.1340574,46.5520885],[12.1340373,46.5520903],[12.1339823,46.552165],[12.1339957,46.5522001],[12.1340279,46.5522148],[12.1342613,46.5523043],[12.1343404,46.552343],[12.1343578,46.5523744],[12.1344008,46.5524961],[12.1343444,46.5525321],[12.1342425,46.5526677],[12.1341473,46.5526668],[12.1340802,46.5526695],[12.1339367,46.5529517],[12.1339032,46.55296],[12.133863,46.5529591],[12.1337087,46.5529361],[12.1333158,46.5528715],[12.1330583,46.5528042],[12.1332541,46.5522646],[12.1329081,46.5521816],[12.1328115,46.5523845],[12.1330449,46.5524565],[12.1329323,46.5527682],[12.1324334,46.552604],[12.1322992,46.552581],[12.1321759,46.5525782],[12.1321074,46.5525813],[12.1318579,46.552692],[12.1323729,46.5520704],[12.1315548,46.5518398],[12.1312115,46.5525813],[12.1307877,46.5525776],[12.1309004,46.552264],[12.1306697,46.552205],[12.130718,46.5515815],[12.1303854,46.5515779],[12.1303586,46.5514229],[12.1299455,46.551434],[12.1298007,46.5511721],[12.1299133,46.5507884],[12.1301923,46.5508659],[12.1303961,46.5503715],[12.1301108,46.5503149],[12.1302956,46.5499294],[12.1304296,46.5497043],[12.1309258,46.5498261],[12.1311377,46.549719],[12.131282,46.5498308],[12.1310996,46.549971],[12.1308802,46.5502429],[12.1307884,46.5505244],[12.1307729,46.5509143],[12.1313737,46.5509143],[12.1317385,46.5508332],[12.1320759,46.550576],[12.1323715,46.5507225],[12.1338092,46.5503609],[12.1342465,46.5503758],[12.1346006,46.5503002],[12.1344584,46.5501471],[12.1340774,46.5500584],[12.133734,46.5495419],[12.1333156,46.54966],[12.1335409,46.5492763],[12.1333848,46.5490044],[12.1334999,46.5488503],[12.1335288,46.5489192],[12.1335825,46.5490177],[12.1336633,46.5491918],[12.133716,46.5492518],[12.1338673,46.5493038],[12.1340215,46.549382],[12.1341758,46.5495307],[12.1341536,46.5496693],[12.1342535,46.5496447],[12.1342716,46.5497655],[12.13409,46.5497625],[12.1341095,46.5498976],[12.1342173,46.5500174],[12.1343301,46.5500057],[12.134565,46.5499254],[12.1344789,46.5495569],[12.1343646,46.5493006],[12.1345034,46.5492461],[12.1346369,46.549341],[12.1348074,46.5492546],[12.1349245,46.5491494],[12.1350254,46.5490386],[12.1350434,46.5490805],[12.1349419,46.5492213],[12.1348384,46.5493831],[12.1348131,46.549515],[12.134981,46.549611],[12.1351259,46.5496718],[12.1351268,46.5497422],[12.1348993,46.5497717],[12.1348438,46.5498137],[12.1346094,46.549904],[12.1346061,46.5500329],[12.1349038,46.5501338],[12.1349069,46.5502917],[12.1355077,46.5501345],[12.1357737,46.5501123],[12.1361964,46.5502334],[12.1364066,46.550336],[12.1365862,46.5505685],[12.136779,46.5507123],[12.1370093,46.5508465],[12.1370843,46.5509963],[12.1372262,46.5510948],[12.1374192,46.5512317],[12.1374789,46.5513584],[12.1376863,46.5513509],[12.1380825,46.5513748],[12.1381557,46.5513382],[12.138017,46.5512792],[12.1377448,46.5511701],[12.1375549,46.5509195],[12.137288,46.5506576],[12.1371365,46.5503584],[12.1368182,46.5501698],[12.136571,46.5499266],[12.1364006,46.5498461],[12.136278,46.5498931],[12.1361476,46.5498091],[12.1360385,46.5497306],[12.1359897,46.5497265],[12.1360247,46.549784],[12.136137,46.5498917],[12.1360563,46.5499436],[12.1358844,46.5498578],[12.1358478,46.54977],[12.1357164,46.5497438],[12.135708,46.549848],[12.1355469,46.5498205],[12.1354346,46.5497355],[12.1353927,46.5495904],[12.1354265,46.549491],[12.1355849,46.5492348],[12.1355899,46.5491541],[12.1355261,46.54907],[12.1354069,46.549048],[12.135281,46.5491664],[12.1353267,46.549262],[12.1353972,46.5493389],[12.1353615,46.5493758],[12.1352982,46.5493357],[12.1351528,46.5492439],[12.1351216,46.5491514],[12.1352166,46.5490378],[12.135215,46.5488857],[12.1350707,46.5486927],[12.1349364,46.5486433],[12.1348631,46.5485009],[12.1346422,46.548475],[12.1345553,46.5485797],[12.1344558,46.5488583],[12.1343898,46.5490406],[12.1343449,46.5491154],[12.1343051,46.5490747],[12.134329,46.5489565],[12.1342543,46.5489459],[12.1341712,46.549015],[12.1341031,46.5489442],[12.1340011,46.5488665],[12.1339001,46.5488967],[12.1338148,46.5488554],[12.1338453,46.5488032],[12.1338574,46.5487426],[12.1338021,46.5486983],[12.1337987,46.5486374],[12.1338779,46.5486778],[12.1339915,46.5485901],[12.1342598,46.5481916],[12.1344529,46.5475054],[12.1351717,46.5476899],[12.1354399,46.5475054],[12.1357725,46.5478817],[12.1368454,46.5476825],[12.1368288,46.5475287],[12.1376179,46.5470775],[12.1375047,46.5466063],[12.137811,46.5465757],[12.1377788,46.5463248],[12.137414,46.5462879],[12.1374296,46.5460824],[12.1377788,46.5460739],[12.1378968,46.5459263],[12.1372022,46.5456349],[12.1370868,46.5455353],[12.1368851,46.5454866],[12.1371351,46.5449892],[12.1372901,46.5448944],[12.1375832,46.5449718],[12.1379694,46.5451349],[12.1383912,46.5454355],[12.1382591,46.5455252],[12.1383337,46.5455642],[12.1383436,46.5456018],[12.1385234,46.545714],[12.1386314,46.5456321],[12.13888,46.5458112],[12.1389884,46.5458758]]]},"properties":{"id":"2b6a8588-1ba4-36f5-a7c9-da1bcdb4c9ca","version":0,"sources":[{"property":"","dataset":"OpenStreetMap","license":"ODbL-1.0","record_id":"w666304133@9","update_time":"2024-06-27T19:02:45.000Z","confidence":null,"between":null}],"subtype":"agriculture","class":"meadow","source_tags":[["landuse","meadow"]]}}
{"type":"Feature","geometry":{"type":"LineString","coordinates":[[12.1467347,46.5536548],[12.1467088,46.5537354],[12.1465094,46.5537433],[12.1456592,46.5535841],[12.1448303,46.5533914],[12.1441671,46.5533946],[12.1434106,46.5534107],[12.1423855,46.5534396],[12.1416664,46.5530927],[12.1415403,46.5527041],[12.141197,46.5524585],[12.1401172,46.551904],[12.1393887,46.5513034],[12.1391599,46.5500959]]},"properties":{"id":"59947e7f-8611-31ac-adc2-6e4b5de3843b","version":0,"sources":[{"property":"","dataset":"OpenStreetMap","license":"ODbL-1.0","record_id":"w909088241@4","update_time":"2023-04-27T09:43:23.000Z","confidence":null,"between":null}],"subtype":"winter_sports","class":"downhill","names":{"primary":"Cinque","common":null,"rules":null},"source_tags":[["abandoned","yes"],["piste:difficulty","easy"],["piste:type","downhill"]]}}
{"type":"Feature","geometry":{"type":"Polygon","coordinates":[[[12.1334249,46.5556841],[12.1327331,46.5558543],[12.1325149,46.5557249],[12.1324548,46.5555349],[12.1325433,46.5553726],[12.1325353,46.5552527],[12.1323556,46.55519],[12.132251,46.5550683],[12.1321865,46.5548365],[12.1320203,46.5547787],[12.1314222,46.5546902],[12.1310922,46.5545887],[12.1309392,46.5544856],[12.130926,46.554325],[12.131055,46.5540951],[12.1319142,46.5541786],[12.1324239,46.5544405],[12.1328101,46.5548242],[12.1331212,46.5550861],[12.1334249,46.5556841]]]},"properties":{"id":"1b319526-5143-3a65-a6cd-78f7994e3c98","version":0,"sources":[{"property":"","dataset":"OpenStreetMap","license":"ODbL-1.0","record_id":"w666304108@3","update_time":"2024-06-18T18:13:51.000Z","confidence":null,"between":null}],"subtype":"residential","class":"residential","source_tags":[["landuse","residential"]]}}
{"type":"Feature","geometry":{"type":"Polygon","coordinates":[[[12.1301064,46.5534537],[12.1300581,46.5537028],[12.130532,46.5537529],[12.1304068,46.5539757],[12.1301221,46.5540975],[12.1299126,46.5539851],[12.1294941,46.5543505],[12.1295717,46.5544242],[12.128788,46.555595],[12.1287264,46.5563572],[12.1284748,46.5564378],[12.1281328,46.5559944],[12.128047,46.556201],[12.1279155,46.5561721],[12.1274463,46.556069],[12.1277613,46.5551429],[12.1278579,46.5548846],[12.1282635,46.554622],[12.1285454,46.5545033],[12.1287224,46.5546287],[12.1292696,46.5542967],[12.1292696,46.5534408],[12.1292311,46.553299],[12.1301064,46.5534537]]]},"properties":{"id":"a959960e-be6d-3e2a-9b19-9b27b48adf32","version":0,"sources":[{"property":"","dataset":"OpenStreetMap","license":"ODbL-1.0","record_id":"w1291348233@1","update_time":"2024-06-11T14:30:01.000Z","confidence":null,"between":null}],"subtype":"residential","class":"residential","source_tags":[["landuse","residential"]]}}
{"type":"Feature","geometry":{"type":"LineString","coordinates":[[12.1314094,46.5589149],[12.1312561,46.5591025],[12.1311577,46.559176],[12.1309879,46.5594361],[12.1308828,46.5596501]]},"properties":{"id":"cc0defd7-a0b5-3fcc-862e-9acf5c88fa49","version":0,"sources":[{"property":"","dataset":"OpenStreetMap","license":"ODbL-1.0","record_id":"w917944110@1","update_time":"2021-03-16T17:45:00.000Z","confidence":null,"between":null}],"subtype":"winter_sports","class":"nordic","surface":"gravel","source_tags":[["highway","track"],["motor_vehicle","no"],["piste:difficulty","expert"],["piste:type","nordic"],["surface","gravel"],["tracktype","grade3"]]}}
{"type":"Feature","geometry":{"type":"LineString","coordinates":[[12.1273581,46.5613939],[12.1276472,46.5611652],[12.1278692,46.560921],[12.1281059,46.5608294],[12.1283131,46.5606819],[12.1283945,46.5605038],[12.1284611,46.5603206],[12.1285573,46.5601985],[12.1286427,46.5600598],[12.128794,46.5600205],[12.1289679,46.5600764],[12.1293675,46.5603028],[12.1295894,46.5603741],[12.1297485,46.5603613],[12.1298965,46.5602723],[12.1300075,46.5600637],[12.130026,46.5598857],[12.1301259,46.5596745],[12.1301629,46.559499],[12.1302553,46.559326],[12.1304144,46.559237],[12.1306401,46.5591302],[12.1307918,46.5590106],[12.1308399,46.5588885],[12.1308806,46.5587664],[12.1308991,46.5586596],[12.1310026,46.5585858],[12.1311506,46.5586265],[12.1313023,46.5587537],[12.1314094,46.5589149]]},"properties":{"id":"443c8add-1638-354d-bc75-bda22829e225","version":0,"sources":[{"property":"","dataset":"OpenStreetMap","license":"ODbL-1.0","record_id":"w255656971@3","update_time":"2018-04-06T12:51:05.000Z","confidence":null,"between":null}],"subtype":"winter_sports","class":"nordic","source_tags":[["piste:difficulty","expert"],["piste:type","nordic"]]}}
{"type":"Feature","geometry":{"type":"LineString","coordinates":[[12.1308828,46.5596501],[12.1308314,46.559646],[12.1307825,46.5596653],[12.1305313,46.5599406],[12.1304131,46.5602061],[12.1302897,46.5603566],[12.1299993,46.5604893],[12.1299565,46.5605141],[12.1296096,46.5606934],[12.1289489,46.5610214]]},"properties":{"id":"151d7284-ea3f-307f-b19c-31375811e12b","version":0,"sources":[{"property":"","dataset":"OpenStreetMap","license":"ODbL-1.0","record_id":"w255656910@3","update_time":"2021-03-16T17:45:00.000Z","confidence":null,"between":null}],"subtype":"winter_sports","class":"nordic","surface":"gravel","source_tags":[["highway","track"],["motor_vehicle","no"],["piste:difficulty","expert"],["piste:type","nordic"],["surface","gravel"],["tracktype","grade3"]]}}
{"type":"Feature","geometry":{"type":"Polygon","coordinates":[[[12.1298602,46.563101],[12.1296935,46.5631223],[12.1296025,46.5631142],[12.129572,46.5632288],[12.1294743,46.5632164],[12.1294929,46.5631019],[12.1294253,46.5630596],[12.1291748,46.5630261],[12.1287195,46.563048],[12.1285781,46.5629996],[12.128605,46.5626788],[12.1284458,46.5625932],[12.1281899,46.5625427],[12.1281966,46.5622342],[12.1283278,46.5620773],[12.1287095,46.5619303],[12.1291859,46.5616898],[12.1296267,46.5617459],[12.1300545,46.5618145],[12.1305371,46.5618825],[12.1308309,46.5620326],[12.1309065,46.562314],[12.1308857,46.562588],[12.1307463,46.5626739],[12.1307647,46.5625803],[12.1307353,46.5624993],[12.1305281,46.5624143],[12.1305071,46.5624057],[12.1304078,46.5624234],[12.1301907,46.5625752],[12.1298522,46.5628206],[12.1297051,46.5629623],[12.1297529,46.5630331],[12.1298602,46.563101]]]},"properties":{"id":"f1afc798-8dcc-3b9e-9c72-3f08d4ed1058","version":0,"sources":[{"property":"","dataset":"OpenStreetMap","license":"ODbL-1.0","record_id":"w1039602377@1","update_time":"2022-03-12T14:40:41.000Z","confidence":null,"between":null}],"subtype":"agriculture","class":"meadow","source_tags":[["landuse","meadow"]]}}
{"type":"Feature","geometry":{"type":"Polygon","coordinates":[[[12.1298466,46.5630659],[12.1297518,46.5629993],[12.1297497,46.5629681],[12.1297807,46.5629185],[12.1298981,46.5628278],[12.1301249,46.5626776],[12.1304134,46.5624522],[12.1305281,46.5624143],[12.1307353,46.5624993],[12.1307432,46.5625727],[12.1307329,46.562645],[12.1306752,46.5627357],[12.1305577,46.5628292],[12.1304072,46.5629071],[12.1302073,46.5629709],[12.1298466,46.5630659]]]},"properties":{"id":"7f239721-9a86-33ba-bde9-ae552ad090c2","version":0,"sources":[{"property":"","dataset":"OpenStreetMap","license":"ODbL-1.0","record_id":"w1039602379@1","update_time":"2022-03-12T14:40:41.000Z","confidence":null,"between":null}],"subtype":"horticulture","class":"vineyard","names":{"primary":"Major","common":null,"rules":null},"source_tags":[["crop","grape"],["grape_variety","manzoni_bianco;solaris"],["landuse","vineyard"],["operator","Vigna Major 1350 Societa' Agricola S.s."]]}}
{"type":"Feature","geometry":{"type":"Polygon","coordinates":[[[12.1733229,46.5593621],[12.1724766,46.5605168],[12.1719711,46.5612064],[12.171778,46.5615015],[12.1715634,46.5612212],[12.170748,46.5608228],[12.1693533,46.5607195],[12.1685808,46.5606605],[12.1687954,46.5598343],[12.1689202,46.559782],[12.1694076,46.5599079],[12.1702659,46.5597087],[12.1704495,46.5593439],[12.1705556,46.5591333],[12.1715748,46.5589562],[12.1723472,46.5589599],[12.1732524,46.5589642],[12.1733229,46.5593621]]]},"properties":{"id":"fd67fe19-a12f-3d01-8ea1-6dbbf8c79b90","version":0,"sources":[{"property":"","dataset":"OpenStreetMap","license":"ODbL-1.0","record_id":"w880760349@1","update_time":"2020-12-03T20:20:48.000Z","confidence":null,"between":null}],"subtype":"agriculture","class":"meadow","source_tags":[["landuse","meadow"]]}}
{"type":"Feature","geometry":{"type":"Polygon","coordinates":[[[12.1606848,46.5749681],[12.1606523,46.5749706],[12.1592017,46.5749529],[12.1587511,46.5743666],[12.1596899,46.5731062],[12.1614247,46.5726283],[12.1623753,46.5733776],[12.1612177,46.5736527],[12.1618111,46.5738185],[12.1626457,46.5740517],[12.1621917,46.5746389],[12.1612422,46.5749251],[12.1606848,46.5749681]]]},"properties":{"id":"538c7622-54ec-3394-8ae5-bd1eb9e9e363","version":0,"sources":[{"property":"","dataset":"OpenStreetMap","license":"ODbL-1.0","record_id":"w880760341@1","update_time":"2020-12-03T20:20:48.000Z","confidence":null,"between":null}],"subtype":"agriculture","class":"meadow","source_tags":[["landuse","meadow"]]}}
{"type":"Feature","geometry":{"type":"LineString","coordinates":[[12.117651,46.5813468],[12.1178604,46.5810747],[12.117965,46.5808557],[12.1180288,46.5805617],[12.1180561,46.580155],[12.1180879,46.5798735],[12.1181835,46.5795732],[12.1183837,46.5792072],[12.1185385,46.5788819],[12.1185794,46.5786379],[12.1185021,46.5783439],[12.1183701,46.5779904],[12.11832,46.5777746],[12.1183161,46.5775407],[12.1184279,46.5772463],[12.1186607,46.5769454],[12.1192148,46.5762637],[12.1194942,46.575966],[12.1198946,46.5756748],[12.1202488,46.5754912]]},"properties":{"id":"fd8efcf7-474e-3860-9c4e-1e5af119d41b","version":0,"sources":[{"property":"","dataset":"OpenStreetMap","license":"ODbL-1.0","record_id":"w400613971@5","update_time":"2025-05-27T18:20:10.000Z","confidence":null,"between":null}],"subtype":"winter_sports","class":"nordic","surface":"compacted","source_tags":[["foot","yes"],["highway","cycleway"],["historic","railway"],["piste:difficulty","easy"],["piste:type","nordic"],["railway","abandoned"],["surface","compacted"],["width","3"],["wikipedia","de:Dolomitenbahn"]]}}
{"type":"Feature","geometry":{"type":"Polygon","coordinates":[[[12.1116863,46.5826504],[12.111787,46.5818646],[12.1118692,46.5812232],[12.1122769,46.5798442],[12.1120516,46.5769902],[12.1126414,46.5764373],[12.1129794,46.5757367],[12.1133369,46.5751403],[12.1138412,46.5746572],[12.1145351,46.5735869],[12.1153127,46.5726023],[12.1156329,46.5722086],[12.1159923,46.5711871],[12.1166001,46.5713042],[12.1167986,46.571614],[12.117253,46.5717255],[12.1173029,46.5716066],[12.1173066,46.5726216],[12.1171135,46.5729056],[12.1163587,46.5729673],[12.1158652,46.5741068],[12.1162139,46.5746083],[12.1154523,46.5745273],[12.1146905,46.5745974],[12.1145568,46.5749487],[12.1144424,46.5749303],[12.1142831,46.5749006],[12.1141871,46.575147],[12.1141169,46.575321],[12.1141093,46.5753416],[12.1143097,46.5756373],[12.1143358,46.5758214],[12.1140328,46.5765952],[12.113447,46.5781086],[12.1133525,46.5783473],[12.1117616,46.5823947],[12.1116863,46.5826504]]]},"properties":{"id":"9303899b-e458-3bb9-a007-8b0e430a5493","version":0,"sources":[{"property":"","dataset":"OpenStreetMap","license":"ODbL-1.0","record_id":"w880760340@2","update_time":"2022-01-29T10:09:31.000Z","confidence":null,"between":null}],"subtype":"managed","class":"grass","source_tags":[["landuse","grass"]]}}
{"type":"Feature","geometry":{"type":"Polygon","coordinates":[[[12.1181005,46.5713272],[12.1184208,46.5705369],[12.1192123,46.5704777],[12.1196252,46.5708617],[12.1192314,46.5715893],[12.1191352,46.5716152],[12.119068,46.5716197],[12.1190048,46.5716059],[12.1189317,46.5715732],[12.118713,46.5715258],[12.1186552,46.5715178],[12.1185376,46.5715186],[12.1184248,46.5715417],[12.1180543,46.5714618],[12.1181005,46.5713272]]]},"properties":{"id":"b3657266-4afc-3481-8733-f5e9be35b4af","version":0,"sources":[{"property":"","dataset":"OpenStreetMap","license":"ODbL-1.0","record_id":"w666286908@1","update_time":"2019-01-26T13:11:52.000Z","confidence":null,"between":null}],"subtype":"agriculture","class":"meadow","source_tags":[["landuse","meadow"]]}}
{"type":"Feature","geometry":{"type":"LineString","coordinates":[[12.1186168,46.5729721],[12.1183578,46.5729975],[12.1180693,46.5729212],[12.1179231,46.5727884],[12.1178987,46.5726398],[12.1181897,46.571593],[12.1183857,46.5709496],[12.11853,46.5707537],[12.1188593,46.570652],[12.119059,46.5706266],[12.1192329,46.5707665],[12.1193106,46.5709012],[12.1192699,46.5711479],[12.1191071,46.5712955],[12.119096,46.5713921],[12.1191885,46.5714887],[12.1192514,46.5715193],[12.1192884,46.57171],[12.1191589,46.5719694],[12.1188889,46.5728341],[12.1188408,46.5729231],[12.1186168,46.5729721]]},"properties":{"id":"b09d8768-6fc1-3bae-bea0-32ec3d00d258","version":0,"sources":[{"property":"","dataset":"OpenStreetMap","license":"ODbL-1.0","record_id":"w255656958@1","update_time":"2014-01-07T12:01:28.000Z","confidence":null,"between":null}],"subtype":"winter_sports","class":"nordic","source_tags":[["piste:difficulty","novice"],["piste:type","nordic"]]}}
{"type":"Feature","geometry":{"type":"Polygon","coordinates":[[[12.1193203,46.5730537],[12.1191452,46.5729962],[12.1190218,46.5728699],[12.1189797,46.5726968],[12.11926,46.5719141],[12.1193611,46.5718005],[12.1195301,46.5717239],[12.1197428,46.5716929],[12.11994,46.571727],[12.120092,46.571806],[12.1202006,46.5719286],[12.1202148,46.5720773],[12.1199104,46.5728813],[12.1197916,46.5729907],[12.1196583,46.5730426],[12.1194349,46.573069],[12.1193203,46.5730537]]]},"properties":{"id":"98b99e6c-1a53-3234-9f11-55c773aeb805","version":0,"sources":[{"property":"","dataset":"OpenStreetMap","license":"ODbL-1.0","record_id":"w396297689@2","update_time":"2016-04-20T19:37:36.000Z","confidence":null,"between":null}],"subtype":"recreation","class":"pitch","source_tags":[["leisure","pitch"]]}}
{"type":"Feature","geometry":{"type":"Polygon","coordinates":[[[12.1190131,46.5727585],[12.1193524,46.5718428],[12.1201581,46.5719839],[12.1198188,46.5728995],[12.1190131,46.5727585]]]},"properties":{"id":"7c22b4d0-5d41-3230-8722-bba1098b1d49","version":0,"sources":[{"property":"","dataset":"OpenStreetMap","license":"ODbL-1.0","record_id":"w396297688@1","update_time":"2016-02-05T20:23:31.000Z","confidence":null,"between":null}],"subtype":"recreation","class":"pitch","surface":"recreation_grass","source_tags":[["leisure","pitch"],["sport","soccer"]]}}
{"type":"Feature","geometry":{"type":"LineString","coordinates":[[12.1192884,46.57171],[12.1194293,46.5716215],[12.1197118,46.5716143],[12.1201356,46.5717006],[12.1203239,46.5718265],[12.1203344,46.5720063],[12.12001,46.5728947],[12.1198112,46.5730385],[12.1195025,46.5730925],[12.1192828,46.5730745],[12.1190212,46.573017],[12.1188889,46.5728341]]},"properties":{"id":"47338c1c-c62e-3b2b-81a1-da527bf48372","version":0,"sources":[{"property":"","dataset":"OpenStreetMap","license":"ODbL-1.0","record_id":"w255656954@1","update_time":"2014-01-07T12:01:28.000Z","confidence":null,"between":null}],"subtype":"winter_sports","class":"nordic","source_tags":[["piste:difficulty","novice"],["piste:type","nordic"]]}}
{"type":"Feature","geometry":{"type":"LineString","coordinates":[[12.1205997,46.5715103],[12.1204505,46.5715901],[12.1204098,46.5716511],[12.1203913,46.5718953],[12.1203344,46.5720063]]},"properties":{"id":"33d4ff34-0ec4-35d2-96ac-cac13c2936a9","version":0,"sources":[{"property":"","dataset":"OpenStreetMap","license":"ODbL-1.0","record_id":"w255656975@1","update_time":"2014-01-07T12:01:29.000Z","confidence":null,"between":null}],"subtype":"winter_sports","class":"nordic","source_tags":[["piste:difficulty","intermediate"],["piste:type","nordic"]]}}
{"type":"Feature","geometry":{"type":"LineString","coordinates":[[12.1211914,46.5708495],[12.1210737,46.5709381],[12.1205997,46.5715103]]},"properties":{"id":"8d65dc08-b1db-33a9-a43d-876dde4352b6","version":0,"sources":[{"property":"","dataset":"OpenStreetMap","license":"ODbL-1.0","record_id":"w1192914254@1","update_time":"2023-07-28T10:53:44.000Z","confidence":null,"between":null}],"subtype":"winter_sports","class":"nordic","surface":"unpaved","source_tags":[["foot","yes"],["highway","cycleway"],["piste:difficulty","intermediate"],["piste:type","nordic"],["surface","unpaved"]]}}
{"type":"Feature","geometry":{"type":"LineString","coordinates":[[12.1202488,46.5754912],[12.1204999,46.5753611],[12.1208771,46.5751882],[12.1210745,46.5751153],[12.1211891,46.575073],[12.1215942,46.5749482],[12.1219061,46.574817],[12.1222135,46.5745929],[12.1223997,46.5743528],[12.12244,46.5740753],[12.1223707,46.573782],[12.1223289,46.5736812],[12.1222807,46.5735028],[12.1222742,46.5732794],[12.1223247,46.5729242],[12.1223894,46.5726756],[12.1226755,46.5717949],[12.1227693,46.5714366],[12.1228605,46.5712019],[12.1229641,46.5709908]]},"properties":{"id":"89679a21-2c24-3f0f-97ca-bb01f13153af","version":0,"sources":[{"property":"","dataset":"OpenStreetMap","license":"ODbL-1.0","record_id":"w424189820@3","update_time":"2025-05-27T18:20:10.000Z","confidence":null,"between":null}],"subtype":"winter_sports","class":"nordic","surface":"compacted","source_tags":[["foot","yes"],["highway","cycleway"],["historic","railway"],["piste:difficulty","easy"],["piste:type","nordic"],["railway","abandoned"],["surface","compacted"],["width","3"],["wikipedia","de:Dolomitenbahn"]]}}
{"type":"Feature","geometry":{"type":"LineString","coordinates":[[12.1229641,46.5709908],[12.1230933,46.5707781],[12.123499,46.5702005],[12.1237724,46.5698197],[12.1239731,46.5694058],[12.1240789,46.5690637],[12.1241572,46.5686301],[12.1241495,46.5684107],[12.1241455,46.5682961],[12.1241102,46.5678598],[12.1240476,46.5674876],[12.1239674,46.5669751],[12.1239153,46.566581],[12.1238431,46.5660105],[12.1238399,46.5657473]]},"properties":{"id":"844a059c-cd10-3a18-9ba2-0bd2fa04a33d","version":0,"sources":[{"property":"","dataset":"OpenStreetMap","license":"ODbL-1.0","record_id":"w353928350@4","update_time":"2025-05-27T18:20:10.000Z","confidence":null,"between":null}],"subtype":"winter_sports","class":"nordic","surface":"compacted","source_tags":[["foot","yes"],["highway","cycleway"],["historic","railway"],["piste:difficulty","easy"],["piste:type","nordic"],["railway","abandoned"],["surface","compacted"],["width","3"],["wikipedia","de:Dolomitenbahn"]]}}
{"type":"Feature","geometry":{"type":"LineString","coordinates":[[12.1219139,46.5698128],[12.1218224,46.5699437],[12.1213751,46.5705833],[12.1211914,46.5708495]]},"properties":{"id":"5a78da3c-3940-3dc5-ac11-cf0f527c5759","version":0,"sources":[{"property":"","dataset":"OpenStreetMap","license":"ODbL-1.0","record_id":"w255656941@5","update_time":"2023-07-28T10:53:44.000Z","confidence":null,"between":null}],"subtype":"winter_sports","class":"nordic","surface":"unpaved","source_tags":[["foot","yes"],["highway","cycleway"],["piste:difficulty","intermediate"],["piste:type","nordic"],["surface","unpaved"]]}}
{"type":"Feature","geometry":{"type":"LineString","coordinates":[[12.119059,46.5706266],[12.1193465,46.5703385],[12.1195359,46.5702756]]},"properties":{"id":"81dd5cca-e4f3-301b-8958-fd841361a1cb","version":0,"sources":[{"property":"","dataset":"OpenStreetMap","license":"ODbL-1.0","record_id":"w255656967@1","update_time":"2014-01-07T12:01:29.000Z","confidence":null,"between":null}],"subtype":"winter_sports","class":"nordic","source_tags":[["piste:difficulty","intermediate"],["piste:type","nordic"]]}}
{"type":"Feature","geometry":{"type":"LineString","coordinates":[[12.1219139,46.5698128],[12.1208875,46.5702219],[12.1204124,46.5703596],[12.1200195,46.5704196],[12.1195359,46.5702756],[12.1191463,46.5701595],[12.1185999,46.5698432]]},"properties":{"id":"266d30f2-6788-3819-98e8-11087c71f44a","version":0,"sources":[{"property":"","dataset":"OpenStreetMap","license":"ODbL-1.0","record_id":"w255656917@2","update_time":"2016-02-28T17:57:29.000Z","confidence":null,"between":null}],"subtype":"winter_sports","class":"nordic","surface":"ground","source_tags":[["highway","track"],["piste:difficulty","intermediate"],["piste:type","nordic"],["surface","ground"]]}}
{"type":"Feature","geometry":{"type":"LineString","coordinates":[[12.1208875,46.5702219],[12.1209595,46.5698655],[12.1212407,46.5697434],[12.1213443,46.5694077],[12.1212703,46.5688176],[12.12107,46.5681542]]},"properties":{"id":"272cb739-1495-39ba-8599-3cc846f0c6ca","version":0,"sources":[{"property":"","dataset":"OpenStreetMap","license":"ODbL-1.0","record_id":"w255656978@2","update_time":"2014-08-13T16:37:22.000Z","confidence":null,"between":null}],"subtype":"winter_sports","class":"nordic","source_tags":[["fixme","untagged way"],["piste:difficulty","intermediate"],["piste:type","nordic"]]}}
{"type":"Feature","geometry":{"type":"LineString","coordinates":[[12.1222509,46.5669441],[12.1221944,46.5675752],[12.1222798,46.5679926],[12.1223293,46.5684944],[12.1223086,46.5689817],[12.1221858,46.5693355],[12.1219139,46.5698128]]},"properties":{"id":"de09b421-b580-3b8c-b212-501b0b215591","version":0,"sources":[{"property":"","dataset":"OpenStreetMap","license":"ODbL-1.0","record_id":"w255656936@6","update_time":"2024-07-07T16:24:29.000Z","confidence":null,"between":null}],"subtype":"winter_sports","class":"nordic","surface":"gravel","source_tags":[["foot","yes"],["highway","cycleway"],["piste:difficulty","intermediate"],["piste:type","nordic"],["surface","gravel"]]}}
{"type":"Feature","geometry":{"type":"LineString","coordinates":[[12.12107,46.5681542],[12.1214141,46.5679665],[12.1218149,46.5675737],[12.1222509,46.5669441]]},"properties":{"id":"b3569a38-a57a-3bf9-b384-b2ae829abc5a","version":0,"sources":[{"property":"","dataset":"OpenStreetMap","license":"ODbL-1.0","record_id":"w255656931@2","update_time":"2023-07-28T10:53:44.000Z","confidence":null,"between":null}],"subtype":"winter_sports","class":"nordic","surface":"gravel","source_tags":[["highway","cycleway"],["piste:difficulty","intermediate"],["piste:type","nordic"],["surface","gravel"]]}}
{"type":"Feature","geometry":{"type":"Polygon","coordinates":[[[12.1202586,46.5677527],[12.1201339,46.5677083],[12.1203123,46.5674909],[12.1207455,46.567081],[12.1201138,46.5667201],[12.121228,46.5667026],[12.1211814,46.5668123],[12.1210794,46.5669562],[12.1202586,46.5677527]]]},"properties":{"id":"4f36ada3-cf84-3afc-b8e8-522a6cee5026","version":0,"sources":[{"property":"","dataset":"OpenStreetMap","license":"ODbL-1.0","record_id":"w666304132@1","update_time":"2019-01-26T15:29:01.000Z","confidence":null,"between":null}],"subtype":"agriculture","class":"meadow","source_tags":[["landuse","meadow"]]}}
{"type":"Feature","geometry":{"type":"Polygon","coordinates":[[[12.1201138,46.5667201],[12.1207455,46.567081],[12.1203123,46.5674909],[12.1201339,46.5677083],[12.1196578,46.5675388],[12.1194613,46.5675226],[12.1193864,46.5673526],[12.1195972,46.5666436],[12.1199529,46.5665689],[12.1201138,46.5667201]]]},"properties":{"id":"e00f10e7-0682-3f13-ab80-8c9373e7deb7","version":0,"sources":[{"property":"","dataset":"OpenStreetMap","license":"ODbL-1.0","record_id":"w666304123@1","update_time":"2019-01-26T15:29:02.000Z","confidence":null,"between":null}],"subtype":"developed","class":"commercial","source_tags":[["landuse","commercial"]]}}
{"type":"Feature","geometry":{"type":"LineString","coordinates":[[12.1239056,46.5650796],[12.1235436,46.5653404],[12.1232815,46.5655263],[12.1229302,46.5658391],[12.1227199,46.5659968],[12.1225272,46.5661784],[12.1223942,46.5663924],[12.1223099,46.5666487],[12.1222509,46.5669441]]},"properties":{"id":"49c0c2a6-7e2b-31b4-9af3-1e3ef7102ecd","version":0,"sources":[{"property":"","dataset":"OpenStreetMap","license":"ODbL-1.0","record_id":"w255656945@4","update_time":"2024-07-07T16:24:29.000Z","confidence":null,"between":null}],"subtype":"winter_sports","class":"nordic","surface":"gravel","source_tags":[["highway","cycleway"],["piste:difficulty","intermediate"],["piste:type","nordic"],["surface","gravel"]]}}
{"type":"Feature","geometry":{"type":"LineString","coordinates":[[12.1238399,46.5657473],[12.1238384,46.5656198],[12.1238504,46.5654225],[12.1238589,46.5652814],[12.1239056,46.5650796]]},"properties":{"id":"cbf22768-778f-3b77-8003-852e27354e96","version":0,"sources":[{"property":"","dataset":"OpenStreetMap","license":"ODbL-1.0","record_id":"w255656919@7","update_time":"2025-05-27T18:20:10.000Z","confidence":null,"between":null}],"subtype":"winter_sports","class":"nordic","surface":"compacted","source_tags":[["foot","yes"],["highway","cycleway"],["historic","railway"],["piste:difficulty","easy"],["piste:type","nordic"],["railway","abandoned"],["surface","compacted"],["width","3"]]}}
{"type":"Feature","geometry":{"type":"LineString","coordinates":[[12.1281359,46.5631223],[12.1278547,46.5632495],[12.12747,46.563341],[12.1267375,46.5636259],[12.1261456,46.5638854],[12.1255462,46.5642567],[12.1251245,46.5643686],[12.1247472,46.5647197],[12.1244734,46.5651622],[12.1243032,46.565498],[12.1241256,46.5656608],[12.1238399,46.5657473]]},"properties":{"id":"da665d3d-c03b-3c2d-aa4a-dcd7ff36753d","version":0,"sources":[{"property":"","dataset":"OpenStreetMap","license":"ODbL-1.0","record_id":"w365099450@2","update_time":"2025-07-24T19:55:31.000Z","confidence":null,"between":null}],"subtype":"winter_sports","class":"nordic","source_tags":[["highway","track"],["piste:difficulty","expert"],["piste:type","nordic"]]}}
{"type":"Feature","geometry":{"type":"Polygon","coordinates":[[[12.1251456,46.5610291],[12.1254289,46.5605208],[12.1257576,46.560761],[12.125596,46.5613491],[12.1242392,46.562093],[12.1239473,46.5626362],[12.1243423,46.562955],[12.1239481,46.5634438],[12.1239048,46.5634975],[12.1230616,46.5638102],[12.1225561,46.5641477],[12.1218863,46.5656355],[12.121955,46.567017],[12.1212067,46.5669775],[12.1213326,46.5667339],[12.1214336,46.5661209],[12.1216066,46.5652888],[12.1216963,46.5650162],[12.122317,46.5640102],[12.122494,46.5637557],[12.1227048,46.5634855],[12.123406,46.5628779],[12.1236956,46.5625644],[12.1242712,46.561811],[12.1246843,46.5614717],[12.1251456,46.5610291]]]},"properties":{"id":"49cd1e27-a0d9-349a-b81d-052454573778","version":0,"sources":[{"property":"","dataset":"OpenStreetMap","license":"ODbL-1.0","record_id":"w666286907@3","update_time":"2024-06-07T12:41:04.000Z","confidence":null,"between":null}],"subtype":"agriculture","class":"meadow","source_tags":[["landuse","meadow"]]}}
{"type":"Feature","geometry":{"type":"LineString","coordinates":[[12.1239056,46.5650796],[12.1240291,46.5647302],[12.1241788,46.5644185],[12.1248885,46.5633224],[12.1254821,46.5623933]]},"properties":{"id":"087d842b-9409-3051-98bf-c70dc74d516d","version":0,"sources":[{"property":"","dataset":"OpenStreetMap","license":"ODbL-1.0","record_id":"w255656950@7","update_time":"2025-05-27T18:20:10.000Z","confidence":null,"between":null}],"subtype":"winter_sports","class":"nordic","surface":"compacted","source_tags":[["foot","yes"],["highway","cycleway"],["historic","railway"],["piste:difficulty","easy"],["piste:type","nordic"],["railway","abandoned"],["surface","compacted"]]}}
{"type":"Feature","geometry":{"type":"LineString","coordinates":[[12.1273581,46.5613939],[12.1264688,46.5617891],[12.1258613,46.56207],[12.1257885,46.5621037],[12.1254821,46.5623933]]},"properties":{"id":"6810b3c3-dd42-3958-ab32-e73b6adb14cb","version":0,"sources":[{"property":"","dataset":"OpenStreetMap","license":"ODbL-1.0","record_id":"w255656923@3","update_time":"2025-10-26T18:48:44.000Z","confidence":null,"between":null}],"subtype":"winter_sports","class":"nordic","surface":"gravel","source_tags":[["highway","track"],["motor_vehicle","no"],["piste:difficulty","expert"],["piste:type","nordic"],["surface","gravel"]]}}
{"type":"Feature","geometry":{"type":"LineString","coordinates":[[12.1289489,46.5610214],[12.128824,46.561184],[12.1288018,46.5614486],[12.1289054,46.5616673],[12.1288314,46.5618047],[12.1286538,46.561881],[12.1281581,46.562115],[12.1281063,46.5622829],[12.1281137,46.5626187],[12.1282173,46.5629595],[12.1281359,46.5631223]]},"properties":{"id":"d3761fe6-d369-30ba-81c2-622b2cb794b7","version":0,"sources":[{"property":"","dataset":"OpenStreetMap","license":"ODbL-1.0","record_id":"w255656962@3","update_time":"2017-08-07T13:14:23.000Z","confidence":null,"between":null}],"subtype":"winter_sports","class":"nordic","source_tags":[["piste:difficulty","expert"],["piste:type","nordic"]]}}
{"type":"Feature","geometry":{"type":"LineString","coordinates":[[12.1239481,46.5634438],[12.1243479,46.5630475],[12.1245698,46.5625438],[12.1247955,46.5621419],[12.1249361,46.5620046],[12.1250323,46.5620097],[12.1254821,46.5623933]]},"properties":{"id":"a466fd14-6154-3765-899c-da456c0e3673","version":0,"sources":[{"property":"","dataset":"OpenStreetMap","license":"ODbL-1.0","record_id":"w255656981@4","update_time":"2023-07-28T10:53:44.000Z","confidence":null,"between":null}],"subtype":"winter_sports","class":"nordic","source_tags":[["oneway","yes"],["piste:difficulty","intermediate"],["piste:grooming","classic+skating"],["piste:type","nordic"]]}}
{"type":"Feature","geometry":{"type":"Polygon","coordinates":[[[12.1221348,46.5614833],[12.1226098,46.5616197],[12.1240685,46.5613889],[12.1252355,46.5605761],[12.1249579,46.5610254],[12.1244751,46.5614791],[12.1241532,46.5617446],[12.1234666,46.5626409],[12.1231715,46.5629323],[12.122891,46.563184],[12.1226941,46.5630724],[12.1229301,46.5628585],[12.1225761,46.5626962],[12.1221239,46.5631545],[12.1222757,46.5637658],[12.1217553,46.5646178],[12.1212977,46.5644454],[12.1220702,46.563811],[12.1219629,46.5635713],[12.1210579,46.5629802],[12.1210993,46.5627008],[12.1205215,46.5623569],[12.1205966,46.5619364],[12.1221299,46.5614848],[12.1221348,46.5614833]]]},"properties":{"id":"6a4c4a90-06ad-3cca-8d77-0548e1ad8eec","version":0,"sources":[{"property":"","dataset":"OpenStreetMap","license":"ODbL-1.0","record_id":"w666286874@1","update_time":"2019-01-26T13:11:53.000Z","confidence":null,"between":null}],"subtype":"agriculture","class":"meadow","source_tags":[["landuse","meadow"]]}}
{"type":"Feature","geometry":{"type":"LineString","coordinates":[[12.1222509,46.5669441],[12.122095,46.5657352],[12.1221057,46.5654775],[12.1221638,46.5652695],[12.1224623,46.5647812],[12.1228795,46.5641899],[12.1230852,46.5640214],[12.1233674,46.5638239],[12.1239481,46.5634438]]},"properties":{"id":"ae724a89-a134-399b-ba16-84ba7ca6e232","version":0,"sources":[{"property":"","dataset":"OpenStreetMap","license":"ODbL-1.0","record_id":"w168173008@9","update_time":"2023-07-28T10:53:44.000Z","confidence":null,"between":null}],"subtype":"winter_sports","class":"nordic","source_tags":[["bicycle","yes"],["foot","yes"],["highway","track"],["piste:difficulty","intermediate"],["piste:type","nordic"]]}}
{"type":"Feature","geometry":{"type":"Polygon","coordinates":[[[12.1217553,46.5646178],[12.1214533,46.5651462],[12.1213369,46.566023],[12.1211009,46.5657759],[12.1207361,46.5651416],[12.1212977,46.5644454],[12.1217553,46.5646178]]]},"properties":{"id":"67491e8d-2444-38fb-a465-6a8e28841fb9","version":0,"sources":[{"property":"","dataset":"OpenStreetMap","license":"ODbL-1.0","record_id":"w666286909@1","update_time":"2019-01-26T13:11:52.000Z","confidence":null,"between":null}],"subtype":"developed","class":"industrial","source_tags":[["landuse","industrial"]]}}
{"type":"Feature","geometry":{"type":"Polygon","coordinates":[[[12.1154171,46.5706966],[12.1154171,46.5706288],[12.1155481,46.5704826],[12.1159116,46.5705737],[12.1156605,46.5708025],[12.1154171,46.5706966]]]},"properties":{"id":"77f2a662-4025-35e2-a7fe-a05c7699df9c","version":0,"sources":[{"property":"","dataset":"OpenStreetMap","license":"ODbL-1.0","record_id":"w1080097379@1","update_time":"2022-07-20T18:27:18.000Z","confidence":null,"between":null}],"subtype":"recreation","class":"playground","source_tags":[["leisure","playground"]]}}
{"type":"Feature","geometry":{"type":"Polygon","coordinates":[[[12.1142627,46.5731717],[12.1139892,46.5730501],[12.1141333,46.572515],[12.1139898,46.5715465],[12.1140374,46.5712627],[12.1149735,46.569646],[12.11559,46.569056],[12.115725,46.5688451],[12.1157812,46.5688918],[12.1158702,46.5689678],[12.1159517,46.5689034],[12.1160158,46.5689624],[12.1159027,46.5692279],[12.1162568,46.5692574],[12.1163748,46.5693789],[12.1165143,46.5695486],[12.1165465,46.5696961],[12.1165143,46.5698805],[12.1164353,46.569999],[12.1162783,46.5702345],[12.1158276,46.5707582],[12.1156882,46.571363],[12.1154092,46.5721374],[12.1142627,46.5731717]]]},"properties":{"id":"a4694a75-54b8-35ca-b732-9feff30d2ff8","version":0,"sources":[{"property":"","dataset":"OpenStreetMap","license":"ODbL-1.0","record_id":"w666286875@13","update_time":"2023-11-01T18:59:12.000Z","confidence":null,"between":null}],"subtype":"campground","class":"camp_site","names":{"primary":"Camping Olympia","common":null,"rules":null},"source_tags":[["addr:city","Cortina d'Ampezzo"],["addr:postcode","32043"],["addr:street","Fiames"],["capacity","314"],["caravans","yes"],["drinking_water","yes"],["ele","1283"],["email","info@campingolympiacortina.it"],["internet_access","wlan"],["operator","International Camping Olympia"],["phone","+39 0436 5057"],["power_supply","yes"],["shower","yes"],["tents","yes"],["toilets","yes"],["tourism","camp_site"],["website","https://www.campingolympiacortina.it/"],["wheelchair","limited"]],"elevation":1283}}
{"type":"Feature","geometry":{"type":"Polygon","coordinates":[[[12.1313789,46.546633],[12.1283534,46.5478321],[12.1218571,46.5478505],[12.1173724,46.5465076],[12.1130118,46.5484806],[12.1104416,46.5496435],[12.1044013,46.5490976],[12.0980606,46.548972],[12.094048,46.549887],[12.0902285,46.5530006],[12.0832977,46.5559223],[12.0798215,46.553945],[12.06714,46.5522628],[12.0670113,46.5476882],[12.0686582,46.5463305],[12.0740011,46.5461977],[12.0784268,46.5437035],[12.0786199,46.5415044],[12.0750579,46.5371208],[12.0753583,46.5356152],[12.0774719,46.533556],[12.078062,46.5293931],[12.0878681,46.5209114],[12.0944666,46.520953],[12.0995948,46.5209853],[12.1146044,46.5266989],[12.1218463,46.5319544],[12.1249366,46.5351225],[12.1247029,46.536189],[12.119604,46.5380802],[12.120913,46.5427147],[12.1245125,46.5441757],[12.1282971,46.5444082],[12.129614,46.5427442],[12.1346137,46.5432607],[12.1341952,46.5454155],[12.1313789,46.546633]]]},"properties":{"id":"d6165946-932a-3eb5-8c23-62eef9ce725c","version":0,"sources":[{"property":"","dataset":"OpenStreetMap","license":"ODbL-1.0","record_id":"w475486813@7","update_time":"2024-07-17T19:27:25.000Z","confidence":null,"between":null}],"subtype":"winter_sports","class":"winter_sports","names":{"primary":"Cortina Tofane","common":null,"rules":[{"variant":"alternate","language":null,"perspectives":null,"value":"Tofana","between":null,"side":null}]},"source_tags":[["alt_name","Tofana"],["landuse","winter_sports"],["website","https://www.impianticortina.it/"]]}}
{"type":"Feature","geometry":{"type":"LineString","coordinates":[[12.1035569,46.5362279],[12.104343,46.5362336],[12.1048855,46.5364777],[12.105,46.5367263],[12.1052614,46.537145],[12.1054184,46.5372714],[12.1057242,46.5377068],[12.1063158,46.5379756],[12.1073035,46.5384935],[12.1078377,46.5388687],[12.1082315,46.5389795],[12.1084765,46.5392236],[12.1085821,46.5394676],[12.1090386,46.539698],[12.1098283,46.5400966],[12.1102465,46.5405809]]},"properties":{"id":"03e8251b-d4d5-397d-a0ea-f450ae27c9e8","version":0,"sources":[{"property":"","dataset":"OpenStreetMap","license":"ODbL-1.0","record_id":"w927077209@5","update_time":"2025-02-19T21:12:50.000Z","confidence":null,"between":null}],"subtype":"winter_sports","class":"downhill","names":{"primary":"Skiweg Rumerlo - Colfiere","common":null,"rules":null},"source_tags":[["lit","no"],["oneway","yes"],["piste:difficulty","easy"],["piste:grooming","classic"],["piste:type","downhill"],["ref","45"]]}}
{"type":"Feature","geometry":{"type":"LineString","coordinates":[[12.0952489,46.5402047],[12.095823,46.5407918],[12.0959835,46.5409868],[12.0963325,46.5412136],[12.0968088,46.5413572],[12.0972449,46.5414478],[12.0975967,46.5414916],[12.0978868,46.5415032],[12.0982264,46.5415156],[12.0986069,46.5414131],[12.0988201,46.5413319],[12.0990345,46.5412929],[12.099508,46.5410482],[12.1000267,46.5409684],[12.1005539,46.5408506],[12.1009347,46.5408099],[12.1012715,46.5407217],[12.1016328,46.5405911],[12.1018409,46.540337],[12.1021218,46.5394464],[12.1025001,46.5391903],[12.1034128,46.5388917],[12.1043857,46.5386757],[12.1047576,46.5387693],[12.1050761,46.5392133],[12.1057161,46.5395565],[12.1063251,46.539489],[12.106773,46.5394462],[12.1072564,46.5396407],[12.1078969,46.5401374],[12.1085121,46.54033],[12.1093279,46.5405855],[12.1101832,46.5405694],[12.1102465,46.5405809],[12.1110306,46.540723],[12.1111834,46.5408449],[12.111677,46.5412387],[12.1120977,46.5424223],[12.1122984,46.5428473],[12.1126987,46.5432922],[12.112937,46.5435571],[12.1135427,46.5440447],[12.1143911,46.5443903]]},"properties":{"id":"cc883f1c-fd48-32cb-a6ef-cc62fd4237fb","version":0,"sources":[{"property":"","dataset":"OpenStreetMap","license":"ODbL-1.0","record_id":"w773159880@11","update_time":"2025-02-16T01:29:36.000Z","confidence":null,"between":null}],"subtype":"winter_sports","class":"downhill","names":{"primary":"Muro de Ra Cioures","common":null,"rules":null},"source_tags":[["oneway","yes"],["piste:difficulty","easy"],["piste:type","downhill"],["ref","43"]]}}
{"type":"Feature","geometry":{"type":"Polygon","coordinates":[[[12.1039502,46.5429562],[12.1040359,46.542816],[12.1040967,46.5428336],[12.104011,46.5429738],[12.1039502,46.5429562]]]},"properties":{"id":"1ba9e759-92c7-33b4-b800-319d3dc0859d","version":0,"sources":[{"property":"","dataset":"OpenStreetMap","license":"ODbL-1.0","record_id":"w1418858729@1","update_time":"2025-07-31T07:55:24.000Z","confidence":null,"between":null}],"subtype":"recreation","class":"playground","source_tags":[["leisure","playground"]]}}
{"type":"Feature","geometry":{"type":"LineString","coordinates":[[12.103467,46.5437362],[12.1034239,46.5433436],[12.1039417,46.542308],[12.1043174,46.541866],[12.104271,46.5414124],[12.103941,46.5411794],[12.1035236,46.5413097],[12.1029708,46.5418851],[12.101741,46.542925],[12.1013122,46.5431837],[12.1009579,46.543298],[12.1007691,46.5432639],[12.1002468,46.54294],[12.0998487,46.5425077],[12.099883,46.5421017],[12.0992793,46.5415223],[12.0990491,46.5413102],[12.0990345,46.5412929]]},"properties":{"id":"f8f0fe04-2066-3de9-828a-aedbde27b768","version":0,"sources":[{"property":"","dataset":"OpenStreetMap","license":"ODbL-1.0","record_id":"w144991038@15","update_time":"2023-09-04T09:07:09.000Z","confidence":null,"between":null}],"subtype":"winter_sports","class":"downhill","names":{"primary":"Raccordo Pi\u00e8 Tofana","common":null,"rules":null},"source_tags":[["piste:difficulty","easy"],["piste:type","downhill"],["ref","42"]]}}
{"type":"Feature","geometry":{"type":"Polygon","coordinates":[[[12.0997169,46.5449004],[12.0996407,46.5447473],[12.1003564,46.543623],[12.1003842,46.543537],[12.1004001,46.5434879],[12.1002038,46.5427382],[12.101191,46.5432792],[12.1007681,46.5435167],[12.1007375,46.543978],[12.1004924,46.544096],[12.1004956,46.544338],[12.1002449,46.5446],[12.0999453,46.5446605],[12.1000175,46.5449168],[12.0997169,46.5449004]]]},"properties":{"id":"71f5c3db-5d15-3099-b2a6-7fa00be4ee75","version":0,"sources":[{"property":"","dataset":"OpenStreetMap","license":"ODbL-1.0","record_id":"w630232083@2","update_time":"2022-09-05T07:04:03.000Z","confidence":null,"between":null}],"subtype":"agriculture","class":"meadow","source_tags":[["landuse","meadow"]]}}
{"type":"Feature","geometry":{"type":"LineString","coordinates":[[12.1039815,46.543575],[12.1038768,46.5436078],[12.1038396,46.5436195],[12.1037059,46.5436407],[12.1036707,46.5436463],[12.103467,46.5437362]]},"properties":{"id":"6efa0fe0-720d-3b06-935e-02d6eb29ad94","version":0,"sources":[{"property":"","dataset":"OpenStreetMap","license":"ODbL-1.0","record_id":"w1017119153@1","update_time":"2025-07-31T06:50:40.000Z","confidence":null,"between":null}],"subtype":"winter_sports","class":"connection","names":{"primary":"Raccordo Pi\u00e8 Tofana","common":null,"rules":null},"source_tags":[["piste:difficulty","easy"],["piste:type","connection"],["ref","42"]]}}
{"type":"Feature","geometry":{"type":"LineString","coordinates":[[12.1039815,46.543575],[12.1038887,46.5436395],[12.1038855,46.5437034]]},"properties":{"id":"599c6b17-9d14-3674-bc34-8685a10baca7","version":0,"sources":[{"property":"","dataset":"OpenStreetMap","license":"ODbL-1.0","record_id":"w1017119156@1","update_time":"2025-07-31T06:50:40.000Z","confidence":null,"between":null}],"subtype":"winter_sports","class":"connection","source_tags":[["highway","footway"],["piste:difficulty","easy"],["piste:type","connection"]]}}
{"type":"Feature","geometry":{"type":"Polygon","coordinates":[[[12.0995492,46.5464544],[12.0998496,46.5465638],[12.1003798,46.5462842],[12.1005123,46.5462538],[12.1004947,46.5465638],[12.1005212,46.5468616],[12.1009541,46.546977],[12.1004682,46.5471107],[12.099885,46.5475604],[12.1001942,46.5481074],[12.1010425,46.5484598],[12.1010248,46.5488792],[12.1003652,46.5492991],[12.1001973,46.5489223],[12.100215,46.5485942],[12.0999499,46.5483085],[12.1000648,46.5481019],[12.0997467,46.5477069],[12.0996495,46.5475003],[12.0996937,46.5472937],[12.0996937,46.5469716],[12.0991282,46.5466495],[12.0989779,46.5464672],[12.0995492,46.5464544]]]},"properties":{"id":"5c91a44d-42fe-3632-8a3d-ddde40b5e768","version":0,"sources":[{"property":"","dataset":"OpenStreetMap","license":"ODbL-1.0","record_id":"w424724996@4","update_time":"2018-10-03T13:04:08.000Z","confidence":null,"between":null}],"subtype":"agriculture","class":"meadow","source_tags":[["landuse","meadow"]]}}
{"type":"Feature","geometry":{"type":"Polygon","coordinates":[[[12.1225372,46.5559438],[12.1220233,46.5559936],[12.1214757,46.5550615],[12.1206941,46.5547121],[12.1204987,46.5543807],[12.1200297,46.5541836],[12.1198556,46.5538595],[12.1201576,46.5538116],[12.1208453,46.5540835],[12.1217623,46.5537178],[12.1221922,46.5543717],[12.1225569,46.5551601],[12.1227133,46.5556975],[12.1225372,46.5559438]]]},"properties":{"id":"53948755-894a-3400-9eda-190b889ebff7","version":0,"sources":[{"property":"","dataset":"OpenStreetMap","license":"ODbL-1.0","record_id":"w424121721@1","update_time":"2019-01-26T15:29:02.000Z","confidence":null,"between":null}],"subtype":"residential","class":"residential","source_tags":[["landuse","residential"]]}}
{"type":"Feature","geometry":{"type":"Polygon","coordinates":[[[12.1271825,46.5579493],[12.1270706,46.5586183],[12.1266777,46.5586289],[12.1270806,46.5581529],[12.1271825,46.5579493]]]},"properties":{"id":"7cca65b9-cd0f-3bcc-aabe-a3f10401f4db","version":0,"sources":[{"property":"","dataset":"OpenStreetMap","license":"ODbL-1.0","record_id":"w666286877@1","update_time":"2019-01-26T13:11:49.000Z","confidence":null,"between":null}],"subtype":"agriculture","class":"meadow","source_tags":[["landuse","meadow"]]}}
{"type":"Feature","geometry":{"type":"Polygon","coordinates":[[[12.1268169,46.5582411],[12.1261786,46.5580865],[12.1262328,46.557337],[12.1271879,46.5565509],[12.1274463,46.556069],[12.1279155,46.5561721],[12.1272378,46.5574882],[12.126925,46.5580902],[12.1268169,46.5582411]]]},"properties":{"id":"f9456d08-ab94-3f32-b2e5-39135876eaba","version":0,"sources":[{"property":"","dataset":"OpenStreetMap","license":"ODbL-1.0","record_id":"w666286910@1","update_time":"2019-01-26T13:11:53.000Z","confidence":null,"between":null}],"subtype":"agriculture","class":"meadow","source_tags":[["landuse","meadow"]]}}
{"type":"Feature","geometry":{"type":"Polygon","coordinates":[[[12.128363,46.5537876],[12.128418,46.5536209],[12.1285797,46.5534416],[12.1287439,46.5530904],[12.1282718,46.5526071],[12.1283254,46.5522013],[12.1286556,46.5520766],[12.1289692,46.5523341],[12.1292311,46.553299],[12.1292696,46.5534408],[12.1292696,46.5542967],[12.1287224,46.5546287],[12.1285454,46.5545033],[12.1282635,46.554622],[12.1276545,46.5543609],[12.1279056,46.5541325],[12.128363,46.5537876]]]},"properties":{"id":"eda68412-e419-3fea-9b9b-f1eebb9d048f","version":0,"sources":[{"property":"","dataset":"OpenStreetMap","license":"ODbL-1.0","record_id":"w666304125@2","update_time":"2024-06-11T14:30:01.000Z","confidence":null,"between":null}],"subtype":"agriculture","class":"meadow","source_tags":[["landuse","meadow"]]}}
{"type":"Feature","geometry":{"type":"Polygon","coordinates":[[[12.1268368,46.5517282],[12.1268034,46.5518035],[12.1268409,46.551916],[12.1268088,46.5520101],[12.1267605,46.5520433],[12.1266183,46.5520839],[12.1265593,46.5521282],[12.1265352,46.5521946],[12.1267042,46.5524251],[12.1266961,46.5524786],[12.1266183,46.5525395],[12.1264976,46.5526096],[12.126613,46.5529656],[12.1265593,46.5529693],[12.1264064,46.5529914],[12.1263555,46.5528512],[12.1262777,46.5526428],[12.1261838,46.5526372],[12.1260121,46.5523993],[12.1258137,46.552438],[12.1257251,46.5523661],[12.1254784,46.5524454],[12.1255079,46.5524934],[12.1256098,46.5524805],[12.1256554,46.5524971],[12.1257332,46.5527627],[12.1256956,46.5528309],[12.1254462,46.5528604],[12.1253416,46.5528752],[12.1252397,46.5529047],[12.1252289,46.55296],[12.1252907,46.5533004],[12.1254033,46.5535023],[12.1255562,46.5535955],[12.1256635,46.5536342],[12.1257305,46.5536591],[12.1258324,46.5536794],[12.1259344,46.5537034],[12.1260846,46.5537329],[12.1262991,46.5538435],[12.1260014,46.5541276],[12.125937,46.5541497],[12.1258378,46.5541756],[12.1257332,46.5541737],[12.1256286,46.5541719],[12.1254086,46.5544485],[12.1252397,46.5544393],[12.1251833,46.5544522],[12.1251217,46.5544928],[12.1249929,46.5545684],[12.1248194,46.5545308],[12.125186,46.5536978],[12.1252102,46.5536296],[12.1252128,46.5535595],[12.1252102,46.5534876],[12.1251592,46.5532552],[12.1251082,46.5529434],[12.1247998,46.5529674],[12.124722,46.5528235],[12.1249151,46.5527553],[12.1248829,46.552711],[12.1246147,46.5527479],[12.1245825,46.552818],[12.1245825,46.5528899],[12.1245986,46.5529619],[12.1246549,46.5531094],[12.1243492,46.5531666],[12.1242526,46.5530246],[12.1242473,46.5529914],[12.1244028,46.5529176],[12.1244913,46.5528789],[12.1244886,46.5527866],[12.1244618,46.5525542],[12.1243975,46.5525081],[12.1243626,46.5524454],[12.1243545,46.5523716],[12.1242553,46.5522259],[12.1241319,46.5521835],[12.1240675,46.5522241],[12.1239656,46.5522462],[12.1237913,46.5521687],[12.1237966,46.5520949],[12.1238771,46.5520101],[12.1238449,46.5519824],[12.1238959,46.5519363],[12.1239133,46.5519437],[12.1240152,46.5518358],[12.1240528,46.5518469],[12.1240689,46.5518561],[12.1240877,46.5518395],[12.1240246,46.5516578],[12.123979,46.5515729],[12.1239187,46.5515407],[12.1238717,46.5515324],[12.1238302,46.5515397],[12.1235244,46.5517196],[12.1236277,46.551786],[12.1236102,46.5518256],[12.1235539,46.551893],[12.1231864,46.5521171],[12.1230644,46.5521152],[12.1229531,46.5521051],[12.1230242,46.5517998],[12.1231019,46.5516283],[12.1231435,46.5515499],[12.1232642,46.5516047],[12.1232903,46.5516278],[12.123348,46.55165],[12.1234285,46.551661],[12.1234674,46.55165],[12.1237531,46.5514692],[12.1238302,46.5514512],[12.1239335,46.5514447],[12.1240246,46.5514697],[12.1240729,46.5515047],[12.1242084,46.5517832],[12.1242486,46.5518395],[12.1243331,46.5518939],[12.1243867,46.5519151],[12.1245664,46.5519363],[12.1246067,46.5519446],[12.1246456,46.5519216],[12.1246979,46.5519243],[12.1247515,46.5519317],[12.1247984,46.5519538],[12.1248266,46.5519787],[12.1252464,46.5519972],[12.1252759,46.5519658],[12.1252732,46.5519299],[12.125296,46.5518976],[12.1253966,46.5518727],[12.1255414,46.5518524],[12.1255937,46.5518911],[12.1256527,46.5519889],[12.1257828,46.5519751],[12.1258526,46.551976],[12.1259075,46.5519243],[12.1258821,46.551892],[12.1258391,46.551869],[12.1257868,46.5518533],[12.1257345,46.5518459],[12.1256943,46.5518183],[12.1256876,46.5517851],[12.1256997,46.5517122],[12.1257493,46.5516993],[12.1258016,46.5516974],[12.1258445,46.5516984],[12.1259116,46.5517307],[12.1260041,46.5517888],[12.1260296,46.5517805],[12.1260993,46.5518708],[12.1261489,46.5518588],[12.1260484,46.5517094],[12.1263729,46.5515748],[12.1264145,46.5515997],[12.1264493,46.5516264],[12.1264735,46.5516596],[12.1265499,46.5517675],[12.1266223,46.5518616],[12.1266398,46.5519151],[12.1266036,46.5519299],[12.1265982,46.5519686],[12.126621,46.551999],[12.126672,46.5519815],[12.1267055,46.5519538],[12.126731,46.5519225],[12.1267296,46.5518681],[12.1267122,46.5518118],[12.1266666,46.5517971],[12.1266358,46.551726],[12.1266532,46.5517057],[12.1266572,46.5516855],[12.1266089,46.5515997],[12.1268368,46.5517282]]]},"properties":{"id":"2caec5a7-0371-30ea-859e-731f68876642","version":0,"sources":[{"property":"","dataset":"OpenStreetMap","license":"ODbL-1.0","record_id":"w424121811@3","update_time":"2024-06-10T23:05:00.000Z","confidence":null,"between":null}],"subtype":"residential","class":"residential","source_tags":[["landuse","residential"]]}}
{"type":"Feature","geometry":{"type":"Polygon","coordinates":[[[12.1269575,46.5517125],[12.1270716,46.5518607],[12.1278426,46.5525997],[12.127907,46.5526883],[12.1279016,46.5528727],[12.1282396,46.5532269],[12.1282396,46.5533929],[12.1279928,46.5536216],[12.1274725,46.5537987],[12.127087,46.5541106],[12.1268551,46.5540631],[12.1264098,46.5540853],[12.1257441,46.5545778],[12.1259,46.5554563],[12.1254369,46.5562324],[12.1248002,46.5561727],[12.1238596,46.557327],[12.123932,46.5578245],[12.1232229,46.5591479],[12.1213851,46.5583221],[12.1216456,46.5575161],[12.1208642,46.5575658],[12.1205314,46.557327],[12.1216022,46.5565907],[12.1214864,46.555317],[12.1207964,46.5551523],[12.1195241,46.5537269],[12.1194722,46.5531308],[12.1188573,46.5530543],[12.1197389,46.5517958],[12.1207466,46.5505577],[12.1203465,46.550415],[12.1199168,46.5507411],[12.1183016,46.5499616],[12.1183164,46.5495845],[12.1194669,46.5496719],[12.1199631,46.5502478],[12.1211689,46.5491667],[12.1211022,46.548489],[12.121117,46.548061],[12.1205243,46.548061],[12.1199983,46.5477297],[12.1208947,46.5475667],[12.1219468,46.5475922],[12.1223226,46.5476406],[12.1222115,46.5477324],[12.1221873,46.5477952],[12.1221927,46.5478357],[12.1222195,46.5479077],[12.1219915,46.5479021],[12.122013,46.5480958],[12.1220237,46.5482028],[12.1221042,46.5482231],[12.122072,46.5482988],[12.1220157,46.5482821],[12.1219808,46.5482988],[12.1218467,46.5485515],[12.1218869,46.548581],[12.1219647,46.5486492],[12.1220317,46.5487046],[12.1221176,46.548747],[12.122198,46.5486972],[12.1221873,46.5486529],[12.122367,46.5485828],[12.122477,46.5487636],[12.1224099,46.5488005],[12.1225199,46.5490182],[12.1224636,46.5490514],[12.1224689,46.5491049],[12.1225172,46.5491713],[12.1225789,46.5492303],[12.1226701,46.549269],[12.1227452,46.5493225],[12.1228418,46.5493391],[12.1229464,46.5493336],[12.1230108,46.5493115],[12.1231341,46.5492672],[12.1231288,46.5492192],[12.1229839,46.5488706],[12.1230912,46.5488282],[12.1231368,46.5487562],[12.1231475,46.5487009],[12.1231127,46.5486308],[12.1231261,46.548557],[12.1231878,46.548498],[12.1230268,46.5483098],[12.122882,46.5483467],[12.1228471,46.5483117],[12.1229759,46.5481825],[12.1228364,46.5480958],[12.122705,46.5480128],[12.1226272,46.5479667],[12.1225494,46.5479169],[12.1224609,46.54788],[12.1224743,46.5478062],[12.1225548,46.5478228],[12.1226862,46.547749],[12.1227828,46.5477066],[12.1230523,46.5476955],[12.1233219,46.5476716],[12.1234104,46.547631],[12.1235311,46.5475517],[12.1237363,46.5473635],[12.1238518,46.5472307],[12.1239348,46.5471062],[12.1239516,46.5469495],[12.1252263,46.5468322],[12.1260549,46.5466462],[12.1261436,46.5466634],[12.1261959,46.5466662],[12.1263595,46.5466865],[12.1263836,46.5468451],[12.1266747,46.5468341],[12.1266773,46.5468544],[12.126617,46.546858],[12.1266304,46.5468931],[12.1266277,46.5469291],[12.126621,46.5469946],[12.1266921,46.5470065],[12.1267658,46.5470093],[12.1267498,46.5470554],[12.1267042,46.5471145],[12.1266465,46.5471569],[12.1265191,46.5470268],[12.1264654,46.547037],[12.1263501,46.5470757],[12.12633,46.5470979],[12.1263286,46.5471145],[12.1263796,46.5472095],[12.1263461,46.5472187],[12.1263206,46.5472104],[12.1262951,46.5471882],[12.1262589,46.5471735],[12.1262428,46.5471882],[12.1262066,46.5471744],[12.1261436,46.5471384],[12.1261007,46.5471818],[12.126153,46.5472251],[12.1261905,46.5472519],[12.1262375,46.5472694],[12.1262871,46.5472805],[12.1263541,46.5473035],[12.1263474,46.5473165],[12.1263018,46.5473358],[12.1261087,46.5473967],[12.1260604,46.5474419],[12.1260135,46.5475018],[12.1258351,46.547417],[12.1256661,46.5476015],[12.1258056,46.5476679],[12.1257707,46.5477177],[12.1258257,46.5477463],[12.1257788,46.5478228],[12.1258244,46.5478533],[12.1258807,46.5478754],[12.1259853,46.5477666],[12.1260349,46.5477924],[12.1260953,46.5478228],[12.1261328,46.5478431],[12.1262535,46.5477979],[12.1262267,46.547773],[12.1263809,46.5476992],[12.1264333,46.5477343],[12.1265499,46.5476752],[12.1265741,46.54769],[12.1265955,46.5476752],[12.1266398,46.5477195],[12.1267042,46.5476882],[12.1267551,46.5477306],[12.1267216,46.5477822],[12.1267565,46.5477942],[12.1268034,46.547749],[12.1269134,46.5476937],[12.1269724,46.5476734],[12.1268503,46.5475249],[12.1268101,46.5475037],[12.1266197,46.5474484],[12.1265298,46.5474198],[12.1264869,46.5473866],[12.1264534,46.5473349],[12.1264815,46.5473137],[12.1265419,46.5472888],[12.1265768,46.547274],[12.1266089,46.5472888],[12.126613,46.5473312],[12.126621,46.547369],[12.1266438,46.5473902],[12.12668,46.5474032],[12.1268865,46.5474354],[12.1269107,46.5473506],[12.1268758,46.5473229],[12.1268249,46.5473128],[12.1268342,46.5472897],[12.1269482,46.547203],[12.1269348,46.547156],[12.1269415,46.5471071],[12.1269616,46.5470739],[12.1269791,46.5470517],[12.1269107,46.5470204],[12.126916,46.5469899],[12.1268637,46.5469844],[12.1268611,46.5468829],[12.1268705,46.5468073],[12.1269093,46.5467354],[12.1270528,46.5467815],[12.1273291,46.5469724],[12.1274793,46.5470757],[12.1275422,46.54735],[12.1272901,46.5475492],[12.1273223,46.5477115],[12.1270809,46.5480878],[12.1267698,46.5487445],[12.1259812,46.5487003],[12.1265659,46.5490434],[12.1266893,46.5497333],[12.1268663,46.5503125],[12.1273867,46.5508917],[12.1274349,46.5510835],[12.1272526,46.5513491],[12.1268824,46.5514045],[12.1269575,46.5517125]]]},"properties":{"id":"4a5c3c36-729e-3278-a189-1a1664527612","version":0,"sources":[{"property":"","dataset":"OpenStreetMap","license":"ODbL-1.0","record_id":"w1288541753@2","update_time":"2024-06-27T19:16:57.000Z","confidence":null,"between":null}],"subtype":"agriculture","class":"meadow","source_tags":[["landuse","meadow"]]}}
{"type":"Feature","geometry":{"type":"Polygon","coordinates":[[[12.1270061,46.5466269],[12.1269491,46.5466908],[12.1269093,46.5467354],[12.1268705,46.5468073],[12.1268611,46.5468829],[12.1268637,46.5469844],[12.126916,46.5469899],[12.1269107,46.5470204],[12.1269791,46.5470517],[12.1269616,46.5470739],[12.1269415,46.5471071],[12.1269348,46.547156],[12.1269482,46.547203],[12.1268342,46.5472897],[12.1268249,46.5473128],[12.1268758,46.5473229],[12.1269107,46.5473506],[12.1268865,46.5474354],[12.12668,46.5474032],[12.1266438,46.5473902],[12.126621,46.547369],[12.126613,46.5473312],[12.1266089,46.5472888],[12.1265768,46.547274],[12.1265419,46.5472888],[12.1264815,46.5473137],[12.1264534,46.5473349],[12.1264869,46.5473866],[12.1265298,46.5474198],[12.1266197,46.5474484],[12.1268101,46.5475037],[12.1268503,46.5475249],[12.1269724,46.5476734],[12.1269134,46.5476937],[12.1268034,46.547749],[12.1267565,46.5477942],[12.1267216,46.5477822],[12.1267551,46.5477306],[12.1267042,46.5476882],[12.1266398,46.5477195],[12.1265955,46.5476752],[12.1265741,46.54769],[12.1265499,46.5476752],[12.1264333,46.5477343],[12.1263809,46.5476992],[12.1262267,46.547773],[12.1262535,46.5477979],[12.1261328,46.5478431],[12.1260953,46.5478228],[12.1260349,46.5477924],[12.1259853,46.5477666],[12.1258807,46.5478754],[12.1258244,46.5478533],[12.1257788,46.5478228],[12.1258257,46.5477463],[12.1257707,46.5477177],[12.1258056,46.5476679],[12.1256661,46.5476015],[12.1258351,46.547417],[12.1260135,46.5475018],[12.1260604,46.5474419],[12.1261087,46.5473967],[12.1263018,46.5473358],[12.1263474,46.5473165],[12.1263541,46.5473035],[12.1262871,46.5472805],[12.1262375,46.5472694],[12.1261905,46.5472519],[12.126153,46.5472251],[12.1261007,46.5471818],[12.1261436,46.5471384],[12.1262066,46.5471744],[12.1262428,46.5471882],[12.1262589,46.5471735],[12.1262951,46.5471882],[12.1263206,46.5472104],[12.1263461,46.5472187],[12.1263796,46.5472095],[12.1263286,46.5471145],[12.12633,46.5470979],[12.1263501,46.5470757],[12.1264654,46.547037],[12.1265191,46.5470268],[12.1266465,46.5471569],[12.1267042,46.5471145],[12.1267498,46.5470554],[12.1267658,46.5470093],[12.1266921,46.5470065],[12.126621,46.5469946],[12.1266277,46.5469291],[12.1266304,46.5468931],[12.126617,46.546858],[12.1266773,46.5468544],[12.1266747,46.5468341],[12.1263836,46.5468451],[12.1263595,46.5466865],[12.1261959,46.5466662],[12.1261436,46.5466634],[12.1260549,46.5466462],[12.1259773,46.5465112],[12.1259697,46.5463651],[12.1262133,46.5463471],[12.1267537,46.546483],[12.1270061,46.5466269]]]},"properties":{"id":"ba8a846e-7950-3297-b507-a2f92b2e578c","version":0,"sources":[{"property":"","dataset":"OpenStreetMap","license":"ODbL-1.0","record_id":"w424121651@3","update_time":"2024-05-31T23:24:43.000Z","confidence":null,"between":null}],"subtype":"residential","class":"residential","source_tags":[["landuse","residential"]]}}
{"type":"Feature","geometry":{"type":"LineString","coordinates":[[12.1210628,46.5438095],[12.1211567,46.5439276],[12.1212747,46.5440826],[12.1213042,46.5441785],[12.1212855,46.5442726],[12.1212372,46.5443833],[12.1211513,46.5445696],[12.121036,46.5447393],[12.120977,46.544909],[12.1209904,46.5450585],[12.1211728,46.5452319],[12.1212781,46.5452805],[12.1214235,46.5452995],[12.1215259,46.5453596],[12.1216075,46.545439],[12.1216583,46.5455252],[12.1216637,46.545658],[12.1216476,46.5458222],[12.1216502,46.5459403],[12.121675,46.5459933],[12.1216924,46.5460164],[12.1217146,46.5460362],[12.1217481,46.5460533],[12.121787,46.5460616],[12.1218353,46.5460634],[12.1218767,46.5460538],[12.1219233,46.5460258],[12.1219513,46.5459822],[12.1219655,46.5459291],[12.1220005,46.5458676],[12.1220383,46.5457722],[12.1220889,46.545713],[12.1221515,46.5456573],[12.1222745,46.5456009],[12.1223999,46.5455367],[12.1226701,46.5454164],[12.1229572,46.5452776],[12.1231516,46.5451959],[12.1233166,46.5451262],[12.1234958,46.5450255],[12.1235716,46.5449335],[12.1235943,46.544869],[12.1235883,46.5448091],[12.1234739,46.5444414],[12.1233945,46.5441882],[12.1234246,46.54407],[12.1234994,46.5440146],[12.1235593,46.5440141],[12.1235858,46.544012],[12.1236438,46.5440116],[12.1236914,46.5440141],[12.1237454,46.5440242],[12.1238382,46.5440466],[12.1239172,46.5440792],[12.1239884,46.5441333],[12.1240434,46.5441997],[12.1240823,46.5442662],[12.1241109,46.544338],[12.1241426,46.5445263],[12.1242018,46.5446123],[12.1242952,46.5446541],[12.1245774,46.5447315],[12.124989,46.5448404],[12.1253111,46.5449461],[12.1255248,46.5451726],[12.1256342,46.545274],[12.1257345,46.545336],[12.1258768,46.5453805],[12.1261065,46.5454295],[12.1264863,46.5455044],[12.1266388,46.5455649],[12.1267034,46.5456176],[12.1267612,46.545713],[12.1267207,46.5459752],[12.1267323,46.5461302],[12.126782,46.5461951],[12.1268338,46.5462163],[12.1269076,46.5462274],[12.1270046,46.5462142],[12.1270981,46.5461602],[12.1271844,46.5460864],[12.1273406,46.5459348],[12.1276314,46.5456271],[12.1277416,46.5455238],[12.1278464,46.5454399],[12.128058,46.5452809],[12.1285753,46.5449123],[12.1287602,46.5448528],[12.1288513,46.5448461],[12.1289442,46.5448547],[12.129019,46.5448772],[12.1291035,46.5449319],[12.1291678,46.545003],[12.1292372,46.5452235],[12.1292707,46.5452854],[12.1293176,46.5453333],[12.129378,46.5453628],[12.1294424,46.5453794],[12.1295188,46.5453841],[12.1296167,46.5453656],[12.1296851,46.5453278],[12.1297267,46.5452817],[12.1298201,46.5450552],[12.1299171,46.5447974],[12.1300379,46.5444866],[12.1301717,46.5441625],[12.1302363,46.5439978],[12.1302723,46.5438794],[12.1302912,46.5437881],[12.1302984,46.5437077],[12.1302815,46.5435558],[12.1302421,46.5430573],[12.1301987,46.5429036],[12.1300831,46.542844],[12.1299618,46.5428083],[12.1298058,46.5428202],[12.1296921,46.5428559],[12.1294911,46.5430185],[12.1293251,46.5431898],[12.1290748,46.5434991],[12.128924,46.5436692],[12.1287812,46.5438504],[12.1284645,46.5443286],[12.1284202,46.5444282],[12.1284065,46.5445147]]},"properties":{"id":"b09d0a14-95b1-3aa5-8c79-1e0b6ec7899c","version":0,"sources":[{"property":"","dataset":"OpenStreetMap","license":"ODbL-1.0","record_id":"w62805200@14","update_time":"2024-05-31T23:24:43.000Z","confidence":null,"between":null}],"subtype":"recreation","class":"track","names":{"primary":"Pista Monti","common":null,"rules":null},"source_tags":[["leisure","track"],["lit","no"],["oneway","yes"],["sport","bobsleigh;sled_run"],["surface","ice"],["wikipedia","it:Pista olimpica Eugenio Monti"]],"wikidata":"Q2372538"}}
{"type":"Feature","geometry":{"type":"Polygon","coordinates":[[[12.1255847,46.545987],[12.1253669,46.5462222],[12.124585,46.5461592],[12.1243082,46.5456361],[12.123576,46.5455907],[12.1233062,46.5451992],[12.1238684,46.5448391],[12.1251306,46.5452066],[12.1255847,46.545987]]]},"properties":{"id":"e299503e-b6d3-3cbd-9e36-dbfdf78b6005","version":0,"sources":[{"property":"","dataset":"OpenStreetMap","license":"ODbL-1.0","record_id":"w666313181@1","update_time":"2019-01-26T16:12:43.000Z","confidence":null,"between":null}],"subtype":"agriculture","class":"meadow","source_tags":[["landuse","meadow"]]}}
{"type":"Feature","geometry":{"type":"LineString","coordinates":[[12.1204989,46.5453198],[12.1216316,46.5459901],[12.1223302,46.5465899],[12.1226012,46.5466631],[12.1227518,46.5465934],[12.1228004,46.5464628],[12.1231407,46.5461996],[12.1233994,46.5460919],[12.1236334,46.546034],[12.1241467,46.5460503],[12.1243573,46.5460581],[12.1245708,46.546177],[12.1246691,46.5463378],[12.1249674,46.5464544],[12.12512,46.5464474],[12.1253335,46.5463917],[12.1257756,46.5462296],[12.1262744,46.5461571],[12.1271659,46.5464945],[12.1272569,46.5466787],[12.1274271,46.5468258],[12.1277368,46.5468791],[12.1279897,46.5468028],[12.1282322,46.5466107],[12.1292022,46.5457298],[12.129553,46.5456622],[12.1298589,46.5456954],[12.1301229,46.5457288],[12.1305609,46.5457747]]},"properties":{"id":"2440f53c-8f7f-3f8a-a512-c469bea1d4de","version":0,"sources":[{"property":"","dataset":"OpenStreetMap","license":"ODbL-1.0","record_id":"w99343073@19","update_time":"2025-02-16T01:29:36.000Z","confidence":null,"between":null}],"subtype":"winter_sports","class":"downhill","names":{"primary":"Taiarezze","common":null,"rules":null},"source_tags":[["piste:difficulty","easy"],["piste:type","downhill"],["ref","96"]]}}
{"type":"Feature","geometry":{"type":"Polygon","coordinates":[[[12.1238518,46.5472307],[12.1237363,46.5473635],[12.1235311,46.5475517],[12.1234104,46.547631],[12.1233219,46.5476716],[12.1230523,46.5476955],[12.1227828,46.5477066],[12.1226862,46.547749],[12.1225548,46.5478228],[12.1224743,46.5478062],[12.1224609,46.54788],[12.1225494,46.5479169],[12.1226272,46.5479667],[12.122705,46.5480128],[12.1228364,46.5480958],[12.1229759,46.5481825],[12.1228471,46.5483117],[12.122882,46.5483467],[12.1230268,46.5483098],[12.1231878,46.548498],[12.1231261,46.548557],[12.1231127,46.5486308],[12.1231475,46.5487009],[12.1231368,46.5487562],[12.1230912,46.5488282],[12.1229839,46.5488706],[12.1231288,46.5492192],[12.1231341,46.5492672],[12.1230108,46.5493115],[12.1229464,46.5493336],[12.1228418,46.5493391],[12.1227452,46.5493225],[12.1226701,46.549269],[12.1225789,46.5492303],[12.1225172,46.5491713],[12.1224689,46.5491049],[12.1224636,46.5490514],[12.1225199,46.5490182],[12.1224099,46.5488005],[12.122477,46.5487636],[12.122367,46.5485828],[12.1221873,46.5486529],[12.122198,46.5486972],[12.1221176,46.548747],[12.1220317,46.5487046],[12.1219647,46.5486492],[12.1218869,46.548581],[12.1218467,46.5485515],[12.1219808,46.5482988],[12.1220157,46.5482821],[12.122072,46.5482988],[12.1221042,46.5482231],[12.1220237,46.5482028],[12.122013,46.5480958],[12.1219915,46.5479021],[12.1222195,46.5479077],[12.1221927,46.5478357],[12.1221873,46.5477952],[12.1222115,46.5477324],[12.1223226,46.5476406],[12.1227113,46.5475486],[12.1228387,46.5472753],[12.1229554,46.5470576],[12.1234171,46.5470776],[12.1236438,46.5471357],[12.1238518,46.5472307]]]},"properties":{"id":"3927265f-b1f9-342e-9318-e5e12a943587","version":0,"sources":[{"property":"","dataset":"OpenStreetMap","license":"ODbL-1.0","record_id":"w424121652@8","update_time":"2024-11-04T21:28:25.000Z","confidence":null,"between":null}],"subtype":"residential","class":"residential","source_tags":[["landuse","residential"]]}}
{"type":"Feature","geometry":{"type":"LineString","coordinates":[[12.103467,46.5437362],[12.1031044,46.5450011],[12.1031692,46.5454568],[12.1042528,46.5462132],[12.1051762,46.5468472],[12.106014,46.547279],[12.1068,46.547768],[12.1074942,46.5478969],[12.108103,46.548114],[12.1084172,46.5484932],[12.1089533,46.5484466],[12.1094893,46.5483679],[12.1104529,46.5479629],[12.1111061,46.5471238],[12.1117852,46.5464233],[12.1121103,46.5458109],[12.1123924,46.5455538],[12.1137495,46.5452037],[12.114123,46.5449508],[12.1143911,46.5443903]]},"properties":{"id":"9771a849-36bc-3475-ae05-86bdeafc4e2d","version":0,"sources":[{"property":"","dataset":"OpenStreetMap","license":"ODbL-1.0","record_id":"w729940966@9","update_time":"2024-05-31T23:24:43.000Z","confidence":null,"between":null}],"subtype":"winter_sports","class":"downhill","names":{"primary":"Col Drusci\u00e8 B","common":null,"rules":null},"source_tags":[["lit","no"],["oneway","yes"],["piste:difficulty","easy"],["piste:grooming","classic"],["piste:type","downhill"],["ref","40"]]}}
{"type":"Feature","geometry":{"type":"LineString","coordinates":[[12.1037059,46.5436407],[12.1038253,46.5434504],[12.1042694,46.5433483],[12.1044199,46.5434219],[12.1044565,46.5435085],[12.1044922,46.5437174],[12.1045494,46.5438738],[12.1046311,46.5440378],[12.1049305,46.5441845],[12.1053181,46.544264],[12.1067293,46.5440308],[12.1081418,46.5440827],[12.1094781,46.5441394],[12.110569,46.5439946],[12.1114093,46.5437749],[12.111738,46.5435808],[12.1120135,46.5433794],[12.1122375,46.5432821],[12.1126987,46.5432922]]},"properties":{"id":"d71f8705-1063-377d-b95e-484b13490bb5","version":0,"sources":[{"property":"","dataset":"OpenStreetMap","license":"ODbL-1.0","record_id":"w99343070@14","update_time":"2023-03-09T19:11:25.000Z","confidence":null,"between":null}],"subtype":"winter_sports","class":"downhill","names":{"primary":"Col Drusci\u00e8 A","common":null,"rules":null},"source_tags":[["oneway","yes"],["piste:difficulty","advanced"],["piste:grooming","classic"],["piste:type","downhill"],["ref","41"]]}}
{"type":"Feature","geometry":{"type":"LineString","coordinates":[[12.1143911,46.5443903],[12.1150907,46.5443774],[12.1157774,46.5442298],[12.1164173,46.5442589],[12.116447,46.5442818],[12.116743,46.5445102],[12.1168771,46.5448054],[12.1176442,46.5450193],[12.1182021,46.545071],[12.1190702,46.5449251],[12.1196262,46.5449094],[12.1197611,46.544932],[12.120193,46.5450044],[12.1204989,46.5453198]]},"properties":{"id":"aef6ce77-f316-35b2-bf36-54dc93e700cb","version":0,"sources":[{"property":"","dataset":"OpenStreetMap","license":"ODbL-1.0","record_id":"w767865776@10","update_time":"2025-02-16T01:29:36.000Z","confidence":null,"between":null}],"subtype":"winter_sports","class":"downhill","names":{"primary":"Taiarezze","common":null,"rules":null},"source_tags":[["oneway","yes"],["piste:difficulty","easy"],["piste:grooming","classic"],["piste:type","downhill"],["ref","96"]]}}
{"type":"Feature","geometry":{"type":"Polygon","coordinates":[[[12.101528,46.5432533],[12.1016102,46.5429302],[12.1019959,46.5426249],[12.1028255,46.541849],[12.1031166,46.5414686],[12.1036478,46.5410531],[12.10423,46.5409931],[12.1044702,46.5413735],[12.1046448,46.5419692],[12.1044411,46.5423546],[12.1047394,46.5425798],[12.1046739,46.5433757],[12.1049785,46.5438512],[12.105309,46.544055],[12.1056928,46.5440765],[12.1061585,46.5438913],[12.1065661,46.5438562],[12.1074757,46.5439013],[12.1083272,46.5438412],[12.1090695,46.5438512],[12.1100155,46.5437661],[12.1106123,46.543596],[12.1115511,46.5432606],[12.1120969,46.5431004],[12.1126354,46.5430103],[12.1140291,46.5425914],[12.1146003,46.5424197],[12.1154809,46.5419542],[12.1153572,46.5416238],[12.1148186,46.5416989],[12.1140982,46.5413435],[12.1132467,46.5413835],[12.1127373,46.5411432],[12.1119513,46.5410932],[12.1117694,46.5408779],[12.1116821,46.5405326],[12.1121624,46.5404274],[12.1126791,46.5404074],[12.1132467,46.5402823],[12.1138071,46.5400971],[12.1149132,46.5403423],[12.1154227,46.5401972],[12.1161577,46.5401771],[12.1161795,46.5398568],[12.1155245,46.5397216],[12.1155609,46.5392811],[12.1155682,46.5387805],[12.1162013,46.5391059],[12.1166962,46.5388556],[12.1169218,46.5389457],[12.1176059,46.5388807],[12.1180935,46.5385903],[12.118581,46.5387105],[12.1193524,46.5389357],[12.1195271,46.539206],[12.1193233,46.5395614],[12.1188503,46.5398368],[12.1182827,46.5399969],[12.1177951,46.540087],[12.1172566,46.5404925],[12.1176059,46.5406677],[12.118028,46.5406227],[12.1183773,46.5404625],[12.1186465,46.5406927],[12.1188867,46.5408629],[12.1196863,46.5411192],[12.1195797,46.5415529],[12.1196119,46.5417263],[12.1198839,46.54193],[12.1201643,46.5422756],[12.1197606,46.5423563],[12.1195692,46.5425667],[12.1193222,46.5430684],[12.1194323,46.5432048],[12.1195427,46.5436029],[12.1196841,46.5442654],[12.1199013,46.5447354],[12.1196841,46.5447224],[12.1196073,46.544478],[12.1195065,46.5441478],[12.1192664,46.5437284],[12.1188487,46.5435699],[12.1186566,46.5433519],[12.1183493,46.5433387],[12.1181045,46.5432726],[12.1179076,46.5429787],[12.1176388,46.5426848],[12.1174035,46.542698],[12.1172258,46.5423381],[12.1172498,46.5421234],[12.1169234,46.5420309],[12.1165153,46.5420144],[12.1162608,46.5420739],[12.1160351,46.5420574],[12.1155838,46.5421069],[12.11495,46.542414],[12.1132655,46.5432387],[12.1128919,46.5432159],[12.1134734,46.5437403],[12.1136722,46.5439856],[12.1135238,46.5443712],[12.1123389,46.5442765],[12.1115419,46.5442307],[12.1109261,46.5443543],[12.110367,46.5444061],[12.1099749,46.5444751],[12.1095923,46.5444918],[12.1090902,46.5444502],[12.1085958,46.5444228],[12.1078371,46.5444793],[12.1077295,46.5444732],[12.1074279,46.5443117],[12.1071127,46.5443005],[12.1068141,46.5442491],[12.1061693,46.5443006],[12.1057785,46.5443249],[12.1052703,46.5444954],[12.1050364,46.544512],[12.1045776,46.54418],[12.1042816,46.5437515],[12.1038495,46.5439166],[12.1038206,46.5441709],[12.1035038,46.5443327],[12.1034173,46.5445341],[12.1032013,46.5449634],[12.1033069,46.5453333],[12.1031581,46.5461192],[12.1028076,46.5463636],[12.102337,46.5468193],[12.1021834,46.5471759],[12.1021228,46.547144],[12.1020202,46.54709],[12.102121,46.546816],[12.1021594,46.5466608],[12.1024523,46.5462084],[12.1028124,46.5457361],[12.1027692,46.5455347],[12.1028076,46.5452441],[12.1029564,46.5451517],[12.1031044,46.5450011],[12.1029564,46.5447884],[12.1031677,46.5444582],[12.1031965,46.5440916],[12.1033261,46.5437284],[12.1032541,46.5433717],[12.1035518,46.5428565],[12.1036766,46.5423612],[12.1041327,46.5419352],[12.1040559,46.5416446],[12.1037678,46.5414596],[12.1036286,46.5415653],[12.1028604,46.5422489],[12.1024379,46.5426782],[12.1020154,46.5429622],[12.101528,46.5432533]]]},"properties":{"id":"c29ee302-cde5-3f72-8e89-a6a14f71a05d","version":0,"sources":[{"property":"","dataset":"OpenStreetMap","license":"ODbL-1.0","record_id":"w424742698@7","update_time":"2023-03-09T19:09:04.000Z","confidence":null,"between":null}],"subtype":"agriculture","class":"meadow","source_tags":[["landuse","meadow"]]}}
{"type":"Feature","geometry":{"type":"Polygon","coordinates":[[[12.1240589,46.5378812],[12.1237071,46.5377199],[12.1234131,46.5379547],[12.1230993,46.5381577],[12.1230161,46.5382407],[12.1229464,46.5383938],[12.1229546,46.5385709],[12.1228734,46.5391447],[12.1226808,46.5391595],[12.12265,46.5392047],[12.1224408,46.5394261],[12.1223523,46.5394648],[12.1222597,46.5395202],[12.1222115,46.5395866],[12.1224073,46.5396567],[12.122312,46.5398283],[12.1221055,46.5400303],[12.1220505,46.5400543],[12.1219446,46.5400561],[12.1217836,46.5400893],[12.1217582,46.5400737],[12.1219553,46.5398218],[12.1222074,46.5394694],[12.1223335,46.5394122],[12.1223335,46.5394003],[12.1222799,46.5393938],[12.1222906,46.539344],[12.1224488,46.5393569],[12.1225749,46.5392093],[12.1226098,46.5391207],[12.1226044,46.5390829],[12.1225883,46.5390488],[12.122481,46.5390202],[12.1224287,46.5390958],[12.1222074,46.5390599],[12.1222275,46.5389796],[12.1223791,46.5389971],[12.1223965,46.538915],[12.1221699,46.5388966],[12.12219,46.5387776],[12.121911,46.538749],[12.1219204,46.5386992],[12.1219459,46.5385654],[12.1220344,46.5384612],[12.1220545,46.538427],[12.1220666,46.538391],[12.1220693,46.5383551],[12.1220559,46.5383182],[12.1220304,46.5382859],[12.1220076,46.5382517],[12.1219178,46.5381844],[12.1218681,46.5381715],[12.1218024,46.5382185],[12.1217756,46.5382499],[12.1217743,46.5382859],[12.1217756,46.5383219],[12.1218158,46.538653],[12.1217944,46.538677],[12.1217675,46.5386973],[12.1217729,46.5388855],[12.1214256,46.5388855],[12.1213679,46.5386493],[12.1215758,46.5386374],[12.1215369,46.5384833],[12.1215141,46.538451],[12.1213639,46.5384593],[12.1212995,46.5384538],[12.1212104,46.5380483],[12.1215409,46.5380174],[12.1216589,46.5379049],[12.1216884,46.537892],[12.1217555,46.5379086],[12.1218762,46.5378938],[12.1219808,46.5377905],[12.1220291,46.5377905],[12.122139,46.5377979],[12.1222383,46.5378661],[12.122308,46.5379123],[12.1222812,46.537999],[12.1223322,46.5380119],[12.122418,46.5379676],[12.1225011,46.538058],[12.1226299,46.5380543],[12.122764,46.5380875],[12.1228927,46.5380027],[12.1231154,46.5378089],[12.12311,46.5377019],[12.1230724,46.5376392],[12.1229893,46.5376134],[12.1230349,46.5375617],[12.1230563,46.5374787],[12.1230979,46.5374086],[12.1232025,46.5373338],[12.1231355,46.5373089],[12.1231087,46.5372776],[12.1231261,46.5372434],[12.123161,46.5372158],[12.1232656,46.5371457],[12.1233943,46.5371004],[12.123456,46.5370949],[12.1235231,46.5370995],[12.123633,46.5370128],[12.1237349,46.5368707],[12.1237417,46.5367923],[12.1237443,46.5367102],[12.1237095,46.5366383],[12.123574,46.5366549],[12.1233407,46.536641],[12.1230268,46.5366097],[12.1226916,46.5365949],[12.1226996,46.536486],[12.1227103,46.5364722],[12.1228686,46.5364731],[12.1228927,46.5364473],[12.1229517,46.5364104],[12.1230577,46.5363477],[12.1239983,46.5362064],[12.1242303,46.5364352],[12.1242312,46.5364916],[12.1248883,46.5371355],[12.1249688,46.5372407],[12.1250197,46.5373385],[12.1250251,46.5374934],[12.1251324,46.5375285],[12.1250465,46.5376447],[12.1249554,46.5376374],[12.124781,46.5378403],[12.1248078,46.5378624],[12.1251045,46.5379494],[12.124958,46.5381484],[12.1247102,46.538374],[12.1245559,46.5382572],[12.1240589,46.5378812]]]},"properties":{"id":"d8bc154a-3fea-30dd-a575-7cb30cea2dab","version":0,"sources":[{"property":"","dataset":"OpenStreetMap","license":"ODbL-1.0","record_id":"w424120113@3","update_time":"2024-05-31T23:24:43.000Z","confidence":null,"between":null}],"subtype":"residential","class":"residential","source_tags":[["landuse","residential"]]}}
{"type":"Feature","geometry":{"type":"Polygon","coordinates":[[[12.1244001,46.5403474],[12.124487,46.5405361],[12.1245047,46.5406281],[12.1244699,46.5407037],[12.1244618,46.5408199],[12.1244699,46.5409085],[12.1242875,46.5409159],[12.1241695,46.5408236],[12.1241051,46.5407867],[12.1240622,46.5407904],[12.1239281,46.5408605],[12.1239254,46.540903],[12.1239951,46.541093],[12.1239147,46.5410819],[12.1238101,46.5410616],[12.1236652,46.5410118],[12.1236062,46.5409528],[12.1237457,46.5407794],[12.1235284,46.5407],[12.1233876,46.5408741],[12.1231949,46.5408229],[12.1232589,46.5410552],[12.1233972,46.5411987],[12.1240565,46.5413205],[12.1239914,46.5422882],[12.1240696,46.543229],[12.1248121,46.5430587],[12.1248584,46.5431722],[12.1244201,46.5433868],[12.1238268,46.5436655],[12.1225968,46.5432574],[12.123523,46.5429489],[12.1233638,46.5419735],[12.1219188,46.5423708],[12.1213234,46.5421914],[12.1210765,46.5424093],[12.1204563,46.5426649],[12.1205411,46.5422776],[12.1205356,46.5419048],[12.1196468,46.5416124],[12.1198862,46.541034],[12.1211353,46.540361],[12.1200836,46.5387514],[12.1205031,46.5386191],[12.1207255,46.5384879],[12.1208718,46.5382673],[12.1209589,46.5381603],[12.1210136,46.5380581],[12.1212104,46.5380483],[12.1212995,46.5384538],[12.1213639,46.5384593],[12.1215141,46.538451],[12.1215369,46.5384833],[12.1215758,46.5386374],[12.1213679,46.5386493],[12.1214256,46.5388855],[12.1217729,46.5388855],[12.1217675,46.5386973],[12.1217944,46.538677],[12.1218158,46.538653],[12.1217756,46.5383219],[12.1217743,46.5382859],[12.1217756,46.5382499],[12.1218024,46.5382185],[12.1218681,46.5381715],[12.1219178,46.5381844],[12.1220076,46.5382517],[12.1220304,46.5382859],[12.1220559,46.5383182],[12.1220693,46.5383551],[12.1220666,46.538391],[12.1220545,46.538427],[12.1220344,46.5384612],[12.1219459,46.5385654],[12.1219204,46.5386992],[12.121911,46.538749],[12.12219,46.5387776],[12.1221699,46.5388966],[12.1223965,46.538915],[12.1223791,46.5389971],[12.1222275,46.5389796],[12.1222074,46.5390599],[12.1224287,46.5390958],[12.122481,46.5390202],[12.1225883,46.5390488],[12.1226044,46.5390829],[12.1226098,46.5391207],[12.1225749,46.5392093],[12.1224488,46.5393569],[12.1222906,46.539344],[12.1222799,46.5393938],[12.1223335,46.5394003],[12.1223335,46.5394122],[12.1222074,46.5394694],[12.1219553,46.5398218],[12.1217582,46.5400737],[12.1217836,46.5400893],[12.1219446,46.5400561],[12.1220505,46.5400543],[12.1221055,46.5400303],[12.122312,46.5398283],[12.1224073,46.5396567],[12.1222115,46.5395866],[12.1222597,46.5395202],[12.1223523,46.5394648],[12.1224408,46.5394261],[12.12265,46.5392047],[12.1226808,46.5391595],[12.1228734,46.5391447],[12.123692,46.5390116],[12.1239602,46.5395725],[12.1243465,46.540126],[12.1244001,46.5403474]]]},"properties":{"id":"5491355e-f32f-3788-950d-6a28e19147ee","version":0,"sources":[{"property":"","dataset":"OpenStreetMap","license":"ODbL-1.0","record_id":"w666313179@2","update_time":"2024-05-31T23:24:43.000Z","confidence":null,"between":null}],"subtype":"agriculture","class":"meadow","source_tags":[["landuse","meadow"]]}}
{"type":"Feature","geometry":{"type":"Polygon","coordinates":[[[12.1293165,46.5450498],[12.1292268,46.5449589],[12.1291423,46.5448823],[12.1290793,46.544839],[12.1290323,46.5448113],[12.1289518,46.544791],[12.1288379,46.5447873],[12.1285804,46.5448473],[12.127938,46.5453288],[12.1278253,46.5453306],[12.1277127,46.5453029],[12.1276081,46.5452605],[12.1274391,46.545159],[12.127338,46.5451521],[12.126789,46.5453173],[12.1266666,46.5452365],[12.1265298,46.5451683],[12.1262535,46.5452513],[12.1261328,46.5452125],[12.1261597,46.5451351],[12.1262509,46.5450631],[12.1262965,46.5449598],[12.126283,46.5448934],[12.1262026,46.5447993],[12.1261167,46.5447476],[12.1260363,46.5447403],[12.1258405,46.5447569],[12.1256769,46.5447274],[12.1256125,46.5446702],[12.1256205,46.5445945],[12.1257573,46.5445134],[12.1258646,46.5444525],[12.125929,46.5443898],[12.1259156,46.5443584],[12.1258646,46.5443547],[12.1257895,46.544399],[12.1256688,46.5444672],[12.1255535,46.5444931],[12.1253228,46.544517],[12.1252558,46.5445097],[12.1251485,46.5444857],[12.1250465,46.5444728],[12.1248829,46.5444746],[12.1247998,46.5444303],[12.1248105,46.5443787],[12.1248534,46.5443012],[12.1249393,46.5441758],[12.1250519,46.5440706],[12.1251914,46.5439987],[12.1253148,46.5439544],[12.125532,46.543899],[12.1258405,46.5438474],[12.1260846,46.5438418],[12.1262804,46.5438252],[12.126385,46.5438234],[12.1264923,46.5438363],[12.1264842,46.5437607],[12.126444,46.5436168],[12.1264064,46.5436057],[12.1263126,46.543674],[12.126165,46.5436352],[12.1260872,46.5435854],[12.1260846,46.5435135],[12.1260899,46.5434397],[12.126039,46.5433733],[12.1259424,46.5433493],[12.1258405,46.5433493],[12.1257386,46.5433714],[12.125634,46.5433696],[12.1255267,46.5433437],[12.1254274,46.5433087],[12.125363,46.5432533],[12.1253094,46.5431888],[12.1252048,46.5431759],[12.1251029,46.5431851],[12.1249983,46.543174],[12.1249285,46.5431205],[12.1248121,46.5430587],[12.1240696,46.543229],[12.1239914,46.5422882],[12.1240565,46.5413205],[12.1233972,46.5411987],[12.1232589,46.5410552],[12.1231949,46.5408229],[12.1233876,46.5408741],[12.1235284,46.5407],[12.1237457,46.5407794],[12.1236062,46.5409528],[12.1236652,46.5410118],[12.1238101,46.5410616],[12.1239147,46.5410819],[12.1239951,46.541093],[12.1239254,46.540903],[12.1239281,46.5408605],[12.1240622,46.5407904],[12.1241051,46.5407867],[12.1241695,46.5408236],[12.1242875,46.5409159],[12.1244699,46.5409085],[12.1244618,46.5408199],[12.1244699,46.5407037],[12.1245047,46.5406281],[12.124487,46.5405361],[12.1246276,46.5405356],[12.1247005,46.5405967],[12.1248266,46.5406705],[12.1251002,46.5408107],[12.1252048,46.5408347],[12.1254382,46.5408845],[12.1254891,46.5408882],[12.1255508,46.5408495],[12.1256688,46.5409085],[12.1257761,46.5408163],[12.1259263,46.5408845],[12.1259639,46.540855],[12.1260685,46.5409159],[12.1261758,46.5408901],[12.1262401,46.5408864],[12.1263018,46.5409952],[12.1263635,46.5410893],[12.126385,46.5411207],[12.1264695,46.5412194],[12.1265218,46.5412719],[12.1266358,46.5413347],[12.1267685,46.5414186],[12.1268772,46.5415007],[12.1269335,46.5413734],[12.1269563,46.5413623],[12.1271065,46.5413965],[12.1271306,46.5412563],[12.1271816,46.541247],[12.1272326,46.541248],[12.1273117,46.5412784],[12.1273425,46.541319],[12.1272191,46.5416797],[12.1273801,46.5417738],[12.1274351,46.5418134],[12.1274565,46.5418097],[12.1274605,46.5417913],[12.1274364,46.5417525],[12.1274123,46.5417562],[12.1273921,46.5417415],[12.1273573,46.5416243],[12.1273774,46.5416123],[12.1274833,46.5415976],[12.1276885,46.5415828],[12.1277945,46.5415773],[12.1278843,46.5415653],[12.1280064,46.5415681],[12.128001,46.5415007],[12.1280667,46.5414896],[12.1280332,46.5414527],[12.1280104,46.5414195],[12.1279997,46.5413845],[12.1279822,46.541354],[12.1278588,46.5412166],[12.1276778,46.5412424],[12.1276657,46.5412065],[12.1276376,46.5411465],[12.1276389,46.5411114],[12.1276832,46.5410902],[12.1277328,46.5410792],[12.1277851,46.5410773],[12.127887,46.5410662],[12.1279648,46.5410773],[12.1280238,46.541105],[12.128056,46.5411336],[12.1281727,46.5411327],[12.1281727,46.5411982],[12.1281727,46.5412618],[12.1282947,46.5412821],[12.1283108,46.5412166],[12.1283631,46.5412175],[12.1284074,46.5410875],[12.1284409,46.5410598],[12.1284905,46.5410459],[12.1285361,46.5410386],[12.1286447,46.5410515],[12.1286756,46.5409491],[12.1286917,46.540867],[12.1288392,46.5408734],[12.12887,46.5408153],[12.1290001,46.5408144],[12.1290779,46.5405902],[12.1288526,46.5405561],[12.1289451,46.5403006],[12.1289733,46.5402397],[12.1290229,46.5402277],[12.1290752,46.5402259],[12.1291262,46.5402351],[12.1291812,46.5402526],[12.1292227,46.5402812],[12.1292335,46.540344],[12.1293153,46.5403735],[12.129271,46.5404786],[12.1293046,46.5404823],[12.1293448,46.5404593],[12.1293743,46.5404279],[12.1293971,46.5403956],[12.1294212,46.5403633],[12.1294561,46.5403356],[12.129499,46.5403209],[12.1293327,46.5402766],[12.129271,46.540248],[12.1292375,46.5402194],[12.1292818,46.5400903],[12.1295245,46.5401207],[12.1296318,46.5401401],[12.1296506,46.5401078],[12.1296546,46.5400727],[12.1296412,46.5400377],[12.1295956,46.5399759],[12.1294937,46.5398864],[12.1293958,46.5399344],[12.1293555,46.5399602],[12.1293099,46.5399823],[12.129259,46.5399916],[12.1291946,46.5400045],[12.1289773,46.5399519],[12.1289197,46.5400912],[12.1288861,46.5401761],[12.1288352,46.5401908],[12.1287842,46.5401798],[12.1287346,46.5401631],[12.1286984,46.5401355],[12.1286769,46.5400681],[12.1286568,46.5400571],[12.1285978,46.540046],[12.128634,46.5398892],[12.1285871,46.5398753],[12.1285562,46.5399058],[12.1285361,46.539939],[12.128469,46.5400801],[12.1284476,46.5400903],[12.1282504,46.5400183],[12.128233,46.5399833],[12.1282411,46.5399464],[12.1283068,46.5398412],[12.1283242,46.5397776],[12.1283349,46.5397222],[12.1283886,46.5397314],[12.12841,46.5396263],[12.1284127,46.5394455],[12.1284208,46.5393901],[12.1283837,46.5392485],[12.1290401,46.5391397],[12.1297632,46.5391576],[12.1300916,46.5391987],[12.1304029,46.5392822],[12.1306041,46.5394141],[12.1308217,46.5397032],[12.1307664,46.5397729],[12.1306886,46.5399279],[12.1306551,46.5401371],[12.1307355,46.5403403],[12.1308092,46.5404806],[12.1308884,46.5406069],[12.1309206,46.5407],[12.1308923,46.5408593],[12.1306973,46.5410894],[12.1305411,46.5410503],[12.130649,46.5407435],[12.1304031,46.5408029],[12.1301673,46.5405479],[12.1299047,46.540638],[12.1297164,46.540766],[12.1296348,46.5409953],[12.1296729,46.5411865],[12.129405,46.5413486],[12.1296799,46.5414403],[12.1298958,46.5416427],[12.1291637,46.5418291],[12.1291611,46.5418845],[12.1292898,46.5419435],[12.1293488,46.5419582],[12.1294078,46.542163],[12.130228,46.5422193],[12.1306902,46.5428405],[12.1306363,46.5428346],[12.1303211,46.542841],[12.1301669,46.5428438],[12.130022,46.5427986],[12.1298544,46.5427986],[12.1296978,46.5428332],[12.1295523,46.5429277],[12.1292574,46.5432371],[12.1293208,46.5432592],[12.1287684,46.5440322],[12.1286514,46.5441296],[12.1285978,46.5442551],[12.1286166,46.5443399],[12.1286756,46.5444165],[12.1287323,46.544471],[12.1290795,46.5445855],[12.1293917,46.5447569],[12.1294094,46.544844],[12.1293165,46.5450498]]]},"properties":{"id":"6a5f0158-45f0-3727-9c87-5afc9d5f9817","version":0,"sources":[{"property":"","dataset":"OpenStreetMap","license":"ODbL-1.0","record_id":"w424120991@6","update_time":"2024-05-31T23:24:43.000Z","confidence":null,"between":null}],"subtype":"residential","class":"residential","source_tags":[["landuse","residential"]]}}
{"type":"Feature","geometry":{"type":"Polygon","coordinates":[[[12.1241413,46.5394279],[12.1240877,46.5393661],[12.1239991,46.5392508],[12.1239455,46.5391512],[12.1241698,46.5390273],[12.1240877,46.538975],[12.1242606,46.538835],[12.1243304,46.5388634],[12.1243384,46.5388864],[12.124541,46.538879],[12.1245758,46.5387905],[12.1246402,46.5387868],[12.124785,46.5387979],[12.1247797,46.5388689],[12.1249554,46.5388726],[12.1249741,46.5388016],[12.1250358,46.5388062],[12.1250305,46.5387674],[12.1250734,46.5387471],[12.1252035,46.5387453],[12.1252035,46.5386853],[12.1252209,46.5386069],[12.1252571,46.5385765],[12.1253939,46.5385488],[12.1254744,46.5384713],[12.1255039,46.5384704],[12.1256152,46.5383108],[12.1256782,46.5382471],[12.1257801,46.5380608],[12.1258338,46.5379778],[12.1257734,46.537975],[12.1256031,46.5379861],[12.125579,46.5379768],[12.1255374,46.5379565],[12.125697,46.5377767],[12.1256568,46.537749],[12.1255763,46.5377176],[12.1256165,46.5376503],[12.1255012,46.5375821],[12.125642,46.5374492],[12.1259424,46.5375451],[12.1258378,46.5376816],[12.1260175,46.5377591],[12.1261463,46.5376577],[12.1262214,46.5376503],[12.1263581,46.5377019],[12.1264842,46.5377444],[12.1265727,46.5377296],[12.1266586,46.5377536],[12.1267685,46.5377997],[12.1268678,46.5378163],[12.1269429,46.5378994],[12.126959,46.5379492],[12.1268544,46.5379436],[12.1267498,46.5378827],[12.1266183,46.5378606],[12.1265835,46.5379584],[12.1267524,46.5379879],[12.1267685,46.5380636],[12.126672,46.538272],[12.1266076,46.5384123],[12.1267793,46.5384344],[12.1267873,46.5385267],[12.1267632,46.5386152],[12.1265325,46.5386115],[12.1264949,46.5386816],[12.1263528,46.5386374],[12.1261865,46.5389123],[12.1260055,46.539231],[12.1248721,46.5394102],[12.1241413,46.5394279]]]},"properties":{"id":"e7bb3631-7d1c-3595-9b06-b343d1bc34c2","version":0,"sources":[{"property":"","dataset":"OpenStreetMap","license":"ODbL-1.0","record_id":"w424119914@3","update_time":"2024-05-31T23:24:43.000Z","confidence":null,"between":null}],"subtype":"residential","class":"residential","source_tags":[["landuse","residential"]]}}
{"type":"Feature","geometry":{"type":"Polygon","coordinates":[[[12.1288221,46.5393275],[12.1287286,46.5393461],[12.1287035,46.5393184],[12.1285236,46.5393298],[12.1284782,46.5392764],[12.1286088,46.5392268],[12.1288102,46.5393089],[12.1288221,46.5393275]]]},"properties":{"id":"900753b1-95e0-3d71-b700-52dea336ca75","version":0,"sources":[{"property":"","dataset":"OpenStreetMap","license":"ODbL-1.0","record_id":"w112800542@1","update_time":"2024-05-31T23:24:42.000Z","confidence":null,"between":null}],"subtype":"construction","class":"construction","source_tags":[["landuse","construction"]]}}
{"type":"Feature","geometry":{"type":"Polygon","coordinates":[[[12.1218842,46.5334324],[12.1220947,46.5334917],[12.1222734,46.5335082],[12.1233156,46.5338757],[12.1241493,46.534951],[12.1241127,46.5350785],[12.1238693,46.535926],[12.1231579,46.5362314],[12.1218045,46.5363221],[12.1217085,46.5354973],[12.121329,46.5354437],[12.1214325,46.5349659],[12.1216612,46.5348256],[12.1217914,46.5344582],[12.1210228,46.534028],[12.1212803,46.5336188],[12.1205062,46.5333527],[12.1201936,46.5329763],[12.1207021,46.5324338],[12.1213492,46.5328652],[12.1218842,46.5334324]]]},"properties":{"id":"9fe08a65-aa3c-30d1-8ab7-9596327784da","version":0,"sources":[{"property":"","dataset":"OpenStreetMap","license":"ODbL-1.0","record_id":"w424118721@4","update_time":"2024-06-10T22:25:36.000Z","confidence":null,"between":null}],"subtype":"residential","class":"residential","names":{"primary":"Lacedel","common":[["lld","Lazedel"]],"rules":[{"variant":"official","language":null,"perspectives":null,"value":"Frazione Lacedel","between":null,"side":null}]},"source_tags":[["landuse","residential"],["official_name","Frazione Lacedel"],["place","hamlet"]]}}
{"type":"Feature","geometry":{"type":"LineString","coordinates":[[12.1174299,46.5345412],[12.1192242,46.5342392],[12.120048,46.5348926]]},"properties":{"id":"f0c6a720-aaf7-3cec-9af3-e0d7226aa958","version":0,"sources":[{"property":"","dataset":"OpenStreetMap","license":"ODbL-1.0","record_id":"w1421300832@1","update_time":"2025-08-10T07:07:00.000Z","confidence":null,"between":null}],"subtype":"winter_sports","class":"downhill","source_tags":[["piste:difficulty","easy"],["piste:type","downhill"]]}}
{"type":"Feature","geometry":{"type":"LineString","coordinates":[[12.1161831,46.5330683],[12.1161827,46.5332505],[12.1179019,46.5336538],[12.1190567,46.5337935],[12.1198422,46.5336407],[12.1203659,46.5337634],[12.1212935,46.5343197],[12.1212548,46.5351152]]},"properties":{"id":"aadd8141-f4e4-3939-8db1-275aa51d5b02","version":0,"sources":[{"property":"","dataset":"OpenStreetMap","license":"ODbL-1.0","record_id":"w242948010@6","update_time":"2020-09-28T09:26:34.000Z","confidence":null,"between":null}],"subtype":"winter_sports","class":"downhill","names":{"primary":"Baby Socrepes - Campo scuola","common":null,"rules":null},"source_tags":[["piste:difficulty","novice"],["piste:grooming","classic"],["piste:type","downhill"]]}}
{"type":"Feature","geometry":{"type":"LineString","coordinates":[[12.1203659,46.5337634],[12.12034,46.5337907],[12.1202787,46.5338552]]},"properties":{"id":"8cc25325-971a-3e34-9941-1bc8f7f241f1","version":0,"sources":[{"property":"","dataset":"OpenStreetMap","license":"ODbL-1.0","record_id":"w243086800@3","update_time":"2025-08-10T07:07:00.000Z","confidence":null,"between":null}],"subtype":"winter_sports","class":"downhill","names":{"primary":"Campo scuola","common":null,"rules":null},"source_tags":[["piste:difficulty","novice"],["piste:type","downhill"]]}}
{"type":"Feature","geometry":{"type":"LineString","coordinates":[[12.1179019,46.5336538],[12.1192242,46.5342392],[12.1203564,46.5339963],[12.1204178,46.5338467],[12.12034,46.5337907]]},"properties":{"id":"d810c863-f785-3358-87b7-f4940f2a16cc","version":0,"sources":[{"property":"","dataset":"OpenStreetMap","license":"ODbL-1.0","record_id":"w1421300833@1","update_time":"2025-08-10T07:07:00.000Z","confidence":null,"between":null}],"subtype":"winter_sports","class":"downhill","source_tags":[["piste:difficulty","novice"],["piste:type","downhill"]]}}
{"type":"Feature","geometry":{"type":"Polygon","coordinates":[[[12.1255974,46.5347435],[12.1245271,46.5344313],[12.1241882,46.534176],[12.1238366,46.5335351],[12.1253738,46.5335172],[12.1267547,46.5343417],[12.1262876,46.5346679],[12.1259411,46.5346575],[12.1255974,46.5347435]]]},"properties":{"id":"1d9e00ab-deb2-3994-9e2b-ad0a0ea35064","version":0,"sources":[{"property":"","dataset":"OpenStreetMap","license":"ODbL-1.0","record_id":"w424118720@2","update_time":"2024-06-14T13:35:48.000Z","confidence":null,"between":null}],"subtype":"residential","class":"residential","names":{"primary":"Meleres","common":null,"rules":[{"variant":"official","language":null,"perspectives":null,"value":"Localit\u00e0 Meleres","between":null,"side":null}]},"source_tags":[["landuse","residential"],["official_name","Localit\u00e0 Meleres"],["place","hamlet"]]}}
{"type":"Feature","geometry":{"type":"Polygon","coordinates":[[[12.1272281,46.5319636],[12.1264074,46.5325551],[12.1259124,46.5317217],[12.1266289,46.5312646],[12.1260948,46.5301533],[12.1265637,46.52975],[12.1287262,46.5298486],[12.1292603,46.5305924],[12.1293806,46.5310683],[12.1290909,46.5314976],[12.1283614,46.5315066],[12.1272281,46.5319636]]]},"properties":{"id":"7706e2cd-0023-3eab-bd67-38f40aa0a056","version":0,"sources":[{"property":"","dataset":"OpenStreetMap","license":"ODbL-1.0","record_id":"w424118718@2","update_time":"2024-07-30T08:32:21.000Z","confidence":null,"between":null}],"subtype":"residential","class":"residential","names":{"primary":"Mortisa","common":[["lld","Mortija"]],"rules":null},"source_tags":[["landuse","residential"],["place","hamlet"]]}}
{"type":"Feature","geometry":{"type":"Polygon","coordinates":[[[12.1209945,46.5322419],[12.121353,46.5317396],[12.1215223,46.5303057],[12.1221216,46.5293646],[12.1232419,46.5291764],[12.1240886,46.5292929],[12.124297,46.5296783],[12.1234764,46.5304042],[12.1229032,46.5305028],[12.122812,46.5312377],[12.1234894,46.5316141],[12.1216656,46.5326626],[12.1215025,46.5327597],[12.1213814,46.5327213],[12.1210903,46.532578],[12.1209945,46.5322419]]]},"properties":{"id":"37de16dc-ab37-356d-b4c5-59c3823e756d","version":0,"sources":[{"property":"","dataset":"OpenStreetMap","license":"ODbL-1.0","record_id":"w424118719@3","update_time":"2024-06-05T14:26:11.000Z","confidence":null,"between":null}],"subtype":"residential","class":"residential","names":{"primary":"Col","common":null,"rules":[{"variant":"official","language":null,"perspectives":null,"value":"Frazione Col","between":null,"side":null}]},"source_tags":[["landuse","residential"],["official_name","Frazione Col"],["place","hamlet"]]}}
{"type":"Feature","geometry":{"type":"LineString","coordinates":[[12.120755,46.5325673],[12.1209779,46.5325844]]},"properties":{"id":"f0f30e86-4b04-3440-948c-64d456196fbf","version":0,"sources":[{"property":"","dataset":"OpenStreetMap","license":"ODbL-1.0","record_id":"w1054635831@2","update_time":"2023-03-03T17:30:04.000Z","confidence":null,"between":null}],"subtype":"winter_sports","class":"downhill","source_tags":[["abandoned","yes"],["piste:difficulty","easy"],["piste:type","downhill"]]}}
{"type":"Feature","geometry":{"type":"LineString","coordinates":[[12.1128553,46.528113],[12.1140485,46.5287469],[12.1159083,46.5296036],[12.11738,46.5309165],[12.11945,46.5322293],[12.1195438,46.5323584],[12.1204526,46.5336088],[12.1203659,46.5337634]]},"properties":{"id":"5a94863c-865c-3896-8b9a-b51f36e5b03d","version":0,"sources":[{"property":"","dataset":"OpenStreetMap","license":"ODbL-1.0","record_id":"w1239282294@1","update_time":"2024-01-13T03:49:47.000Z","confidence":null,"between":null}],"subtype":"winter_sports","class":"downhill","names":{"primary":"(not marked) ex blue piste","common":null,"rules":null},"source_tags":[["piste:difficulty","freeride"],["piste:type","downhill"]]}}
{"type":"Feature","geometry":{"type":"LineString","coordinates":[[12.1128553,46.528113],[12.1131267,46.5292365],[12.1155202,46.5308275],[12.118415,46.5322961],[12.1195438,46.5323584],[12.1208628,46.5325152]]},"properties":{"id":"141c9e86-0753-3ea8-8879-268fda18e1d8","version":0,"sources":[{"property":"","dataset":"OpenStreetMap","license":"ODbL-1.0","record_id":"w1239282295@1","update_time":"2024-01-13T03:49:47.000Z","confidence":null,"between":null}],"subtype":"winter_sports","class":"downhill","names":{"primary":"(not marked) ex blue piste","common":null,"rules":null},"source_tags":[["piste:difficulty","freeride"],["piste:type","downhill"]]}}
{"type":"Feature","geometry":{"type":"LineString","coordinates":[[12.1114538,46.5289769],[12.1131267,46.5292365]]},"properties":{"id":"7631a463-d9af-39ab-8184-11050cc0b50e","version":0,"sources":[{"property":"","dataset":"OpenStreetMap","license":"ODbL-1.0","record_id":"w1239282296@1","update_time":"2024-01-13T03:49:47.000Z","confidence":null,"between":null}],"subtype":"winter_sports","class":"downhill","names":{"primary":"(not marked) ex blue piste","common":null,"rules":null},"source_tags":[["piste:difficulty","freeride"],["piste:type","downhill"]]}}
{"type":"Feature","geometry":{"type":"LineString","coordinates":[[12.104892,46.5323912],[12.1048044,46.5323508],[12.104817,46.532267],[12.1052385,46.5319455],[12.1066097,46.5314291],[12.1087803,46.5318828],[12.1107234,46.5321885],[12.1136086,46.5329248],[12.1160372,46.5332434],[12.1161827,46.5332505]]},"properties":{"id":"956d6090-7c1a-376a-8c07-0993d651bd21","version":0,"sources":[{"property":"","dataset":"OpenStreetMap","license":"ODbL-1.0","record_id":"w242948011@5","update_time":"2025-02-16T01:29:36.000Z","confidence":null,"between":null}],"subtype":"winter_sports","class":"downhill","names":{"primary":"Redonce","common":null,"rules":null},"source_tags":[["piste:difficulty","easy"],["piste:type","downhill"],["ref","26"]]}}
{"type":"Feature","geometry":{"type":"LineString","coordinates":[[12.104892,46.5323912],[12.1048044,46.5323983],[12.1047374,46.5324511],[12.1046327,46.5326223],[12.1047306,46.5328005],[12.1055731,46.5333543],[12.1065953,46.5337898],[12.1071737,46.5339102],[12.1076202,46.5339357],[12.1078366,46.5339504],[12.1080593,46.5339525],[12.1085019,46.5339356],[12.1093439,46.5336748],[12.1098399,46.5336996],[12.110012,46.5336871],[12.1100638,46.5336007]]},"properties":{"id":"2c58028e-38c3-34b2-843d-0e45a91ea6f2","version":0,"sources":[{"property":"","dataset":"OpenStreetMap","license":"ODbL-1.0","record_id":"w242948012@8","update_time":"2023-03-03T17:30:04.000Z","confidence":null,"between":null}],"subtype":"winter_sports","class":"downhill","names":{"primary":"Socrepes","common":null,"rules":null},"source_tags":[["piste:difficulty","easy"],["piste:type","downhill"]]}}
{"type":"Feature","geometry":{"type":"LineString","coordinates":[[12.1066097,46.5314291],[12.106906,46.5319676],[12.1073449,46.5324521],[12.1082227,46.5332877],[12.1089451,46.5339837]]},"properties":{"id":"dbd6b619-8f0d-39e7-84ab-32c2ae1714c0","version":0,"sources":[{"property":"","dataset":"OpenStreetMap","license":"ODbL-1.0","record_id":"w1151018991@2","update_time":"2023-03-09T19:09:04.000Z","confidence":null,"between":null}],"subtype":"winter_sports","class":"downhill","names":{"primary":"Redonce","common":null,"rules":null},"source_tags":[["piste:difficulty","easy"],["piste:type","downhill"]]}}
{"type":"Feature","geometry":{"type":"LineString","coordinates":[[12.1078763,46.5337865],[12.107658,46.5337715],[12.1075889,46.5338443],[12.1076202,46.5339357]]},"properties":{"id":"59a280ec-ad70-3b81-9ed1-6f3721791c14","version":0,"sources":[{"property":"","dataset":"OpenStreetMap","license":"ODbL-1.0","record_id":"w1017119152@1","update_time":"2021-12-31T11:24:35.000Z","confidence":null,"between":null}],"subtype":"winter_sports","class":"downhill","source_tags":[["piste:difficulty","easy"],["piste:type","downhill"]]}}
{"type":"Feature","geometry":{"type":"LineString","coordinates":[[12.1089451,46.5339837],[12.108675,46.5340308],[12.1085623,46.5340747]]},"properties":{"id":"4606a195-4c6f-3ded-9c2b-0f049748205a","version":0,"sources":[{"property":"","dataset":"OpenStreetMap","license":"ODbL-1.0","record_id":"w863731621@4","update_time":"2023-03-09T19:09:04.000Z","confidence":null,"between":null}],"subtype":"winter_sports","class":"connection","source_tags":[["piste:difficulty","easy"],["piste:type","connection"]]}}
{"type":"Feature","geometry":{"type":"LineString","coordinates":[[12.1089451,46.5339837],[12.1093242,46.5349089],[12.109983,46.535375],[12.1103093,46.5355878],[12.1105002,46.5356428],[12.1117075,46.5360192],[12.1124477,46.5361046],[12.1133169,46.5361114],[12.1159127,46.5356122],[12.118267,46.5352168],[12.1206323,46.5352779],[12.1212548,46.5351152]]},"properties":{"id":"e49ed5ff-d35b-39d1-a0d1-6084a2c1321f","version":0,"sources":[{"property":"","dataset":"OpenStreetMap","license":"ODbL-1.0","record_id":"w243086805@6","update_time":"2025-02-16T01:29:36.000Z","confidence":null,"between":null}],"subtype":"winter_sports","class":"downhill","names":{"primary":"San Zan","common":null,"rules":null},"source_tags":[["piste:difficulty","easy"],["piste:type","downhill"],["ref","28"]]}}
{"type":"Feature","geometry":{"type":"LineString","coordinates":[[12.1085019,46.5339356],[12.1089451,46.5339837],[12.1106727,46.534168],[12.1121969,46.534037],[12.1148751,46.534314],[12.1174299,46.5345412],[12.1177501,46.5345697],[12.1196124,46.5348122],[12.120048,46.5348926],[12.1212548,46.5351152]]},"properties":{"id":"5b9bc5d4-91bd-368d-a091-25e1393ecc34","version":0,"sources":[{"property":"","dataset":"OpenStreetMap","license":"ODbL-1.0","record_id":"w243086803@6","update_time":"2025-08-10T07:07:00.000Z","confidence":null,"between":null}],"subtype":"winter_sports","class":"downhill","names":{"primary":"Roncato","common":null,"rules":null},"source_tags":[["piste:difficulty","easy"],["piste:type","downhill"],["ref","27"]]}}
{"type":"Feature","geometry":{"type":"Polygon","coordinates":[[[12.1136908,46.5382022],[12.1126642,46.538198],[12.1125583,46.5375744],[12.1131543,46.5375554],[12.1132717,46.5372665],[12.1137304,46.5369564],[12.1147529,46.5373644],[12.1148238,46.5376149],[12.1143752,46.5378839],[12.1139251,46.5381537],[12.1136908,46.5382022]]]},"properties":{"id":"a8ad3834-564b-3405-b283-ec56ef3685f9","version":0,"sources":[{"property":"","dataset":"OpenStreetMap","license":"ODbL-1.0","record_id":"w424120114@3","update_time":"2024-06-12T07:47:01.000Z","confidence":null,"between":null}],"subtype":"residential","class":"residential","names":{"primary":"Colfiere","common":null,"rules":[{"variant":"official","language":null,"perspectives":null,"value":"Localit\u00e0 Colfiere","between":null,"side":null}]},"source_tags":[["landuse","residential"],["official_name","Localit\u00e0 Colfiere"],["place","hamlet"]]}}
{"type":"Feature","geometry":{"type":"Polygon","coordinates":[[[12.1131647,46.5380255],[12.1132598,46.5377064],[12.1134926,46.5377394],[12.1133976,46.5380586],[12.1131647,46.5380255]]]},"properties":{"id":"7457427a-7446-3fb5-93ea-4c5853a15c79","version":0,"sources":[{"property":"","dataset":"OpenStreetMap","license":"ODbL-1.0","record_id":"w200799787@2","update_time":"2015-04-08T16:34:45.000Z","confidence":null,"between":null}],"subtype":"recreation","class":"pitch","source_tags":[["leisure","pitch"],["sport","tennis"]]}}
{"type":"Feature","geometry":{"type":"Polygon","coordinates":[[[12.1201936,46.5329763],[12.1205062,46.5333527],[12.1212803,46.5336188],[12.1210228,46.534028],[12.1217914,46.5344582],[12.1216612,46.5348256],[12.1214325,46.5349659],[12.121329,46.5354437],[12.1217085,46.5354973],[12.1218045,46.5363221],[12.1231579,46.5362314],[12.1238693,46.535926],[12.1239983,46.5362064],[12.1230577,46.5363477],[12.1229517,46.5364104],[12.1228927,46.5364473],[12.1228686,46.5364731],[12.1227103,46.5364722],[12.1226996,46.536486],[12.1226916,46.5365949],[12.1230268,46.5366097],[12.1233407,46.536641],[12.123574,46.5366549],[12.1237095,46.5366383],[12.1237443,46.5367102],[12.1237417,46.5367923],[12.1237349,46.5368707],[12.123633,46.5370128],[12.1235231,46.5370995],[12.123456,46.5370949],[12.1233943,46.5371004],[12.1232656,46.5371457],[12.123161,46.5372158],[12.1231261,46.5372434],[12.1231087,46.5372776],[12.1231355,46.5373089],[12.1232025,46.5373338],[12.1230979,46.5374086],[12.1230563,46.5374787],[12.1230349,46.5375617],[12.1229893,46.5376134],[12.1230724,46.5376392],[12.12311,46.5377019],[12.1231154,46.5378089],[12.1228927,46.5380027],[12.122764,46.5380875],[12.1226299,46.5380543],[12.1225011,46.538058],[12.122418,46.5379676],[12.1223322,46.5380119],[12.1222812,46.537999],[12.122308,46.5379123],[12.1222383,46.5378661],[12.122139,46.5377979],[12.1220291,46.5377905],[12.1219808,46.5377905],[12.1218762,46.5378938],[12.1217555,46.5379086],[12.1216884,46.537892],[12.1216589,46.5379049],[12.1215409,46.5380174],[12.1212104,46.5380483],[12.1210136,46.5380581],[12.1210687,46.5377324],[12.1207046,46.5373325],[12.1199215,46.5370791],[12.1184665,46.5370048],[12.1182298,46.5368285],[12.1178956,46.5369756],[12.1171984,46.5369769],[12.1170589,46.5368994],[12.1168819,46.5368514],[12.1166539,46.5368828],[12.1164688,46.536964],[12.1159163,46.5373219],[12.1156699,46.5372239],[12.1157094,46.5370444],[12.1159388,46.5367506],[12.1162235,46.5365547],[12.1165952,46.5364296],[12.1169511,46.5364187],[12.1172279,46.5365003],[12.1174493,46.5364459],[12.1174889,46.5363154],[12.1175759,46.5360542],[12.1178527,46.5358965],[12.1181295,46.5358094],[12.1178052,46.535706],[12.117133,46.5356244],[12.1169669,46.535755],[12.116785,46.5360379],[12.1165319,46.5361413],[12.1163342,46.536299],[12.116097,46.5364296],[12.1158834,46.5363045],[12.1159467,46.5361358],[12.1162393,46.53594],[12.1159783,46.5358584],[12.1156145,46.5359509],[12.1152349,46.5360923],[12.1145785,46.5362338],[12.1145706,46.5366146],[12.114452,46.536669],[12.1143412,46.5365221],[12.1143096,46.5362066],[12.1139142,46.5362827],[12.1131945,46.5362229],[12.1126725,46.5363752],[12.1121506,46.5362773],[12.1120715,46.5364133],[12.1120952,46.5365275],[12.1119291,46.5365003],[12.1114942,46.5363154],[12.1113439,46.536397],[12.1113439,46.5364731],[12.1114625,46.5365602],[12.1118105,46.5366962],[12.1120003,46.5367832],[12.1118105,46.536805],[12.1114704,46.5368866],[12.1112411,46.5368322],[12.1108377,46.5368322],[12.1107112,46.5369192],[12.1105968,46.537072],[12.1113424,46.5372344],[12.1111976,46.5374078],[12.1107524,46.5372159],[12.1105861,46.5372602],[12.1105056,46.5373894],[12.1103715,46.5373672],[12.1102427,46.5373746],[12.1101408,46.5374373],[12.1101054,46.5375897],[12.1097573,46.5375649],[12.1077198,46.5371269],[12.10662,46.5372622],[12.1064271,46.5376953],[12.1063714,46.5378203],[12.1062128,46.5381764],[12.1061801,46.5382497],[12.104814,46.5387487],[12.1045092,46.5379793],[12.1041544,46.5379405],[12.10334,46.5378516],[12.1030755,46.5382226],[12.1027151,46.5380217],[12.10309,46.537711],[12.1028047,46.537232],[12.1022368,46.5375441],[12.1023364,46.5383471],[12.1018452,46.5388384],[12.1018553,46.5393522],[12.1017818,46.5394089],[12.1010864,46.5399458],[12.1003455,46.5404953],[12.0997667,46.5406784],[12.099431,46.5404634],[12.0992733,46.5403022],[12.099144,46.5409766],[12.0992792,46.5411301],[12.0991962,46.5413493],[12.0994987,46.5416623],[12.0990679,46.5418287],[12.0989288,46.5414908],[12.0984817,46.5413393],[12.0967336,46.5408138],[12.0933996,46.5398742],[12.092692,46.5404512],[12.0920451,46.5406067],[12.0912913,46.5406792],[12.0905832,46.5405021],[12.0877293,46.5407383],[12.0876478,46.54088],[12.0880727,46.5411663],[12.0892099,46.5411811],[12.0914458,46.541677],[12.0919994,46.5417714],[12.0927933,46.5421994],[12.0932912,46.5424444],[12.0936946,46.5423766],[12.0942261,46.542235],[12.0935379,46.5427883],[12.0927183,46.5438246],[12.093564,46.5455304],[12.0935454,46.546106],[12.0941699,46.5475397],[12.0941881,46.5480732],[12.0936517,46.5482503],[12.0934843,46.5485543],[12.0929908,46.5487609],[12.0936087,46.5477043],[12.0933298,46.5469369],[12.0930294,46.5457858],[12.0929436,46.5452102],[12.0923642,46.5440443],[12.0923213,46.5437048],[12.0928175,46.5428045],[12.0929918,46.5426237],[12.0927826,46.542526],[12.0922033,46.542157],[12.0915381,46.5419209],[12.0893709,46.5415371],[12.0879976,46.5415224],[12.0816699,46.5399971],[12.0809671,46.5398126],[12.0784485,46.5380174],[12.0754793,46.5361078],[12.0778202,46.5358173],[12.0788072,46.5361125],[12.0785497,46.5354925],[12.0786313,46.5349375],[12.0792106,46.534598],[12.0790604,46.5341847],[12.0791892,46.5332547],[12.079554,46.5333728],[12.0795153,46.5338541],[12.0804981,46.5339928],[12.0800046,46.5343028],[12.0795754,46.5343471],[12.0796255,46.5345401],[12.0796585,46.5346673],[12.0796827,46.5347604],[12.0793846,46.534879],[12.0790793,46.5350686],[12.0789877,46.5353236],[12.0791194,46.5355778],[12.079629,46.5360539],[12.0796072,46.5361447],[12.0795563,46.5362019],[12.0797574,46.5362554],[12.0799962,46.5362517],[12.0802161,46.5361281],[12.0800847,46.535975],[12.0800042,46.5359048],[12.0799885,46.5358398],[12.0803234,46.5359307],[12.080546,46.5360598],[12.0807552,46.5361558],[12.080884,46.5361041],[12.0811327,46.536083],[12.0813292,46.5360469],[12.0815465,46.5360691],[12.0817829,46.5360243],[12.081989,46.5360358],[12.082217,46.5361373],[12.0823914,46.536141],[12.0826596,46.5362591],[12.0827302,46.5363586],[12.0837275,46.5368623],[12.0837994,46.5368876],[12.0839236,46.5371443],[12.0845192,46.5371406],[12.0846693,46.5371106],[12.0859384,46.536857],[12.0860089,46.5367543],[12.0866094,46.5358796],[12.0866704,46.5357907],[12.0872176,46.5357025],[12.0881746,46.536073],[12.0894181,46.5361907],[12.0901782,46.536907],[12.0904722,46.5377915],[12.090818,46.5378305],[12.0922342,46.5374615],[12.0945731,46.5375943],[12.0957962,46.5375058],[12.0969763,46.5373877],[12.0965676,46.5368903],[12.0956449,46.5364032],[12.0962897,46.5356017],[12.0977274,46.5355279],[12.0988002,46.5354983],[12.099741,46.5360848],[12.1005311,46.5360474],[12.1011012,46.5354987],[12.1013856,46.5352541],[12.1016143,46.5351105],[12.1022626,46.534995],[12.1021573,46.5348999],[12.1017952,46.5345729],[12.1016316,46.5344252],[12.1024695,46.5341994],[12.1055881,46.5343644],[12.1060958,46.5343913],[12.1064034,46.5341987],[12.1080056,46.5331956],[12.1059017,46.5313253],[12.1066537,46.530878],[12.1075979,46.5304794],[12.1049146,46.5289043],[12.103949,46.5285647],[12.1032409,46.5282842],[12.1019964,46.5273099],[12.1003227,46.526616],[12.0990996,46.5253759],[12.097383,46.5247115],[12.0966105,46.5242096],[12.0966617,46.5239026],[12.0967607,46.5233089],[12.0979471,46.5221456],[12.1002383,46.5213148],[12.1005756,46.5229858],[12.1025577,46.5228046],[12.1033442,46.5227361],[12.1040768,46.5222096],[12.104893,46.5222663],[12.1053315,46.5234847],[12.1066975,46.5240649],[12.107136,46.5235544],[12.1066975,46.522893],[12.1078443,46.5226377],[12.1081816,46.5233919],[12.1089236,46.5232875],[12.1088393,46.5223592],[12.1074227,46.5218022],[12.1092621,46.5210861],[12.1105523,46.5212486],[12.1108562,46.5221236],[12.1109537,46.5227456],[12.111616,46.523416],[12.1121544,46.5227281],[12.1120448,46.5217069],[12.1129049,46.5215503],[12.1141022,46.5228267],[12.1141191,46.5237492],[12.114937,46.5238653],[12.1148865,46.5242482],[12.115814,46.524341],[12.1163104,46.5245381],[12.1162294,46.5247161],[12.1154248,46.5252549],[12.1147918,46.5248932],[12.1140944,46.5247087],[12.1129308,46.5251951],[12.1121629,46.525038],[12.1131502,46.5264582],[12.1133707,46.5265977],[12.1133063,46.5270033],[12.1145772,46.5287981],[12.115178,46.5292188],[12.116128,46.5295425],[12.1165084,46.5300898],[12.117555,46.5305463],[12.1180104,46.5309903],[12.1186541,46.5311084],[12.1185742,46.5304577],[12.1182631,46.5303101],[12.1185742,46.5296975],[12.1196256,46.5298304],[12.1199523,46.5290269],[12.1197222,46.5289077],[12.119845,46.5282888],[12.1203064,46.528178],[12.1206175,46.5282445],[12.1208945,46.5286061],[12.1212652,46.5284816],[12.1210753,46.5290718],[12.1209776,46.5296387],[12.1210634,46.5303768],[12.1211386,46.5316681],[12.1209143,46.532098],[12.1207021,46.5324338],[12.1201936,46.5329763]]]},"properties":{"id":"160f008f-2490-380b-afcf-9988b318b786","version":0,"sources":[{"property":"","dataset":"OpenStreetMap","license":"ODbL-1.0","record_id":"w666313183@9","update_time":"2024-07-15T06:55:01.000Z","confidence":null,"between":null}],"subtype":"agriculture","class":"meadow","source_tags":[["landuse","meadow"]]}}
{"type":"Feature","geometry":{"type":"LineString","coordinates":[[12.0936268,46.5385014],[12.0940377,46.5387202],[12.0946094,46.5388674],[12.0960922,46.5389631],[12.09711,46.5390915],[12.0980841,46.5392406],[12.0985869,46.5393441],[12.0987695,46.5394299],[12.0988871,46.5395355],[12.0989719,46.5396188],[12.0989767,46.5397707],[12.0987988,46.5400034],[12.0985894,46.5401782],[12.0985881,46.5402543],[12.0992406,46.5400874],[12.0995385,46.5399983],[12.1005396,46.5398498],[12.1008355,46.5397542],[12.1013383,46.5394863],[12.1015485,46.5392088],[12.1016816,46.5387306],[12.1020807,46.5383557],[12.1020979,46.5378893],[12.1021622,46.5373136],[12.1024599,46.5368152],[12.1035569,46.5362279],[12.1043287,46.5357576],[12.1047589,46.5355215],[12.1052406,46.5353125],[12.105708,46.5351407],[12.1066145,46.5348951],[12.107578,46.5346208],[12.1089451,46.5339837]]},"properties":{"id":"4afedea1-d111-3f51-b209-fbc14fe77c41","version":0,"sources":[{"property":"","dataset":"OpenStreetMap","license":"ODbL-1.0","record_id":"w852283151@7","update_time":"2025-02-12T13:00:48.000Z","confidence":null,"between":null}],"subtype":"winter_sports","class":"downhill","names":{"primary":"Col Taron","common":null,"rules":null},"source_tags":[["piste:difficulty","easy"],["piste:type","downhill"],["ref","29"]]}}
{"type":"Feature","geometry":{"type":"LineString","coordinates":[[12.08494,46.537681],[12.0858521,46.5370146],[12.0861327,46.5368096],[12.0865111,46.536342],[12.0867001,46.5361084],[12.0868702,46.535985],[12.0871575,46.5359483],[12.0877254,46.5361273],[12.0882803,46.5363314],[12.0887983,46.5364783],[12.089352,46.5367072],[12.0896477,46.5368927],[12.0898719,46.5371063],[12.0901958,46.5378328],[12.0904405,46.5380264],[12.0907133,46.5380622],[12.0909861,46.5380272],[12.0913833,46.537942],[12.0924495,46.5376994],[12.0927288,46.5376557],[12.0930897,46.5376888],[12.0935693,46.5377627],[12.0939881,46.5378271],[12.0950679,46.5378564],[12.095923,46.5378267],[12.096496,46.5377637],[12.096758,46.5377265],[12.0972998,46.5376496],[12.0992175,46.5373773],[12.100653,46.5370784],[12.1035569,46.5362279]]},"properties":{"id":"1af81f7f-a52e-3f43-93fc-7665bd76dc86","version":0,"sources":[{"property":"","dataset":"OpenStreetMap","license":"ODbL-1.0","record_id":"w243086802@11","update_time":"2025-02-12T13:00:48.000Z","confidence":null,"between":null}],"subtype":"winter_sports","class":"downhill","names":{"primary":"Stratofana Olimpica","common":null,"rules":null},"source_tags":[["piste:difficulty","intermediate"],["piste:type","downhill"],["ref","35"]]}}
{"type":"Feature","geometry":{"type":"LineString","coordinates":[[12.0816001,46.5291753],[12.0821266,46.5289436],[12.0826666,46.5285518],[12.0832807,46.5286794],[12.0834954,46.5287821],[12.0836532,46.5287693],[12.0837792,46.5286232],[12.0839529,46.528299],[12.0842732,46.528127],[12.0849754,46.5280674],[12.0857345,46.527767],[12.0867453,46.5276521],[12.0876821,46.5277209],[12.0879625,46.5278695],[12.0882379,46.5279512],[12.088999,46.5276454],[12.0898525,46.5274382],[12.0898823,46.5274295],[12.0903139,46.5273034],[12.0905412,46.5273198],[12.090705,46.5273987],[12.0908216,46.5275459],[12.0907813,46.5278892],[12.0905614,46.5283874],[12.0902395,46.5288082],[12.0901666,46.5290854],[12.0903629,46.5292879],[12.0906097,46.5293654],[12.090894,46.5292252],[12.0910764,46.5289373],[12.0913446,46.5288672],[12.0915806,46.5290075],[12.0920151,46.5293839],[12.0923424,46.5296016],[12.0927072,46.5296976],[12.093139,46.5297474],[12.0936425,46.5301382],[12.0939735,46.5307312],[12.0949469,46.5312061],[12.0973996,46.5334344],[12.0985285,46.534367],[12.0986268,46.5347461],[12.0987314,46.5348236],[12.0988226,46.5348199],[12.0989445,46.5346887],[12.0990739,46.5345494],[12.0995575,46.5345321],[12.1004168,46.534774],[12.1015274,46.5347705],[12.1021573,46.5348999],[12.1026638,46.5349224],[12.1028775,46.53496],[12.1036524,46.5352191],[12.1044063,46.5353523],[12.1052406,46.5353125]]},"properties":{"id":"e74ae837-e368-3221-b8ad-a2a98cd6082b","version":0,"sources":[{"property":"","dataset":"OpenStreetMap","license":"ODbL-1.0","record_id":"w129302217@17","update_time":"2025-03-04T23:27:52.000Z","confidence":null,"between":null}],"subtype":"winter_sports","class":"downhill","names":{"primary":"Tofanina","common":null,"rules":null},"source_tags":[["piste:difficulty","easy"],["piste:type","downhill"],["ref","38"],["tracktype","grade2"]]}}
{"type":"Feature","geometry":{"type":"LineString","coordinates":[[12.1006195,46.5259784],[12.1035833,46.5279767],[12.1045733,46.5295041],[12.1049497,46.5298098],[12.1056407,46.5300447],[12.1060535,46.5303786],[12.106388,46.530852],[12.1066097,46.5314291],[12.1070602,46.5311622],[12.1076206,46.530757],[12.1083939,46.5302939],[12.1099425,46.5297626],[12.1112024,46.529118],[12.1114538,46.5289769],[12.112068,46.528632],[12.1125066,46.5282481]]},"properties":{"id":"6d2b051a-8a7c-323e-b8cd-36e7897d763e","version":0,"sources":[{"property":"","dataset":"OpenStreetMap","license":"ODbL-1.0","record_id":"w49358892@14","update_time":"2025-02-12T13:00:48.000Z","confidence":null,"between":null}],"subtype":"winter_sports","class":"downhill","names":{"primary":"Coston del Falco","common":null,"rules":null},"source_tags":[["piste:difficulty","easy"],["piste:type","downhill"],["ref","19"]]}}
{"type":"Feature","geometry":{"type":"LineString","coordinates":[[12.1035833,46.5279767],[12.1041066,46.5282131],[12.1050232,46.5286252],[12.1058315,46.5290721],[12.1065028,46.5293596],[12.1072895,46.5298666],[12.1078766,46.5301379],[12.1083939,46.5302939]]},"properties":{"id":"ae6f9275-8a1e-3acb-8aa9-fed3ee62281d","version":0,"sources":[{"property":"","dataset":"OpenStreetMap","license":"ODbL-1.0","record_id":"w856247723@4","update_time":"2025-02-16T01:29:36.000Z","confidence":null,"between":null}],"subtype":"winter_sports","class":"downhill","names":{"primary":"Coston del Falco","common":null,"rules":null},"source_tags":[["piste:difficulty","easy"],["piste:type","downhill"],["ref","19"]]}}
{"type":"Feature","geometry":{"type":"LineString","coordinates":[[12.0976833,46.5238867],[12.0980843,46.5246153],[12.0995104,46.5251651],[12.1006195,46.5259784],[12.1052552,46.5268824],[12.1061429,46.5268987],[12.106958,46.526734],[12.1077336,46.5267699],[12.1086278,46.5270719],[12.1089634,46.5271853],[12.1094221,46.5273402],[12.1110585,46.5277477],[12.1125066,46.5282481],[12.1128553,46.528113],[12.1126044,46.5280352]]},"properties":{"id":"ba892b05-5538-3752-a31c-dfb45f0202b2","version":0,"sources":[{"property":"","dataset":"OpenStreetMap","license":"ODbL-1.0","record_id":"w144929040@11","update_time":"2023-03-03T17:30:04.000Z","confidence":null,"between":null}],"subtype":"winter_sports","class":"downhill","names":{"primary":"Olympia","common":null,"rules":null},"source_tags":[["piste:difficulty","easy"],["piste:type","downhill"],["ref","21"]]}}
{"type":"Feature","geometry":{"type":"LineString","coordinates":[[12.0976833,46.5238867],[12.0986588,46.5237615],[12.0989731,46.5236285],[12.099791,46.5236536],[12.1003657,46.5237501],[12.1010243,46.5238608],[12.1010886,46.5238703],[12.1013021,46.5239018],[12.1024545,46.5240719],[12.1033169,46.5244923],[12.1037602,46.5245461],[12.1051435,46.5241238],[12.1059193,46.5240404],[12.1060822,46.5240983],[12.1062785,46.524168],[12.1068834,46.5243828],[12.1079639,46.5247803],[12.1093912,46.524917],[12.1095421,46.5251842],[12.109684,46.5259031],[12.1102269,46.5266876],[12.1113277,46.5272137],[12.1129077,46.5277138],[12.1131112,46.527857],[12.113064,46.5280162],[12.1128553,46.528113],[12.1126044,46.5280352]]},"properties":{"id":"1dca7775-7266-32cd-bea8-ef575f40bc79","version":0,"sources":[{"property":"","dataset":"OpenStreetMap","license":"ODbL-1.0","record_id":"w243675199@8","update_time":"2025-02-12T13:00:48.000Z","confidence":null,"between":null}],"subtype":"winter_sports","class":"downhill","names":{"primary":"Ros\u00e0","common":null,"rules":null},"source_tags":[["piste:difficulty","easy"],["piste:type","downhill"],["ref","23"]]}}
{"type":"Feature","geometry":{"type":"LineString","coordinates":[[12.0981593,46.52286],[12.0990559,46.5229153],[12.0991784,46.5230084],[12.0995072,46.5232622],[12.1000967,46.5235783],[12.1003657,46.5237501]]},"properties":{"id":"f9dd84b3-60e9-3c2a-a879-203493363022","version":0,"sources":[{"property":"","dataset":"OpenStreetMap","license":"ODbL-1.0","record_id":"w1054635833@1","update_time":"2024-07-02T12:35:53.000Z","confidence":null,"between":null}],"subtype":"winter_sports","class":"downhill","source_tags":[["piste:difficulty","easy"],["piste:grooming","classic"],["piste:type","downhill"]]}}
{"type":"Feature","geometry":{"type":"LineString","coordinates":[[12.0989747,46.5225395],[12.1001347,46.5228883],[12.1004404,46.5230661],[12.1004641,46.5233292],[12.1010243,46.5238608]]},"properties":{"id":"20c0e293-8e93-337e-bf9c-1e6e5f0c36dd","version":0,"sources":[{"property":"","dataset":"OpenStreetMap","license":"ODbL-1.0","record_id":"w49358888@7","update_time":"2013-12-26T01:06:08.000Z","confidence":null,"between":null}],"subtype":"winter_sports","class":"downhill","names":{"primary":"Pista di Collegamento","common":null,"rules":null},"source_tags":[["piste:difficulty","easy"],["piste:type","downhill"]]}}
{"type":"Feature","geometry":{"type":"LineString","coordinates":[[12.1062785,46.524168],[12.1066677,46.5251626],[12.1069637,46.5254927],[12.1074842,46.5257525],[12.1081171,46.5261528],[12.1085356,46.5266093],[12.1086278,46.5270719]]},"properties":{"id":"a858ea8d-3c0a-3557-bf11-913ccb957587","version":0,"sources":[{"property":"","dataset":"OpenStreetMap","license":"ODbL-1.0","record_id":"w851560204@3","update_time":"2025-02-12T13:00:48.000Z","confidence":null,"between":null}],"subtype":"winter_sports","class":"downhill","names":{"primary":"Prati","common":null,"rules":null},"source_tags":[["piste:difficulty","easy"],["piste:grooming","classic"],["piste:type","downhill"],["ref","22"]]}}
{"type":"Feature","geometry":{"type":"Polygon","coordinates":[[[12.1179986,46.5254361],[12.11723,46.5254092],[12.1168001,46.5249521],[12.1150155,46.5252747],[12.1142338,46.5250417],[12.1130614,46.5252568],[12.1115503,46.5250507],[12.1113288,46.5244053],[12.1120323,46.5237689],[12.1126576,46.5238496],[12.1138821,46.5238227],[12.1142729,46.5241185],[12.1141036,46.5245308],[12.1159795,46.5242529],[12.1165396,46.5245577],[12.1181159,46.5245756],[12.1182201,46.5249879],[12.1179986,46.5254361]]]},"properties":{"id":"17f8210c-8668-37f0-8b84-eef990fdbe8a","version":0,"sources":[{"property":"","dataset":"OpenStreetMap","license":"ODbL-1.0","record_id":"w424123958@1","update_time":"2016-06-10T17:01:58.000Z","confidence":null,"between":null}],"subtype":"residential","class":"residential","source_tags":[["landuse","residential"]]}}
{"type":"Feature","geometry":{"type":"Polygon","coordinates":[[[12.1177373,46.5275967],[12.1177159,46.5279333],[12.1176837,46.528295],[12.1174477,46.5285755],[12.1171687,46.5287232],[12.1166645,46.528701],[12.1161602,46.5284058],[12.1158931,46.5280079],[12.1157707,46.5273779],[12.1156023,46.5269442],[12.1152161,46.5265607],[12.1149478,46.5261326],[12.1148298,46.5258447],[12.1149264,46.5254978],[12.115141,46.5254461],[12.1155012,46.5254417],[12.1156023,46.5254387],[12.1159456,46.5253871],[12.1163962,46.5254018],[12.1170614,46.5255347],[12.1171821,46.5257709],[12.1171199,46.5259023],[12.1170126,46.526237],[12.1171538,46.5264169],[12.1171849,46.5264796],[12.1173114,46.526598],[12.1175925,46.5269671],[12.1178339,46.5273432],[12.1177373,46.5275967]]]},"properties":{"id":"203c82a1-9065-305e-b664-1a131f336e16","version":0,"sources":[{"property":"","dataset":"OpenStreetMap","license":"ODbL-1.0","record_id":"w178166620@4","update_time":"2024-07-18T20:19:30.000Z","confidence":null,"between":null}],"subtype":"cemetery","class":"cemetery","source_tags":[["landuse","cemetery"],["opening_hours","Tu-Fr 09:00-12:00,14:00-17:00"]]}}
{"type":"Feature","geometry":{"type":"Polygon","coordinates":[[[12.1096374,46.5139808],[12.1102221,46.5143241],[12.1101953,46.5144275],[12.1103776,46.5146121],[12.1098251,46.5145493],[12.1095078,46.5143657],[12.1092779,46.5143795],[12.1090902,46.514446],[12.1089284,46.5139079],[12.1094228,46.5142577],[12.1095891,46.5142946],[12.1097277,46.5142143],[12.1096374,46.5139808]]]},"properties":{"id":"df70f409-06be-3763-b645-ca6823bde0ea","version":0,"sources":[{"property":"","dataset":"OpenStreetMap","license":"ODbL-1.0","record_id":"w259552751@1","update_time":"2014-02-02T14:27:12.000Z","confidence":null,"between":null}],"subtype":"agriculture","class":"meadow","source_tags":[["landuse","meadow"]]}}
{"type":"Feature","geometry":{"type":"Polygon","coordinates":[[[12.107016,46.571118],[12.107236,46.571278],[12.107352,46.571401],[12.107509,46.57169],[12.107729,46.57262],[12.107876,46.572868],[12.108055,46.573245],[12.108111,46.5735],[12.108095,46.573771],[12.108007,46.574003],[12.107907,46.574149],[12.107709,46.57424],[12.107577,46.574343],[12.107439,46.574873],[12.10741,46.575058],[12.107438,46.575463],[12.107365,46.575546],[12.107271,46.575719],[12.106873,46.576612],[12.106686,46.577108],[12.106524,46.577351],[12.106325,46.577581],[12.106202,46.577787],[12.106089,46.578051],[12.105866,46.578782],[12.10583,46.57885],[12.105724,46.578952],[12.105617,46.579153],[12.105602,46.579288],[12.105626,46.579423],[12.105758,46.579698],[12.105806,46.579755],[12.105909,46.579829],[12.106763,46.580175],[12.107311,46.580331],[12.107566,46.580378],[12.107645,46.580412],[12.107988,46.580627],[12.108435,46.581047],[12.108683,46.581423],[12.109889,46.583654],[12.10998,46.583755],[12.110286,46.583823],[12.110424,46.583869],[12.11054,46.583992],[12.110626,46.58412],[12.110649,46.584182],[12.110621,46.584579],[12.111105,46.586186],[12.111127,46.586374],[12.111089,46.586636],[12.110858,46.587367],[12.110725,46.588064],[12.11071,46.588487],[12.110678,46.588754],[12.110543,46.589572],[12.110422,46.590084],[12.110396,46.590372],[12.110338,46.590666],[12.110219,46.591007],[12.110075,46.591601],[12.110075,46.591961],[12.110036,46.592254],[12.109956,46.592598],[12.110007,46.592714],[12.110003,46.592863],[12.109955,46.592976],[12.109897,46.593316],[12.109812,46.59357],[12.109541,46.594005],[12.10943,46.594489],[12.109274,46.595007],[12.10917,46.595167],[12.10899,46.595307],[12.108748,46.595552],[12.108694,46.595675],[12.108745,46.59575],[12.108875,46.595791],[12.109052,46.595791],[12.109275,46.595772],[12.109716,46.595692],[12.109868,46.595647],[12.110712,46.595318],[12.11127,46.59524],[12.112829,46.595211],[12.112921,46.59524],[12.113101,46.595334],[12.113475,46.595648],[12.113642,46.595761],[12.113979,46.595891],[12.114231,46.595943],[12.114496,46.595953],[12.115185,46.595921],[12.115469,46.595922],[12.115642,46.595958],[12.115811,46.59603],[12.11606,46.596239],[12.116145,46.596358],[12.116181,46.596524],[12.116181,46.596767],[12.116194,46.596843],[12.116237,46.596918],[12.116308,46.59698],[12.116477,46.597074],[12.116573,46.597211],[12.116603,46.597309],[12.116642,46.597366],[12.116705,46.59741],[12.116784,46.597435],[12.116876,46.597437],[12.117537,46.597396],[12.117825,46.597442],[12.118717,46.597665],[12.118958,46.597713],[12.119167,46.597725],[12.119588,46.597691],[12.119797,46.597694],[12.120019,46.597724],[12.120241,46.59779],[12.120493,46.597954],[12.121016,46.59835],[12.121386,46.598749],[12.121505,46.598845],[12.12174,46.598964],[12.122162,46.59911],[12.12232,46.599182],[12.122456,46.599273],[12.122882,46.599635],[12.123162,46.599798],[12.123341,46.599866],[12.123609,46.599899],[12.124198,46.59991],[12.124492,46.599933],[12.125423,46.599939],[12.125802,46.599911],[12.125983,46.599883],[12.126266,46.599813],[12.126622,46.599686],[12.126868,46.599657],[12.127271,46.599691],[12.127547,46.599755],[12.127992,46.59995],[12.12833,46.600143],[12.128496,46.600206],[12.128583,46.600217],[12.129331,46.600255],[12.129965,46.600202],[12.1308219,46.6001922],[12.1312141,46.6002289],[12.1315824,46.600317],[12.1321728,46.6005448],[12.132492,46.600668],[12.132712,46.600811],[12.133321,46.601104],[12.133583,46.601183],[12.13407,46.601264],[12.135811,46.601423],[12.137073,46.601595],[12.137747,46.60173],[12.138184,46.601857],[12.138712,46.602036],[12.139395,46.60222],[12.13956,46.602252],[12.14028,46.602169],[12.14072,46.602188],[12.140951,46.602231],[12.141598,46.602421],[12.142015,46.602508],[12.142277,46.602524],[12.142624,46.602514],[12.14286,46.602525],[12.143114,46.602545],[12.143597,46.602613],[12.143841,46.602561],[12.143922,46.602487],[12.143977,46.60236],[12.143956,46.602063],[12.143864,46.601751],[12.143788,46.601595],[12.143539,46.601319],[12.143422,46.601254],[12.143095,46.601128],[12.142897,46.600994],[12.142427,46.600449],[12.142323,46.600272],[12.142235,46.600063],[12.142083,46.599838],[12.141857,46.599646],[12.1414,46.599303],[12.140928,46.598992],[12.14065,46.598775],[12.140549,46.598606],[12.140493,46.598135],[12.140436,46.598029],[12.140252,46.597768],[12.140127,46.597466],[12.139777,46.596981],[12.1396,46.596684],[12.139477,46.596597],[12.139343,46.596448],[12.139225,46.596199],[12.139025,46.59566],[12.138724,46.595299],[12.138736,46.595223],[12.138849,46.595093],[12.138913,46.595051],[12.138984,46.595018],[12.139295,46.594928],[12.139436,46.594866],[12.139638,46.594766],[12.13989,46.59461],[12.140271,46.594321],[12.140657,46.59391],[12.140851,46.593729],[12.141033,46.593656],[12.141444,46.593546],[12.141764,46.593357],[12.141855,46.593251],[12.142088,46.592826],[12.142208,46.592665],[12.142509,46.592378],[12.142773,46.5922],[12.142922,46.592043],[12.143101,46.591741],[12.143353,46.591135],[12.143505,46.590942],[12.143665,46.590789],[12.143949,46.590615],[12.144538,46.590468],[12.14486,46.590356],[12.14507,46.590233],[12.145234,46.590085],[12.145564,46.589675],[12.14592,46.589058],[12.146152,46.588736],[12.146889,46.587865],[12.147303,46.587503],[12.147602,46.587198],[12.147991,46.586485],[12.148157,46.58603],[12.148222,46.585916],[12.148533,46.585579],[12.148789,46.585234],[12.149009,46.585062],[12.149376,46.584669],[12.149431,46.58456],[12.149544,46.584129],[12.1496,46.583799],[12.149829,46.583419],[12.150087,46.583219],[12.150598,46.583007],[12.150758,46.582921],[12.15088,46.582837],[12.151209,46.582553],[12.151294,46.582501],[12.151873,46.582265],[12.152083,46.582223],[12.15245,46.582096],[12.152834,46.58195],[12.152963,46.581879],[12.15324,46.581647],[12.153916,46.580953],[12.154646,46.580334],[12.154729,46.580147],[12.154997,46.579046],[12.155178,46.578425],[12.155273,46.578206],[12.155437,46.577999],[12.155911,46.577793],[12.156257,46.577594],[12.156384,46.577496],[12.156769,46.577089],[12.156989,46.576701],[12.157295,46.576395],[12.15801,46.575773],[12.158388,46.575335],[12.158724,46.575159],[12.159435,46.574856],[12.159937,46.574585],[12.160102,46.574477],[12.160525,46.574114],[12.160908,46.57382],[12.161845,46.573263],[12.162557,46.57292],[12.162704,46.572826],[12.163363,46.57233],[12.16405,46.571866],[12.164304,46.571719],[12.164748,46.571509],[12.165156,46.571385],[12.165629,46.571295],[12.16593,46.571269],[12.166143,46.57129],[12.166727,46.571445],[12.167633,46.571915],[12.167986,46.572054],[12.168099,46.572087],[12.168221,46.572101],[12.168332,46.572098],[12.168438,46.572077],[12.168967,46.5719],[12.169536,46.571772],[12.170003,46.571642],[12.170489,46.571476],[12.170792,46.571341],[12.171815,46.570723],[12.172071,46.570586],[12.172625,46.570345],[12.172928,46.570179],[12.173218,46.569978],[12.173688,46.569605],[12.174837,46.568781],[12.175153,46.568615],[12.175794,46.568124],[12.176078,46.567941],[12.17669,46.567631],[12.176815,46.567655],[12.177191,46.568036],[12.177431,46.568245],[12.17764,46.568361],[12.177835,46.568436],[12.178313,46.568477],[12.178967,46.568589],[12.179249,46.568559],[12.179551,46.568492],[12.180166,46.56866],[12.180472,46.568836],[12.181172,46.569536],[12.1814,46.569674],[12.181635,46.56978],[12.181916,46.569844],[12.182191,46.569841],[12.182499,46.569868],[12.183027,46.570074],[12.183784,46.570462],[12.183974,46.570516],[12.184171,46.570488],[12.184345,46.570402],[12.184533,46.570244],[12.184635,46.570083],[12.184704,46.569901],[12.184708,46.569717],[12.184581,46.568793],[12.184581,46.568406],[12.184593,46.568338],[12.184653,46.568224],[12.184872,46.567944],[12.18505,46.567772],[12.185121,46.567721],[12.185209,46.567691],[12.185458,46.567693],[12.185805,46.56767],[12.18629,46.567737],[12.18646,46.567715],[12.186545,46.567676],[12.18655,46.567622],[12.186524,46.567569],[12.186114,46.56704],[12.185987,46.566819],[12.18592,46.56665],[12.185894,46.566479],[12.185923,46.566294],[12.186012,46.566089],[12.186077,46.566029],[12.186468,46.565815],[12.187013,46.565661],[12.187181,46.565647],[12.187896,46.565695],[12.188221,46.565663],[12.188489,46.565615],[12.188963,46.565453],[12.189374,46.565379],[12.189532,46.565289],[12.189971,46.564885],[12.190108,46.564787],[12.190259,46.564702],[12.190362,46.564681],[12.191005,46.564726],[12.191183,46.56473],[12.191672,46.564707],[12.192127,46.564712],[12.192342,46.564738],[12.192463,46.56473],[12.192546,46.564678],[12.192567,46.564624],[12.192604,46.564191],[12.192689,46.563819],[12.192737,46.563696],[12.19282,46.563586],[12.192898,46.563534],[12.193078,46.563448],[12.193247,46.563399],[12.193412,46.563385],[12.193653,46.563405],[12.193974,46.563491],[12.194313,46.563603],[12.195349,46.564195],[12.195493,46.564263],[12.196172,46.564473],[12.196313,46.564532],[12.19651,46.564644],[12.196654,46.564698],[12.197366,46.564872],[12.19768,46.56498],[12.198365,46.565118],[12.198663,46.565155],[12.19927,46.565192],[12.19967,46.565167],[12.200048,46.565166],[12.200287,46.565227],[12.200508,46.565324],[12.20098,46.565603],[12.201284,46.565829],[12.20162,46.566148],[12.20214,46.566502],[12.202366,46.566694],[12.202703,46.566905],[12.202898,46.56699],[12.203251,46.567052],[12.203546,46.567043],[12.20392,46.566992],[12.204446,46.566834],[12.204664,46.566746],[12.204817,46.56658],[12.20494,46.566181],[12.205047,46.566056],[12.205352,46.5658],[12.205421,46.565564],[12.20552,46.565048],[12.205248,46.564381],[12.205075,46.564134],[12.20496,46.563885],[12.204847,46.563546],[12.204667,46.562503],[12.204662,46.562368],[12.204546,46.561845],[12.204133,46.56097],[12.203845,46.56046],[12.20371,46.560302],[12.203614,46.560138],[12.203493,46.559889],[12.203451,46.559706],[12.203337,46.55939],[12.203139,46.559058],[12.203023,46.558904],[12.202858,46.558607],[12.202795,46.558419],[12.202778,46.558258],[12.202832,46.558135],[12.203143,46.557865],[12.203355,46.557711],[12.204227,46.557191],[12.2058,46.556585],[12.206076,46.556487],[12.206267,46.556463],[12.206482,46.556498],[12.207278,46.556723],[12.207532,46.55677],[12.208219,46.556832],[12.209222,46.556713],[12.209517,46.556696],[12.209857,46.556718],[12.210111,46.55676],[12.210445,46.556783],[12.210767,46.556719],[12.211443,46.556543],[12.211877,46.556472],[12.213041,46.556462],[12.213151,46.556436],[12.213354,46.556422],[12.213626,46.556459],[12.2138,46.556517],[12.213878,46.556564],[12.213923,46.556622],[12.213947,46.556842],[12.213996,46.557047],[12.2141,46.557292],[12.214187,46.557402],[12.214312,46.557484],[12.214531,46.557581],[12.214785,46.557669],[12.215176,46.557774],[12.215274,46.557862],[12.215285,46.55801],[12.215229,46.558174],[12.215231,46.558385],[12.215347,46.558688],[12.215456,46.558806],[12.215587,46.558879],[12.215743,46.558906],[12.217247,46.559053],[12.217745,46.559021],[12.218027,46.558941],[12.21835,46.558788],[12.218926,46.558366],[12.219257,46.558092],[12.219398,46.557935],[12.219562,46.55779],[12.219701,46.55771],[12.21978,46.557685],[12.220122,46.557626],[12.220677,46.557597],[12.221483,46.557457],[12.221642,46.557412],[12.222432,46.55712],[12.222695,46.557068],[12.223802,46.556982],[12.224659,46.556954],[12.224993,46.556917],[12.226365,46.5565],[12.226685,46.556428],[12.227014,46.556374],[12.2276,46.55633],[12.228022,46.556355],[12.228617,46.556486],[12.229354,46.556731],[12.230615,46.55706],[12.231132,46.557113],[12.231646,46.557112],[12.232088,46.557135],[12.232174,46.557151],[12.232255,46.557171],[12.232392,46.557239],[12.233516,46.557882],[12.233739,46.558024],[12.234015,46.558251],[12.2343,46.558567],[12.23441,46.558658],[12.234874,46.558937],[12.235097,46.559111],[12.235233,46.559247],[12.2354,46.559534],[12.235449,46.559682],[12.235434,46.559848],[12.235338,46.560193],[12.235342,46.560333],[12.235432,46.560546],[12.235554,46.560664],[12.235683,46.560746],[12.235846,46.560813],[12.236116,46.560887],[12.236427,46.561013],[12.236911,46.561116],[12.237088,46.561179],[12.237178,46.56123],[12.237258,46.561286],[12.23732,46.561357],[12.23756,46.561813],[12.23773,46.562011],[12.237898,46.562105],[12.238453,46.562319],[12.239277,46.562822],[12.239664,46.563248],[12.239738,46.563304],[12.239968,46.563406],[12.24029,46.563505],[12.240809,46.563697],[12.241033,46.563812],[12.241171,46.56393],[12.241272,46.564074],[12.242524,46.565104],[12.242436,46.565192],[12.241272,46.565807],[12.239396,46.566725],[12.237804,46.567384],[12.236676,46.567946],[12.235294,46.56884],[12.234228,46.569782],[12.232718,46.570722],[12.231677,46.571434],[12.230177,46.572325],[12.22903,46.573229],[12.22772,46.57358],[12.225949,46.572785],[12.22419,46.571937],[12.223171,46.571705],[12.222312,46.572224],[12.221047,46.572859],[12.219803,46.573014],[12.218581,46.573092],[12.21742,46.573316],[12.215454,46.573623],[12.213189,46.573946],[12.211245,46.574173],[12.209224,46.574416],[12.206617,46.574708],[12.204753,46.574946],[12.203175,46.574984],[12.201781,46.575265],[12.201204,46.575417],[12.200274,46.575831],[12.199217,46.576246],[12.197236,46.577192],[12.196558,46.577652],[12.196146,46.578421],[12.195644,46.579417],[12.195092,46.580456],[12.194382,46.581699],[12.193702,46.582789],[12.193661,46.583206],[12.193282,46.584313],[12.193331,46.585151],[12.193323,46.586114],[12.193,46.58661],[12.192752,46.587081],[12.192608,46.587725],[12.192148,46.588785],[12.191635,46.589835],[12.191679,46.590803],[12.192101,46.591088],[12.192583,46.591514],[12.192655,46.592749],[12.192447,46.594084],[12.191802,46.595788],[12.191697,46.596663],[12.192006,46.597687],[12.192534,46.599131],[12.192981,46.600281],[12.193166,46.601428],[12.193374,46.602536],[12.193827,46.603568],[12.194492,46.60489],[12.195393,46.606226],[12.196378,46.607645],[12.196568,46.608424],[12.196161,46.609273],[12.195657,46.610251],[12.194806,46.610905],[12.193576,46.611946],[12.193377,46.612544],[12.193236,46.613278],[12.193143,46.614576],[12.193259,46.615673],[12.193569,46.616715],[12.193914,46.617912],[12.194297,46.619316],[12.194771,46.620489],[12.195471,46.621937],[12.194004,46.621887],[12.192521,46.621775],[12.190836,46.621535],[12.188962,46.621219],[12.186954,46.620832],[12.185178,46.620622],[12.1839883,46.620674],[12.1838482,46.620611],[12.1835448,46.6205932],[12.1825029,46.6203463],[12.1747848,46.6301215],[12.1719102,46.6336811],[12.1701709,46.6337195],[12.1687878,46.6337599],[12.1674147,46.6338372],[12.1656061,46.6343154],[12.161412,46.6368489],[12.1560322,46.6354575],[12.1552992,46.6351545],[12.1517497,46.6340164],[12.1510915,46.6334064],[12.150315,46.6330752],[12.1441805,46.6332573],[12.1435232,46.6337706],[12.144203,46.6345011],[12.1434552,46.6351193],[12.1433913,46.6362322],[12.142113,46.6365492],[12.1406966,46.6368918],[12.1399678,46.6378254],[12.1393618,46.6386204],[12.1392938,46.6390306],[12.1392869,46.6390468],[12.1391868,46.6396768],[12.1382128,46.6421158],[12.1362557,46.6423885],[12.1354353,46.6430318],[12.1341039,46.6440947],[12.1340679,46.644112],[12.1324316,46.6441309],[12.1309153,46.6440351],[12.1285095,46.6443591],[12.1256621,46.6446695],[12.1244199,46.6457783],[12.1238266,46.6463785],[12.1235193,46.6466279],[12.1233806,46.6467163],[12.1190577,46.6488178],[12.1171452,46.6497475],[12.1166932,46.6499672],[12.1165801,46.6500222],[12.1164257,46.6500988],[12.1162007,46.6502103],[12.116,46.6503098],[12.1158466,46.6503859],[12.1156609,46.6504779],[12.115427,46.6505939],[12.1151536,46.6507295],[12.1133369,46.6516302],[12.1128073,46.6518928],[12.1120405,46.6522729],[12.1102708,46.6531518],[12.1103309,46.653315],[12.1090835,46.6544255],[12.1092658,46.6558174],[12.1087908,46.6566329],[12.1082912,46.6567157],[12.1079911,46.6572105],[12.1069707,46.6589726],[12.1042315,46.6594607],[12.1040325,46.6595275],[12.1031134,46.6598658],[12.1013831,46.6604969],[12.1002088,46.6611097],[12.0996629,46.6613948],[12.0990238,46.6616344],[12.0973631,46.6615278],[12.0958915,46.6617345],[12.093569,46.6623294],[12.092575,46.6631965],[12.0914094,46.6647976],[12.0904971,46.6654705],[12.0895593,46.6669852],[12.0884997,46.6676511],[12.0873582,46.6676338],[12.0832044,46.6676076],[12.082716,46.6676037],[12.0821797,46.6678485],[12.0793388,46.6691953],[12.0793835,46.6705758],[12.0780931,46.6719235],[12.0765097,46.6738604],[12.0759992,46.6742833],[12.0726094,46.6750022],[12.0700423,46.6749953],[12.0695007,46.6726841],[12.0697769,46.6667704],[12.0711455,46.6618445],[12.0712623,46.6603536],[12.070095,46.658531],[12.0678189,46.6552262],[12.0662431,46.6538208],[12.0747656,46.643354],[12.0691353,46.6408018],[12.0675619,46.634329],[12.0654989,46.6260596],[12.0640604,46.6216124],[12.06316,46.6209905],[12.0628341,46.6203801],[12.062095,46.6205316],[12.0614353,46.6201916],[12.0605116,46.6203417],[12.0600217,46.6201896],[12.0594889,46.6200591],[12.057921,46.6199368],[12.0567572,46.6197762],[12.0555949,46.6193411],[12.0547971,46.6189138],[12.0526861,46.6186813],[12.0533376,46.6164153],[12.0537826,46.6160256],[12.052373,46.615539],[12.0522392,46.6151097],[12.0518996,46.6123886],[12.0519166,46.6117844],[12.0523353,46.6107044],[12.0513573,46.6099285],[12.0500409,46.6091711],[12.0494735,46.608744],[12.0487423,46.6086794],[12.0485048,46.6085775],[12.0473295,46.6086176],[12.0453044,46.6081525],[12.044572,46.6077473],[12.0448489,46.6064856],[12.0470118,46.6044607],[12.0497005,46.6004813],[12.0496557,46.5961216],[12.049955,46.5953147],[12.0499193,46.5949199],[12.0497428,46.5936459],[12.0494855,46.5926462],[12.0494316,46.5922575],[12.0493235,46.5919115],[12.0466256,46.5838379],[12.0458661,46.5833157],[12.0445955,46.5819756],[12.0440469,46.5818579],[12.0414956,46.5801095],[12.0409639,46.5795272],[12.0400285,46.5793139],[12.0394178,46.5789189],[12.0385316,46.5788662],[12.0372739,46.577951],[12.0355099,46.5776296],[12.0350713,46.5768743],[12.0335345,46.5754831],[12.0332815,46.5744881],[12.032967,46.5736475],[12.0329292,46.573098],[12.0326958,46.5729345],[12.0325126,46.5725495],[12.0321697,46.571534],[12.0315206,46.5707857],[12.0307849,46.5704783],[12.0301239,46.5701485],[12.0286996,46.5681567],[12.0288082,46.5674124],[12.0288017,46.5670973],[12.0287223,46.566579],[12.0287199,46.5660334],[12.0279263,46.5637139],[12.0273905,46.5631543],[12.0268279,46.5620306],[12.0262767,46.5614668],[12.0261121,46.5611208],[12.0259521,46.5607835],[12.025729,46.5603796],[12.0254786,46.5598016],[12.0253116,46.559476],[12.0250657,46.5592193],[12.0248599,46.5591687],[12.0246945,46.5590766],[12.0234851,46.5591069],[12.021356,46.5595873],[12.0211481,46.5591258],[12.0209857,46.5588741],[12.0205604,46.5587189],[12.0202134,46.5580036],[12.0195078,46.5574031],[12.0192989,46.5560847],[12.0187059,46.5556319],[12.0181041,46.555296],[12.0168182,46.5541711],[12.0163454,46.5529766],[12.0162218,46.5529397],[12.0161078,46.5529056],[12.0157745,46.5528061],[12.0145402,46.5524375],[12.0142808,46.5513305],[12.011635,46.5483179],[12.002729,46.5383699],[12.0020364,46.5376015],[12.002898,46.537343],[12.004182,46.536929],[12.004176,46.536921],[12.00464,46.536782],[12.005072,46.536587],[12.005372,46.536408],[12.005803,46.536082],[12.006042,46.535842],[12.006398,46.535306],[12.006707,46.534771],[12.00685,46.534601],[12.007647,46.533968],[12.008293,46.533537],[12.008724,46.533228],[12.00935,46.532753],[12.009741,46.532432],[12.009898,46.532203],[12.010138,46.531625],[12.010555,46.531142],[12.010803,46.530969],[12.011913,46.530548],[12.012188,46.530419],[12.012554,46.530275],[12.012991,46.530128],[12.013325,46.53011],[12.01362,46.530116],[12.014746,46.530284],[12.015459,46.530346],[12.015819,46.530418],[12.017248,46.530781],[12.017653,46.530905],[12.018164,46.531027],[12.018801,46.531109],[12.019105,46.53111],[12.019708,46.530954],[12.019886,46.530873],[12.020018,46.530771],[12.020054,46.53072],[12.020086,46.530589],[12.020105,46.530431],[12.020093,46.530346],[12.020052,46.530266],[12.019673,46.529763],[12.019552,46.529649],[12.019308,46.529466],[12.019179,46.529393],[12.018849,46.529249],[12.018402,46.528968],[12.01826,46.528864],[12.018177,46.528754],[12.018096,46.528531],[12.018085,46.527784],[12.017994,46.5273],[12.017903,46.526961],[12.01782,46.526796],[12.01762,46.526527],[12.017065,46.525885],[12.017028,46.525818],[12.017018,46.525747],[12.01707,46.525642],[12.017659,46.524956],[12.017944,46.524674],[12.018119,46.524466],[12.018242,46.524247],[12.018333,46.523948],[12.018453,46.523648],[12.018566,46.523456],[12.01896,46.522959],[12.019204,46.522746],[12.019764,46.522011],[12.020713,46.520451],[12.021439,46.520473],[12.02178,46.520455],[12.022055,46.520402],[12.022336,46.520381],[12.022872,46.520394],[12.023121,46.520419],[12.023212,46.520403],[12.023284,46.520365],[12.023334,46.52031],[12.023362,46.520246],[12.02336,46.520188],[12.023283,46.520082],[12.023073,46.519952],[12.022712,46.519773],[12.022515,46.51963],[12.022469,46.519563],[12.022469,46.519496],[12.022606,46.519434],[12.022723,46.519449],[12.022909,46.519511],[12.023175,46.519653],[12.02341,46.519723],[12.023686,46.519747],[12.024083,46.519755],[12.024636,46.519731],[12.025217,46.519765],[12.025381,46.519792],[12.026707,46.520158],[12.026917,46.520179],[12.027039,46.520167],[12.027194,46.520127],[12.027337,46.52006],[12.027411,46.51995],[12.027477,46.519696],[12.027498,46.51952],[12.02748,46.518855],[12.027516,46.518719],[12.027566,46.51865],[12.027777,46.518469],[12.027992,46.518355],[12.028289,46.51823],[12.02861,46.518163],[12.02894,46.518136],[12.029169,46.518189],[12.029307,46.518271],[12.029409,46.518376],[12.029545,46.518696],[12.029674,46.519193],[12.029763,46.519352],[12.02996,46.519428],[12.030142,46.519432],[12.030404,46.519367],[12.030796,46.519199],[12.030933,46.519159],[12.031005,46.519184],[12.030857,46.519647],[12.030923,46.519794],[12.031198,46.520007],[12.031473,46.520112],[12.031951,46.520199],[12.032763,46.520222],[12.033509,46.520427],[12.03425,46.5207],[12.03463,46.520807],[12.035414,46.520809],[12.03641,46.520935],[12.036711,46.521022],[12.037025,46.521081],[12.037294,46.521056],[12.037372,46.521009],[12.037365,46.52087],[12.037279,46.520782],[12.036505,46.520361],[12.036393,46.520216],[12.0364,46.520144],[12.036622,46.520088],[12.036903,46.520184],[12.037206,46.520356],[12.037737,46.520729],[12.038464,46.52111],[12.03872,46.521162],[12.03893,46.521156],[12.038962,46.521043],[12.038621,46.520814],[12.038417,46.520648],[12.038416,46.520527],[12.038717,46.520519],[12.039982,46.520966],[12.040539,46.521186],[12.041391,46.521487],[12.042105,46.52176],[12.042623,46.521864],[12.043148,46.521994],[12.043336,46.52202],[12.043667,46.522047],[12.045739,46.522114],[12.046153,46.522107],[12.046503,46.522084],[12.046686,46.522088],[12.047154,46.522157],[12.047328,46.522197],[12.048363,46.522507],[12.048683,46.522571],[12.048929,46.522605],[12.049338,46.52263],[12.049829,46.52268],[12.050176,46.522697],[12.050451,46.52269],[12.050642,46.522707],[12.051315,46.522838],[12.052107,46.522943],[12.052533,46.523017],[12.053204,46.523093],[12.054607,46.5232],[12.054941,46.523178],[12.055804,46.523199],[12.056872,46.523261],[12.057244,46.523269],[12.05755,46.523256],[12.057913,46.523215],[12.058169,46.523168],[12.058703,46.523018],[12.059061,46.522901],[12.059301,46.522854],[12.059876,46.522789],[12.060725,46.522627],[12.061409,46.522518],[12.063135,46.522454],[12.064058,46.522519],[12.064451,46.522617],[12.064507,46.522728],[12.064532,46.523065],[12.064208,46.523775],[12.064149,46.524155],[12.064105,46.524278],[12.063951,46.524444],[12.063656,46.524672],[12.063293,46.524916],[12.062948,46.52511],[12.062753,46.525259],[12.062624,46.525424],[12.062574,46.525547],[12.062555,46.525674],[12.062574,46.525984],[12.062692,46.526822],[12.063104,46.528206],[12.063095,46.528517],[12.063137,46.528889],[12.063278,46.529277],[12.063656,46.53005],[12.063789,46.530514],[12.063801,46.530645],[12.063767,46.530848],[12.063662,46.531179],[12.063489,46.531594],[12.063391,46.531938],[12.06337,46.532114],[12.063399,46.532294],[12.063575,46.532815],[12.063756,46.533161],[12.063947,46.533602],[12.06402,46.533721],[12.064134,46.533831],[12.064263,46.533899],[12.064422,46.53394],[12.065294,46.533944],[12.065664,46.533898],[12.066119,46.533872],[12.066384,46.533901],[12.066541,46.533955],[12.066762,46.534075],[12.066896,46.53418],[12.067162,46.5346],[12.067396,46.5349],[12.067615,46.535137],[12.067712,46.535229],[12.067929,46.535385],[12.068458,46.535875],[12.06883,46.536157],[12.069527,46.536265],[12.070735,46.536484],[12.071187,46.536607],[12.071418,46.53679],[12.071165,46.537296],[12.070893,46.53797],[12.070869,46.538294],[12.071242,46.539603],[12.071619,46.540529],[12.071621,46.540781],[12.071655,46.541063],[12.07163,46.541289],[12.071478,46.541676],[12.071121,46.542077],[12.071007,46.542233],[12.070674,46.543088],[12.070463,46.543552],[12.070427,46.544336],[12.070149,46.544969],[12.070098,46.545241],[12.070061,46.545629],[12.070096,46.54597],[12.069927,46.546384],[12.069712,46.546502],[12.069188,46.546498],[12.068313,46.546558],[12.068141,46.54658],[12.067918,46.546654],[12.067719,46.546758],[12.067598,46.546842],[12.067382,46.547028],[12.067144,46.547287],[12.066983,46.547552],[12.066947,46.547666],[12.066918,46.5479],[12.066928,46.54808],[12.066976,46.548268],[12.067061,46.548445],[12.067339,46.548861],[12.067539,46.549256],[12.067764,46.549543],[12.068369,46.550197],[12.069215,46.550597],[12.069485,46.550802],[12.069642,46.550977],[12.070529,46.551637],[12.072899,46.552861],[12.073825,46.553511],[12.074095,46.553684],[12.074429,46.553832],[12.075,46.55401],[12.075229,46.554054],[12.075759,46.554116],[12.076388,46.554144],[12.076591,46.55417],[12.077193,46.554172],[12.077504,46.554384],[12.077825,46.554875],[12.07798,46.555037],[12.078233,46.55517],[12.078741,46.555404],[12.079058,46.555602],[12.079215,46.555674],[12.07948,46.55587],[12.079942,46.556132],[12.080267,46.556281],[12.081076,46.556529],[12.081729,46.556574],[12.082115,46.55664],[12.082278,46.556712],[12.082433,46.556843],[12.082555,46.556975],[12.082817,46.556977],[12.083297,46.556788],[12.083897,46.55652],[12.084927,46.556339],[12.085327,46.556288],[12.086087,46.556214],[12.08646,46.556221],[12.087146,46.556324],[12.087427,46.556353],[12.087794,46.556334],[12.088877,46.556125],[12.089578,46.556079],[12.089971,46.556068],[12.090651,46.556068],[12.091828,46.556144],[12.092443,46.556208],[12.09313,46.556248],[12.094021,46.556206],[12.095301,46.55636],[12.09583,46.556503],[12.09615,46.556535],[12.097362,46.556475],[12.098108,46.556527],[12.098369,46.556525],[12.098706,46.55647],[12.099002,46.556467],[12.099282,46.556509],[12.099443,46.556563],[12.099676,46.556728],[12.100057,46.557118],[12.100384,46.55741],[12.10047,46.557579],[12.100632,46.558119],[12.100979,46.558519],[12.101058,46.558702],[12.101059,46.558819],[12.10103,46.558937],[12.100904,46.559115],[12.100315,46.55955],[12.100221,46.559652],[12.100155,46.55977],[12.100032,46.560057],[12.099966,46.56063],[12.099904,46.560875],[12.09983,46.561003],[12.099787,46.561135],[12.09977,46.561338],[12.099959,46.562147],[12.09997,46.562345],[12.099914,46.562594],[12.09992,46.562715],[12.100001,46.562889],[12.100356,46.56341],[12.100557,46.563814],[12.100655,46.56409],[12.100698,46.564526],[12.10069,46.56481],[12.100744,46.565236],[12.100731,46.565362],[12.100634,46.565635],[12.100592,46.565856],[12.1006,46.566149],[12.100627,46.566283],[12.10069,46.566457],[12.100805,46.566678],[12.100953,46.566899],[12.101353,46.567928],[12.101706,46.568445],[12.101811,46.56855],[12.101951,46.568632],[12.102114,46.568695],[12.102872,46.568904],[12.103152,46.569018],[12.104364,46.569457],[12.104801,46.569594],[12.105908,46.570068],[12.106031,46.570146],[12.106181,46.57029],[12.106666,46.570893],[12.106943,46.57107],[12.107016,46.571118]]]},"properties":{"id":"4168dbc6-9b70-352a-8452-ace315bca094","version":0,"sources":[{"property":"","dataset":"OpenStreetMap","license":"ODbL-1.0","record_id":"r15597286@2","update_time":"2025-10-14T07:08:06.000Z","confidence":null,"between":null}],"subtype":"protected","class":"species_management_area","names":{"primary":"Parco Naturale Regionale delle Dolomiti d\u2019Ampezzo","common":null,"rules":null},"source_tags":[["boundary","protected_area"],["contact:email","info@dolomitiparco.com"],["contact:website","http://www.dolomitiparco.com/"],["leisure","nature_reserve"],["protect_class","4"],["protection_title","Parco naturale regionale"],["source","EEA CDDA (v20)"],["start_date","1990"],["type","boundary"],["wikipedia","it:Parco naturale regionale delle Dolomiti d'Ampezzo"]],"wikidata":"Q3895680"}}
{"type":"Feature","geometry":{"type":"Polygon","coordinates":[[[12.0901002,46.7076978],[12.0900955,46.7076325],[12.0900647,46.7075884],[12.0900258,46.7075626],[12.089948,46.7075461],[12.089781,46.7075222],[12.0896912,46.7074895],[12.0896603,46.7074642],[12.0896516,46.7073897],[12.089665,46.7073373],[12.0896543,46.7072982],[12.0895725,46.707198],[12.0895564,46.7071414],[12.0895778,46.7070573],[12.0895725,46.7070274],[12.0894873,46.7069676],[12.0894162,46.7069318],[12.0893277,46.7068807],[12.0892955,46.7068462],[12.0891078,46.7064991],[12.0890903,46.7064034],[12.0890776,46.7062857],[12.0891024,46.7062374],[12.0891017,46.7061832],[12.0890883,46.7061473],[12.0890494,46.7061165],[12.0886994,46.7059919],[12.0886035,46.7059326],[12.0885418,46.7058369],[12.0885445,46.705768],[12.0885888,46.7056962],[12.0885892,46.7056685],[12.0885682,46.7056316],[12.0884921,46.7055745],[12.0883895,46.7055176],[12.0883136,46.705413],[12.0883062,46.705337],[12.0883066,46.705257],[12.0883005,46.7052016],[12.0882519,46.7051601],[12.0881614,46.7051095],[12.088015,46.7050511],[12.0879398,46.7050113],[12.0878616,46.7048954],[12.0878499,46.704839],[12.0878662,46.7047818],[12.0878677,46.7047614],[12.0878388,46.704716],[12.0876558,46.7045781],[12.0876444,46.7045167],[12.0876202,46.7044597],[12.0875871,46.7044116],[12.0875257,46.7043178],[12.0874985,46.7041861],[12.0874959,46.7040571],[12.0874687,46.7039596],[12.0874241,46.7039056],[12.087398,46.7038451],[12.087349,46.7037678],[12.0873299,46.7036897],[12.0873054,46.7036283],[12.0872229,46.7035085],[12.0870768,46.703237],[12.0869403,46.7030861],[12.0867619,46.702944],[12.0867522,46.7029348],[12.0866375,46.7028426],[12.0865987,46.7027635],[12.0865521,46.7026454],[12.0865202,46.7025313],[12.0864682,46.702446],[12.0864317,46.7023842],[12.0863955,46.702291],[12.0862731,46.7020786],[12.0862345,46.7019855],[12.0862235,46.7018236],[12.086196,46.7017017],[12.0861467,46.7016164],[12.0860314,46.701475],[12.0859854,46.7013922],[12.0859838,46.7013147],[12.0860904,46.7011425],[12.0861122,46.701042],[12.0860129,46.7008452],[12.08585,46.7004148],[12.0857471,46.7003412],[12.0857145,46.7002403],[12.0857561,46.7000777],[12.085852,46.6999482],[12.0858315,46.6998843],[12.0858108,46.6998597],[12.0857501,46.6997365],[12.085559,46.6994226],[12.085505,46.699315],[12.0854919,46.6992782],[12.0854798,46.6992299],[12.0854292,46.699108],[12.0854118,46.6989558],[12.0853843,46.698954],[12.0853648,46.6989487],[12.0853099,46.6989006],[12.085283,46.6988211],[12.0852449,46.6987447],[12.0849699,46.6985027],[12.0848102,46.698393],[12.0844721,46.6981935],[12.084394,46.6981009],[12.0843351,46.698031],[12.0842148,46.6978245],[12.0841545,46.6977389],[12.0841029,46.6976463],[12.0841065,46.6976017],[12.0841045,46.6975377],[12.084122,46.6974842],[12.0841448,46.6972439],[12.0841244,46.6970708],[12.0840174,46.6969387],[12.0839692,46.6968831],[12.0838915,46.696817],[12.0837999,46.6967835],[12.0836787,46.6967529],[12.0835554,46.6967548],[12.0834186,46.6967851],[12.0833352,46.6968276],[12.0833163,46.6968373],[12.083209,46.696898],[12.0831956,46.6969454],[12.0832151,46.6969992],[12.0832918,46.6971287],[12.0833579,46.6972402],[12.0835148,46.6974894],[12.0832761,46.6975929],[12.0830776,46.6978762],[12.0830944,46.6979001],[12.0832734,46.6980703],[12.083205,46.6981172],[12.0834643,46.6984562],[12.0835785,46.6986339],[12.0837934,46.6987693],[12.0839506,46.6987785],[12.0838963,46.6988779],[12.0838454,46.6989211],[12.0837428,46.698979],[12.0836804,46.6990227],[12.0835912,46.6991078],[12.0835054,46.6991731],[12.0834196,46.6992209],[12.0833813,46.6992366],[12.0831648,46.6993828],[12.0828838,46.699622],[12.0828288,46.6996758],[12.0826726,46.6998491],[12.0825613,46.6999425],[12.0825183,46.6999995],[12.0824365,46.7000864],[12.0823976,46.7001467],[12.0823527,46.7002478],[12.0822924,46.7003265],[12.0822501,46.7004148],[12.0821804,46.700578],[12.0821013,46.7006452],[12.082,46.7006755],[12.0818652,46.7006829],[12.0815856,46.7006714],[12.0814776,46.7006893],[12.081365,46.7007146],[12.081259,46.7007509],[12.0811471,46.7007739],[12.0810203,46.7008181],[12.0808983,46.7008356],[12.0807923,46.7008415],[12.0805369,46.7008976],[12.0804349,46.7009381],[12.0802472,46.7010237],[12.0801439,46.7010793],[12.0800547,46.7011129],[12.0799508,46.7011653],[12.0796873,46.7013272],[12.0795263,46.7014711],[12.0792192,46.7017061],[12.0791542,46.7017535],[12.0790878,46.7018427],[12.0789349,46.7020032],[12.0788337,46.7021232],[12.0787807,46.7021623],[12.078666,46.702217],[12.078438,46.7022768],[12.0781712,46.7023596],[12.0780625,46.7024152],[12.0779888,46.7024593],[12.0779029,46.7024966],[12.0778325,46.70252],[12.0777614,46.7025476],[12.0777118,46.702612],[12.0777132,46.7026681],[12.07775,46.7028199],[12.0777407,46.7030098],[12.0777474,46.7031657],[12.0777561,46.7032503],[12.077746,46.7032829],[12.0777152,46.7033096],[12.0775905,46.7034039],[12.077398,46.7034908],[12.0772344,46.7035763],[12.0771378,46.7036384],[12.0771258,46.7036582],[12.0771036,46.7036683],[12.0769528,46.7038062],[12.0768951,46.7038481],[12.0768374,46.7038766],[12.0767389,46.7039433],[12.0766651,46.7040817],[12.0765773,46.7041189],[12.076132,46.7041497],[12.0759094,46.7041907],[12.0756707,46.7042155],[12.0755473,46.7042229],[12.0753314,46.7042472],[12.074986,46.7042431],[12.0748754,46.70425],[12.0746427,46.7042928],[12.0745012,46.7043079],[12.0744094,46.7043217],[12.0742893,46.7043254],[12.0739507,46.7043061],[12.0738434,46.704313],[12.0737308,46.7043249],[12.0736235,46.7043323],[12.0735249,46.7043314],[12.0734163,46.7043259],[12.0732178,46.7043406],[12.0731179,46.704342],[12.0727853,46.7043263],[12.0725553,46.7043047],[12.0724433,46.7042882],[12.0723407,46.7042555],[12.0722334,46.7042399],[12.0721221,46.704239],[12.0720115,46.7042229],[12.071815,46.7042109],[12.0717198,46.7041999],[12.0716232,46.7041695],[12.071467,46.7041171],[12.0713832,46.7041102],[12.0712128,46.7041056],[12.0711096,46.7041097],[12.0708776,46.7041314],[12.0707589,46.7041511],[12.0706543,46.7041534],[12.0705389,46.7041599],[12.070441,46.7041566],[12.070329,46.7041599],[12.0702365,46.7041599],[12.0701279,46.7041663],[12.0700293,46.7041966],[12.0699254,46.7042371],[12.0698355,46.7042997],[12.0697752,46.7043737],[12.0696887,46.7044215],[12.069293,46.7045572],[12.0692314,46.7046036],[12.069234,46.7046795],[12.0692977,46.7047342],[12.0693339,46.7047894],[12.0693259,46.7048588],[12.0692971,46.7049315],[12.0692428,46.7050046],[12.069171,46.7050648],[12.069106,46.7051343],[12.0691066,46.7051798],[12.0691442,46.7052299],[12.0692951,46.7053375],[12.0693427,46.7053665],[12.0693561,46.7054074],[12.0693232,46.7054341],[12.0692032,46.7054368],[12.0691764,46.7054469],[12.0691844,46.705469],[12.0692367,46.7055426],[12.0692602,46.7056019],[12.0692159,46.7056985],[12.0691509,46.705733],[12.0689477,46.7057495],[12.0688739,46.7057757],[12.0686983,46.7058934],[12.0686386,46.7059468],[12.0685595,46.7059813],[12.0684984,46.7060268],[12.0683724,46.706144],[12.0682825,46.7061882],[12.0682295,46.7062011],[12.0681645,46.7062314],[12.0681303,46.7062406],[12.0679975,46.7063064],[12.0678319,46.7064333],[12.0677407,46.7064861],[12.0675744,46.706557],[12.067506,46.7066181],[12.0674819,46.706659],[12.0674557,46.7066788],[12.0674088,46.7066931],[12.0672686,46.7067225],[12.06716,46.7067657],[12.0670816,46.7068163],[12.0670152,46.7068954],[12.0669428,46.7070205],[12.0669166,46.7072775],[12.0668314,46.707432],[12.0666719,46.7075653],[12.06659,46.707649],[12.0665592,46.7077175],[12.0665324,46.7078352],[12.0664955,46.7079497],[12.0664512,46.7080261],[12.0665783,46.7080511],[12.0666648,46.7081247],[12.0666923,46.7082429],[12.0666655,46.7084006],[12.0666045,46.7085983],[12.0664502,46.7088112],[12.0663731,46.7090071],[12.0663369,46.7092728],[12.0663577,46.7094218],[12.0663691,46.709448],[12.0664455,46.709511],[12.0665046,46.7095188],[12.0666058,46.7095101],[12.0666527,46.7095326],[12.0667493,46.7095666],[12.0668385,46.709614],[12.0669022,46.7096857],[12.0669444,46.7097772],[12.0669733,46.709906],[12.0670182,46.7100278],[12.067092,46.7101184],[12.0672509,46.7102655],[12.0674936,46.7104154],[12.0675452,46.7104278],[12.0676043,46.7104223],[12.0676619,46.7104007],[12.0677203,46.7103717],[12.0678571,46.7103327],[12.0679348,46.7103184],[12.0680046,46.710334],[12.0681038,46.7104476],[12.0681186,46.7105037],[12.0681508,46.7105662],[12.0682064,46.7106347],[12.0682842,46.7106917],[12.068368,46.7107317],[12.0684096,46.7107667],[12.0684384,46.7108127],[12.0684894,46.7108651],[12.0685055,46.7108986],[12.0685015,46.7109308],[12.0684894,46.7109695],[12.0684652,46.7110104],[12.068423,46.7110384],[12.0683694,46.7110536],[12.0683291,46.7110775],[12.0683063,46.7111065],[12.0682762,46.7111557],[12.068242,46.7111998],[12.0681997,46.7112384],[12.0681588,46.7112596],[12.0681085,46.7112968],[12.06802,46.7113442],[12.0679731,46.7113782],[12.0679047,46.7114481],[12.067851,46.711535],[12.0678121,46.7115704],[12.0677746,46.7115994],[12.0677384,46.7116242],[12.0676874,46.7116798],[12.0676465,46.7117023],[12.0676123,46.711718],[12.0675748,46.7117281],[12.0675479,46.7117419],[12.0675218,46.7117704],[12.0674554,46.7118706],[12.067395,46.7119322],[12.0673394,46.7120072],[12.0673025,46.7120403],[12.0672616,46.712129],[12.0672294,46.7121676],[12.0671785,46.7122072],[12.0670886,46.7122752],[12.0670685,46.7122996],[12.0670571,46.7123644],[12.0670336,46.7123911],[12.0669987,46.7124095],[12.0669458,46.7124338],[12.0668995,46.7124564],[12.066866,46.7124844],[12.066866,46.7125148],[12.0668781,46.7125667],[12.0668519,46.7126164],[12.0667768,46.7126863],[12.0667225,46.7127538],[12.0666849,46.7127778],[12.066634,46.7128407],[12.0666112,46.7128858],[12.0665803,46.7129217],[12.066528,46.7129948],[12.0665039,46.7130495],[12.0664784,46.7130872],[12.0664382,46.7131281],[12.0663483,46.713192],[12.0663101,46.7132619],[12.0662746,46.7133777],[12.0662102,46.7135511],[12.0661639,46.7136412],[12.0661478,46.7136876],[12.0660962,46.7137879],[12.066066,46.7138311],[12.0660023,46.713901],[12.0659741,46.7139419],[12.0659346,46.7140026],[12.065832,46.7141419],[12.0657502,46.7142311],[12.0657066,46.7142793],[12.0656704,46.7143635],[12.0656677,46.7144035],[12.0656496,46.7144471],[12.065604,46.7144986],[12.0655651,46.7145621],[12.0655115,46.7146154],[12.0654377,46.7146646],[12.0653914,46.7146982],[12.065313,46.7147441],[12.0652781,46.7148002],[12.0652593,46.7148908],[12.0652607,46.7149244],[12.0652714,46.7149556],[12.0652976,46.7150002],[12.0653116,46.715037],[12.0653552,46.7150954],[12.065488,46.7151722],[12.0655517,46.7151878],[12.0656181,46.7151906],[12.0657039,46.7151841],[12.0657549,46.7151818],[12.0657998,46.7151759],[12.0658682,46.7151703],[12.0659493,46.715168],[12.0660023,46.7151713],[12.0660399,46.7151878],[12.0660492,46.7152117],[12.0660405,46.7152384],[12.0660466,46.7152683],[12.0660788,46.7153216],[12.0661203,46.7153437],[12.066174,46.7153611],[12.066239,46.7153717],[12.0662917,46.7153885],[12.066474,46.7154106],[12.0665532,46.7154349],[12.0666035,46.7154579],[12.0667027,46.7154795],[12.0667778,46.7154795],[12.0669139,46.715486],[12.0669689,46.7155025],[12.0670836,46.7155149],[12.0671365,46.7155278],[12.0671935,46.7155361],[12.0672626,46.7155388],[12.067337,46.7155278],[12.0675094,46.7155361],[12.0675717,46.7155466],[12.0676207,46.7155462],[12.0677072,46.7155623],[12.0677608,46.7155595],[12.0677877,46.7155738],[12.0677823,46.7155926],[12.0677374,46.7156381],[12.0676758,46.7156803],[12.067532,46.7157378],[12.067533,46.7157649],[12.0675686,46.7157826],[12.0676138,46.7157858],[12.0676587,46.7158037],[12.0677365,46.7158228],[12.0677432,46.71585],[12.0677234,46.715887],[12.0675857,46.7159945],[12.0675209,46.7160309],[12.0674981,46.7160488],[12.0674834,46.7160676],[12.0673986,46.716124],[12.0673607,46.7161297],[12.0673342,46.7161453],[12.0673308,46.7161637],[12.0673449,46.716186],[12.0673865,46.7162322],[12.0674167,46.7162483],[12.0674438,46.7162575],[12.0674582,46.7162706],[12.0674606,46.7162899],[12.0674445,46.7163108],[12.0674324,46.716337],[12.0674187,46.7163543],[12.067408,46.7163775],[12.0674036,46.7164044],[12.0675602,46.7164099],[12.0677513,46.7164118],[12.0679213,46.7164083],[12.068057,46.7163991],[12.0681412,46.7163833],[12.0682552,46.7163499],[12.0684054,46.716295],[12.0684694,46.7162718],[12.0685107,46.7162596],[12.0685623,46.7162488],[12.0686042,46.7162428],[12.0686371,46.7162407],[12.0686689,46.7162426],[12.0686917,46.716249],[12.0687182,46.7162628],[12.068741,46.7162839],[12.0687722,46.7163233],[12.0688107,46.7163961],[12.0688315,46.7164405],[12.0688584,46.7164924],[12.0689345,46.7166053],[12.0696312,46.7176659],[12.0705378,46.7188814],[12.0708113,46.7194165],[12.0711708,46.7198229],[12.0723778,46.7203231],[12.0739576,46.7211303],[12.0741775,46.7214208],[12.0749902,46.7219504],[12.0752745,46.7222372],[12.0768517,46.7235611],[12.0775081,46.7239431],[12.0778839,46.7239555],[12.0779065,46.7243996],[12.0779305,46.7257983],[12.0779687,46.7258268],[12.0780157,46.7258746],[12.0780841,46.7259991],[12.0781505,46.7260878],[12.0781719,46.7261315],[12.0781954,46.7261522],[12.0782249,46.7261954],[12.0784033,46.7263503],[12.0784683,46.7263986],[12.0785313,46.7264588],[12.0785729,46.7265245],[12.0785776,46.7265829],[12.078587,46.7266321],[12.0785809,46.7266826],[12.0785474,46.7267474],[12.0785126,46.726775],[12.0784763,46.7268251],[12.0784542,46.7268748],[12.0784643,46.7269649],[12.0785494,46.7271193],[12.0785642,46.7271703],[12.0785809,46.7272475],[12.0785803,46.7272917],[12.0785535,46.7273514],[12.0785179,46.7274098],[12.0784931,46.7275105],[12.0784542,46.7275688],[12.0784348,46.7276277],[12.0783536,46.7277435],[12.0782195,46.7279048],[12.0780626,46.7279922],[12.0779848,46.7280234],[12.0778977,46.728056],[12.0778661,46.7280878],[12.0778226,46.7281912],[12.0778071,46.7282247],[12.0777803,46.728244],[12.0777696,46.728262],[12.077726,46.7282928],[12.0776254,46.7283576],[12.0775423,46.7284251],[12.0774906,46.72845],[12.0775584,46.7285575],[12.0775711,46.7286016],[12.0776093,46.7286609],[12.0776576,46.7286963],[12.0776958,46.72874],[12.0777287,46.7287984],[12.0777361,46.7288379],[12.0777307,46.7288884],[12.0777106,46.7289307],[12.0776992,46.728979],[12.0776013,46.7290429],[12.0775825,46.7290994],[12.0775919,46.7291431],[12.0776187,46.7292097],[12.0776502,46.7292626],[12.0776677,46.7293118],[12.077675,46.7293747],[12.0776603,46.7294667],[12.0776335,46.7295255],[12.0776006,46.7297608],[12.0776241,46.7298812],[12.0776274,46.7299534],[12.0776207,46.7300072],[12.0775946,46.7300587],[12.0775791,46.7301299],[12.0775691,46.7302425],[12.077549,46.7302931],[12.0774893,46.7303643],[12.0774155,46.7305068],[12.0773753,46.7305504],[12.0773056,46.7306051],[12.0772365,46.7306897],[12.077217,46.7308106],[12.0771761,46.7309181],[12.0771735,46.7309489],[12.0771862,46.7309894],[12.0772224,46.7310583],[12.0772727,46.7311034],[12.0773069,46.7311581],[12.0773364,46.7312417],[12.0773438,46.7313152],[12.0773324,46.7313258],[12.0773257,46.7313842],[12.0772449,46.7313904],[12.0766709,46.7315205],[12.0751574,46.7320945],[12.0746586,46.7323363],[12.0742696,46.7325651],[12.0742616,46.7325909],[12.074043,46.732828],[12.0736755,46.7330532],[12.0733671,46.7331396],[12.072443,46.7334319],[12.0717349,46.7337233],[12.0712079,46.7340184],[12.070422,46.7345533],[12.0701551,46.7347555],[12.0697541,46.7352124],[12.0694108,46.7356876],[12.0693598,46.7356793],[12.0685364,46.7363071],[12.0669217,46.7374771],[12.0668869,46.7375139],[12.0663906,46.7378199],[12.0662445,46.7378751],[12.0658985,46.7380598],[12.0654572,46.7383144],[12.0650013,46.73849],[12.0645748,46.738671],[12.0638291,46.7389146],[12.0631505,46.7390414],[12.062661,46.7390543],[12.0624639,46.7390157],[12.0620508,46.7388741],[12.0616109,46.7388006],[12.0613763,46.7387786],[12.0607714,46.7388052],[12.0605662,46.7387666],[12.0601196,46.7387657],[12.0594679,46.7387988],[12.0590763,46.7387629],[12.0581201,46.7387639],[12.0573932,46.7387574],[12.0572939,46.7387492],[12.0568152,46.7388732],[12.0563981,46.7390874],[12.0561057,46.7391232],[12.0558442,46.739239],[12.0555344,46.7393309],[12.0552809,46.7393227],[12.0550141,46.7394081],[12.054605,46.7395019],[12.0544106,46.7395212],[12.0541853,46.739557],[12.0540806,46.7396361],[12.0531405,46.7398373],[12.0527348,46.7398718],[12.0525592,46.7399095],[12.0520522,46.7399352],[12.0516056,46.7400244],[12.0510544,46.7400786],[12.050801,46.7401604],[12.0504898,46.7402992],[12.0502793,46.7403075],[12.0501344,46.7403966],[12.0499521,46.740551],[12.049885,46.7405666],[12.0496168,46.7407523],[12.0493392,46.7410547],[12.0490079,46.7412807],[12.0485104,46.7414223],[12.0482167,46.7415794],[12.0477097,46.741652],[12.0473275,46.7416612],[12.0474509,46.741267],[12.0475468,46.7411602],[12.0476373,46.7410648],[12.0476142,46.7409496],[12.0476028,46.7409276],[12.0476102,46.7408789],[12.0479052,46.7402764],[12.0482639,46.7398275],[12.0484276,46.7395839],[12.0484738,46.7394971],[12.0484939,46.7394235],[12.0484946,46.7393215],[12.0484839,46.7391326],[12.0484799,46.7390545],[12.0484872,46.7389962],[12.0485047,46.7389599],[12.0485462,46.7389116],[12.0485516,46.7388781],[12.0485362,46.7388514],[12.0485107,46.7388082],[12.0484859,46.7386373],[12.0484812,46.7385136],[12.0484946,46.738305],[12.0485154,46.7380734],[12.04851,46.7379452],[12.0484986,46.7379084],[12.0484168,46.7377581],[12.0484041,46.7377218],[12.048384,46.7375302],[12.0483779,46.7373937],[12.0483779,46.7371033],[12.0483826,46.736981],[12.0484115,46.7367131],[12.0483887,46.7365389],[12.0483712,46.73639],[12.0483779,46.7362577],[12.0484322,46.7358151],[12.0484363,46.7357356],[12.048439,46.735668],[12.0484249,46.7355394],[12.0483732,46.7353495],[12.0483585,46.7352861],[12.0483551,46.7351823],[12.0483612,46.7350297],[12.0483585,46.7349355],[12.0483484,46.7348647],[12.0483518,46.7348174],[12.0483578,46.7347976],[12.04839,46.7347526],[12.0484014,46.7347185],[12.0484034,46.734645],[12.048394,46.7346147],[12.0483645,46.7345673],[12.0480903,46.7344217],[12.0480601,46.7344102],[12.0479904,46.7343679],[12.0479548,46.7343311],[12.047936,46.7342819],[12.0479139,46.7341978],[12.0479039,46.7341698],[12.0478864,46.7341445],[12.0478375,46.7341206],[12.0477282,46.7340931],[12.0477168,46.7340862],[12.0476437,46.7338968],[12.0476095,46.7338283],[12.0475397,46.7337594],[12.0473567,46.7336201],[12.0472997,46.7335687],[12.0472286,46.7334666],[12.047132,46.7333136],[12.047067,46.7332456],[12.0470348,46.7332189],[12.0469845,46.7332028],[12.0468471,46.7331753],[12.0467197,46.7331399],[12.0466687,46.7331104],[12.0466385,46.7330815],[12.0465889,46.7330222],[12.0462664,46.7326959],[12.0461349,46.732592],[12.0460913,46.7325553],[12.0460484,46.7325245],[12.0460196,46.7324987],[12.0459914,46.7324643],[12.0459774,46.7324335],[12.0459707,46.7323806],[12.0459733,46.732331],[12.04598,46.7322593],[12.045976,46.7322087],[12.0459673,46.7321664],[12.0459425,46.732098],[12.0459083,46.7320341],[12.0458721,46.7319918],[12.0458392,46.7319614],[12.0457849,46.7319228],[12.045736,46.7318939],[12.0456689,46.7318603],[12.0455858,46.7318226],[12.0455107,46.7317919],[12.0454282,46.7317666],[12.0452693,46.7317234],[12.045172,46.7316981],[12.0450725,46.7316711],[12.0449887,46.7316454],[12.0449143,46.7316178],[12.0448888,46.7316063],[12.0448177,46.7315769],[12.0447446,46.731548],[12.0446896,46.7315291],[12.044642,46.7315071],[12.0446132,46.7314951],[12.0445569,46.7314731],[12.0444952,46.7314478],[12.0444623,46.7314303],[12.0444194,46.7314138],[12.0443879,46.7314023],[12.0443108,46.7313706],[12.0441237,46.7312938],[12.043885,46.7312088],[12.0437267,46.7311573],[12.0435993,46.7311132],[12.0434887,46.7310778],[12.0433378,46.7310236],[12.043142,46.7309537],[12.0430682,46.7309252],[12.0430334,46.7309114],[12.0430025,46.7308981],[12.042961,46.7308668],[12.0429382,46.7308411],[12.0428543,46.7307455],[12.0427618,46.7306237],[12.042743,46.7306044],[12.0427216,46.7305267],[12.0427028,46.7304592],[12.042682,46.730427],[12.0426545,46.7304104],[12.0426089,46.7303985],[12.0425734,46.7303943],[12.0425197,46.7303957],[12.0424527,46.7304012],[12.0424104,46.7304072],[12.0423521,46.7304132],[12.042273,46.7304187],[12.0422274,46.7304196],[12.0422146,46.7304251],[12.0420953,46.7304256],[12.0420725,46.730421],[12.0420383,46.7304022],[12.0420249,46.7303957],[12.0419994,46.7303847],[12.0419551,46.7303649],[12.0419189,46.7303502],[12.0418928,46.7303378],[12.041874,46.7303286],[12.0418418,46.7303162],[12.0418002,46.7302932],[12.041752,46.7302693],[12.0417251,46.7302588],[12.0416353,46.7302123],[12.0414569,46.7301117],[12.0412182,46.7299862],[12.0411458,46.729954],[12.0410988,46.7299333],[12.0410573,46.7299159],[12.0410063,46.7298938],[12.0409708,46.7298805],[12.0408112,46.7298161],[12.0407388,46.729789],[12.0406341,46.7297546],[12.0405483,46.7297288],[12.0404524,46.7296999],[12.0403827,46.729681],[12.0403277,46.72967],[12.0403076,46.7296631],[12.0402513,46.7296626],[12.0402311,46.7296663],[12.0401661,46.7296672],[12.0401527,46.7296723],[12.0400568,46.729675],[12.0400414,46.7296718],[12.0398778,46.729675],[12.0397356,46.7296796],[12.0397155,46.7296847],[12.0395532,46.7296893],[12.0395069,46.7296851],[12.0392837,46.7296622],[12.0391442,46.7296447],[12.0386473,46.7295716],[12.0385782,46.7295615],[12.0384978,46.7295583],[12.0383952,46.7295574],[12.0382611,46.7295528],[12.0380016,46.7295574],[12.0377635,46.7295684],[12.0376723,46.7295735],[12.0370816,46.7296415],[12.0369924,46.7296484],[12.0368556,46.7296511],[12.0367979,46.7296493],[12.0367429,46.7296291],[12.0367007,46.7296089],[12.0366343,46.7295679],[12.0365974,46.7295496],[12.0365304,46.729533],[12.0364626,46.7295206],[12.0363708,46.72951],[12.0362937,46.7295041],[12.0362393,46.7295008],[12.0362058,46.7295137],[12.0361435,46.7295243],[12.0361059,46.7295289],[12.036071,46.7295385],[12.0360435,46.7295473],[12.0359919,46.7295932],[12.0359222,46.7297012],[12.0358699,46.7297674],[12.0358323,46.7297955],[12.0357867,46.7298157],[12.0357411,46.7298336],[12.0356928,46.7298451],[12.0356298,46.7298548],[12.0355949,46.7298598],[12.035316,46.7298883],[12.0352168,46.729852],[12.035092,46.7298042],[12.0349841,46.7297775],[12.0348164,46.7297495],[12.0346595,46.7297219],[12.0345469,46.7296971],[12.0344845,46.7296888],[12.0344309,46.7296897],[12.0343544,46.7296865],[12.034101,46.7296833],[12.0339957,46.7296911],[12.0338569,46.7297049],[12.0337308,46.7297339],[12.0336235,46.7297702],[12.0333084,46.7299053],[12.0330636,46.7300303],[12.0328752,46.7301434],[12.0326029,46.7303282],[12.032324,46.7305097],[12.0321993,46.7305823],[12.032159,46.730614],[12.0320772,46.7307165],[12.0318291,46.731087],[12.031807,46.7311113],[12.0317681,46.7311421],[12.0315663,46.7313186],[12.0311854,46.7317001],[12.0309091,46.7319722],[12.0306731,46.7321818],[12.0304867,46.7323252],[12.0303351,46.7324152],[12.0302238,46.7324575],[12.0301165,46.7324787],[12.0300455,46.7324796],[12.0299717,46.732463],[12.0299113,46.7324327],[12.0298322,46.732384],[12.0297638,46.7323206],[12.0296552,46.7321919],[12.0295157,46.7319658],[12.0293266,46.7316054],[12.029163,46.7312773],[12.0289967,46.7309748],[12.0289431,46.7308921],[12.0289069,46.7307993],[12.0288452,46.7306356],[12.028809,46.7305704],[12.0287902,46.7305437],[12.0287365,46.7305088],[12.0286588,46.7304637],[12.0284576,46.7303875],[12.0280284,46.730268],[12.0278876,46.7302192],[12.0277736,46.7301632],[12.0276811,46.7301016],[12.0275577,46.7299885],[12.0274088,46.7298212],[12.0272439,46.7296052],[12.0268724,46.7289782],[12.0266873,46.7286712],[12.0264681,46.7281408],[12.0264459,46.7281458],[12.0264386,46.7281417],[12.0264426,46.7281206],[12.0264406,46.7281105],[12.0264231,46.7281054],[12.0263279,46.7281086],[12.02628,46.7281098],[12.0262371,46.7281217],[12.0261157,46.7281272],[12.0259843,46.7281355],[12.0258146,46.7281424],[12.0257449,46.7281084],[12.0253325,46.727982],[12.0247645,46.7278579],[12.0245922,46.7278349],[12.023978,46.7277522],[12.023176,46.7276984],[12.0224685,46.727743],[12.0220495,46.7277499],[12.0217148,46.7277678],[12.0213782,46.7276897],[12.0210865,46.7276805],[12.0206366,46.7276625],[12.0203268,46.7277103],[12.0199647,46.7277365],[12.0198628,46.7277016],[12.0194658,46.7275986],[12.0192023,46.7276258],[12.0187195,46.7276083],[12.0183259,46.7274796],[12.0179282,46.7272893],[12.0177941,46.7272732],[12.0173113,46.7275329],[12.0168822,46.7276083],[12.0164021,46.7276524],[12.0157798,46.7276635],[12.0153319,46.7277609],[12.0149429,46.7277848],[12.014723,46.7277646],[12.0144575,46.727634],[12.0140524,46.7274778],[12.0134972,46.7273123],[12.0125913,46.727298],[12.0122976,46.727401],[12.0117615,46.7276871],[12.0117447,46.7276991],[12.0109803,46.7279091],[12.0107537,46.727962],[12.0106202,46.7279739],[12.0104767,46.7279294],[12.0101589,46.7278811],[12.0098337,46.7279289],[12.0093723,46.728093],[12.0090397,46.7282994],[12.0088433,46.7285425],[12.0086743,46.728662],[12.0083927,46.7288082],[12.0083021,46.728878],[12.0081942,46.7291465],[12.0080158,46.7294264],[12.0078475,46.7295891],[12.0076269,46.7298502],[12.0075229,46.7301622],[12.007413,46.7304343],[12.0068477,46.7309684],[12.0067176,46.7311362],[12.0066955,46.731127],[12.0066177,46.7310806],[12.0065238,46.7310144],[12.0064896,46.7309928],[12.0064581,46.7309781],[12.0064105,46.7309656],[12.0063562,46.7309675],[12.0062341,46.7309923],[12.0061617,46.7310033],[12.0060826,46.7310089],[12.0060115,46.7310153],[12.0059626,46.7310245],[12.0059129,46.7310465],[12.005807,46.7310897],[12.0056642,46.7311564],[12.0055361,46.731218],[12.0054597,46.7312478],[12.0053919,46.7312699],[12.0053571,46.7312763],[12.0053148,46.73128],[12.0053027,46.7312823],[12.0052726,46.73128],[12.0051076,46.7312828],[12.0050841,46.7312878],[12.0050184,46.7312897],[12.0049447,46.7312754],[12.0045745,46.7311853],[12.0044585,46.7311601],[12.0044029,46.7311532],[12.0043224,46.7311509],[12.0041688,46.7311398],[12.004103,46.7311367],[12.0040362,46.7311333],[12.0039216,46.7311246],[12.0038334,46.7311108],[12.0037875,46.7310928],[12.0037318,46.7310607],[12.0036681,46.7310202],[12.0036399,46.7310046],[12.0035943,46.7309899],[12.0035467,46.7309899],[12.0033308,46.7309972],[12.0032879,46.7309844],[12.0032611,46.7309697],[12.0032108,46.7309384],[12.0031766,46.7309223],[12.0031417,46.7309164],[12.0031055,46.7309187],[12.003068,46.7309306],[12.0030143,46.7309527],[12.0029426,46.7309816],[12.0028118,46.7310386],[12.0025925,46.731086],[12.0024075,46.7311232],[12.0021956,46.7311535],[12.0020125,46.7311659],[12.001743,46.7311728],[12.0016451,46.731171],[12.0015813,46.7311668],[12.0014989,46.7311613],[12.0014325,46.7311526],[12.0013473,46.7311342],[12.0012742,46.7311126],[12.0011267,46.731063],[12.0009879,46.7310207],[12.0009188,46.7310018],[12.0008578,46.7309766],[12.0007593,46.7309196],[12.0007351,46.730909],[12.0007049,46.7308865],[12.0005923,46.7307776],[12.000481,46.7306709],[12.0003784,46.7305841],[12.0003046,46.7305307],[12.0002295,46.7304885],[12.0000921,46.7304145],[11.9998111,46.7302665],[11.9985488,46.729575],[11.9979459,46.729125],[11.9979124,46.7290988],[11.9976737,46.7290335],[11.9974732,46.7289958],[11.9974189,46.7289871],[11.9973123,46.7289912],[11.997213,46.729005],[11.9971393,46.7290119],[11.9970829,46.7290087],[11.9970092,46.7289889],[11.9969039,46.7289397],[11.9968248,46.7288919],[11.9966732,46.7287904],[11.9965941,46.7287403],[11.9965204,46.7286929],[11.9964835,46.7286626],[11.9964359,46.7286516],[11.9963842,46.728646],[11.996295,46.728646],[11.9959839,46.7286557],[11.9959249,46.7286534],[11.9958813,46.7286465],[11.9958109,46.7286323],[11.9957579,46.7286171],[11.9956976,46.7285849],[11.9956426,46.7285532],[11.9955836,46.7285128],[11.9953958,46.7283767],[11.9953938,46.728367],[11.9953596,46.7283487],[11.9951886,46.7282852],[11.9951605,46.7282724],[11.9949137,46.7281804],[11.9947648,46.7281161],[11.9945885,46.728032],[11.9945315,46.7280003],[11.9944611,46.7279561],[11.9944034,46.7279244],[11.9943478,46.7279065],[11.9942861,46.7278964],[11.9942217,46.7278932],[11.9939689,46.7279014],[11.9936276,46.727929],[11.9934217,46.727935],[11.9932769,46.7279235],[11.9931381,46.7278922],[11.9930328,46.7278633],[11.9929389,46.7278238],[11.9928444,46.7277838],[11.9927009,46.7277111],[11.9926198,46.7276652],[11.9923998,46.7275351],[11.9922925,46.7274708],[11.991968,46.7272901],[11.9916743,46.7271113],[11.9915616,46.7270364],[11.9913685,46.7268884],[11.9912391,46.7268084],[11.9911452,46.7267748],[11.9910661,46.7267643],[11.9910111,46.7267624],[11.9909326,46.7267716],[11.9908649,46.7267854],[11.9906946,46.7268397],[11.9900649,46.727047],[11.990012,46.727058],[11.9899865,46.727069],[11.989959,46.7271044],[11.9898913,46.7272032],[11.9898276,46.7273209],[11.9897967,46.7274036],[11.9897914,46.7274629],[11.9898061,46.7275461],[11.9898229,46.7276523],[11.9898195,46.7276974],[11.9898048,46.7277231],[11.9897733,46.7277396],[11.9897163,46.7277571],[11.9896391,46.7277787],[11.9895801,46.7278022],[11.9895252,46.7278173],[11.9889626,46.727867],[11.9886803,46.727884],[11.98852,46.7278812],[11.9883778,46.7278734],[11.9872989,46.7277686],[11.987193,46.7277686],[11.9871152,46.7277805],[11.9868309,46.7278256],[11.9867504,46.7278219],[11.9859404,46.7278155],[11.9858639,46.7278192],[11.9856413,46.7277484],[11.9851746,46.7275912],[11.9849386,46.7275231],[11.9847119,46.7274643],[11.9845362,46.727411],[11.9844598,46.7273715],[11.9843257,46.7272832],[11.9841755,46.7271913],[11.9839743,46.7270562],[11.983918,46.7270083],[11.9838308,46.7269615],[11.9836833,46.7268953],[11.9827982,46.7265432],[11.9827807,46.7265331],[11.9818393,46.7263805],[11.981446,46.7262263],[11.981336,46.7261927],[11.9811865,46.726161],[11.9810068,46.7261371],[11.9807647,46.7261146],[11.9806212,46.7260966],[11.9803845,46.7260608],[11.9800969,46.7260199],[11.9799171,46.7259863],[11.9796501,46.7259265],[11.9795638,46.7259138],[11.9794877,46.7259062],[11.979342,46.7259111],[11.9793353,46.725915],[11.9793073,46.725915],[11.9790367,46.7259522],[11.9789196,46.7259557],[11.9788535,46.7259538],[11.9788071,46.7259492],[11.9787146,46.7259388],[11.9784015,46.7259008],[11.9783007,46.7258762],[11.9781914,46.7258439],[11.9781483,46.7258363],[11.9780127,46.7258309],[11.9780015,46.7258278],[11.9778352,46.7258301],[11.9777982,46.7258374],[11.9777623,46.7258393],[11.9777069,46.725852],[11.9776716,46.7258647],[11.9776279,46.7258931],[11.9775539,46.7259415],[11.9775175,46.7259603],[11.977485,46.7259691],[11.9774357,46.7259722],[11.9773439,46.7259595],[11.9772963,46.7259542],[11.9772481,46.7259411],[11.9771764,46.7259242],[11.9769969,46.7258718],[11.9769039,46.7258464],[11.976803,46.7258223],[11.9766692,46.7257892],[11.9765991,46.7257792],[11.976584,46.7257746],[11.9765616,46.7257754],[11.9765336,46.7257677],[11.9764098,46.725757],[11.9760597,46.7257209],[11.9759852,46.7257167],[11.9759185,46.725714],[11.9758687,46.7257063],[11.9758239,46.7256909],[11.9757135,46.7256333],[11.975453,46.7254747],[11.9753382,46.7254145],[11.9751634,46.7253373],[11.9750962,46.7253146],[11.9748777,46.7252263],[11.974755,46.7251825],[11.9747041,46.7251625],[11.9746637,46.7251376],[11.9746548,46.7251241],[11.9746475,46.7250846],[11.9746167,46.7250013],[11.9746016,46.7249702],[11.9745696,46.7249345],[11.9745181,46.7248872],[11.9744212,46.7248104],[11.9743612,46.7247551],[11.9743344,46.7247163],[11.9743024,46.7246284],[11.9742246,46.7244525],[11.9741803,46.7243915],[11.9741204,46.7243204],[11.9740453,46.7242229],[11.9736493,46.7238562],[11.9734106,46.7236557],[11.9730084,46.7233524],[11.9726118,46.7230843],[11.9718388,46.7225882],[11.9717928,46.7225705],[11.9717783,46.7225444],[11.9717503,46.7224276],[11.9717436,46.7223247],[11.9717548,46.7222418],[11.9717917,46.7221465],[11.9718828,46.7219555],[11.9719113,46.7218929],[11.9719326,46.7218295],[11.9719466,46.7217742],[11.971955,46.7217163],[11.9719567,46.7216479],[11.9719466,46.7215369],[11.9719393,46.7214029],[11.9720805,46.721217],[11.9721046,46.7211732],[11.972136,46.7210976],[11.97215,46.7210753],[11.9721768,46.7210335],[11.9721892,46.7210066],[11.9721914,46.7209755],[11.972178,46.7208906],[11.9721488,46.7207823],[11.9721035,46.7206452],[11.9720962,46.7206356],[11.9720715,46.720621],[11.9719808,46.7205534],[11.9719365,46.7205166],[11.9716682,46.720247],[11.9714223,46.7199996],[11.9714122,46.7199831],[11.9714027,46.7199597],[11.971392,46.7199417],[11.9713663,46.7199075],[11.9713506,46.7198833],[11.9713433,46.7198629],[11.9713461,46.7198353],[11.971359,46.7197877],[11.9713859,46.719712],[11.9714934,46.7194823],[11.9715791,46.719285],[11.971792,46.7185649],[11.9721836,46.7171888],[11.9723281,46.7166358],[11.972348,46.7165695],[11.9723782,46.71649],[11.9724354,46.7163667],[11.9725485,46.7161471],[11.9725978,46.716043],[11.9726269,46.7159681],[11.9726477,46.715902],[11.9726572,46.7158456],[11.9726566,46.7158168],[11.9726449,46.7158056],[11.9726264,46.7157964],[11.9726023,46.7157914],[11.9725272,46.715786],[11.9724118,46.7157814],[11.9723878,46.7157791],[11.9716464,46.715653],[11.9714402,46.7156219],[11.971359,46.7156042],[11.9712649,46.7155762],[11.9709758,46.7154682],[11.9709551,46.7154629],[11.9709383,46.7154513],[11.9705675,46.715083],[11.9704823,46.7149885],[11.9703098,46.7147723],[11.9701725,46.7146106],[11.9701266,46.7145457],[11.9700006,46.7143506],[11.9699429,46.714243],[11.9699171,46.7141847],[11.9698992,46.7141274],[11.9698913,46.7140741],[11.9698891,46.7139888],[11.9698947,46.7138421],[11.9698908,46.7137683],[11.9698835,46.7137203],[11.969865,46.7136754],[11.9698538,46.7136619],[11.9698336,46.7136554],[11.9698017,46.7136554],[11.9697479,46.7136646],[11.969655,46.7136831],[11.9696292,46.7136858],[11.9696034,46.7136858],[11.9695715,46.7136865],[11.969548,46.7136946],[11.9695205,46.7137161],[11.9694947,46.7137457],[11.9694791,46.7137852],[11.9694606,46.7138709],[11.9694623,46.7139016],[11.9694583,46.7139104],[11.969446,46.7139174],[11.969334,46.7139515],[11.9690158,46.7140337],[11.9689424,46.7140548],[11.9687351,46.7141297],[11.9684209,46.7142573],[11.9679739,46.7144397],[11.9677778,46.7145119],[11.9675717,46.7145726],[11.9673734,46.7146164],[11.9671997,46.7146433],[11.9671403,46.7146425],[11.967072,46.7146287],[11.966988,46.7146048],[11.9669174,46.7145887],[11.9665141,46.7145027],[11.9663561,46.714475],[11.9659797,46.7144312],[11.9657321,46.7144097],[11.9655662,46.7144028],[11.9655046,46.7144036],[11.965399,46.7144149],[11.965245,46.7144345],[11.9650669,46.7144495],[11.9647039,46.7144837],[11.9646938,46.7144956],[11.9646243,46.7145059],[11.9643963,46.7145259],[11.9642804,46.7145417],[11.9641879,46.7145616],[11.9641017,46.7145939],[11.9640036,46.71464],[11.9637902,46.7147652],[11.9637118,46.7148044],[11.9636435,46.7148328],[11.9635813,46.7148508],[11.9635191,46.7148574],[11.9634519,46.7148589],[11.9633331,46.714857],[11.9631578,46.7148643],[11.9626284,46.7149081],[11.9624161,46.7149192],[11.9622789,46.7149181],[11.9621612,46.7149096],[11.9620397,46.7148904],[11.9619601,46.7148674],[11.9617702,46.7147894],[11.9617344,46.7147779],[11.9616588,46.7147383],[11.961624,46.7147249],[11.9615927,46.7147191],[11.9615546,46.7147187],[11.9614924,46.7147249],[11.9613938,46.7147387],[11.9612241,46.7147717],[11.9609574,46.7148263],[11.9608471,46.7148432],[11.9606975,46.7148578],[11.9605042,46.7148681],[11.9603676,46.7148758],[11.9603116,46.7148789],[11.9602555,46.7148777],[11.9601407,46.7148681],[11.9600264,46.7148631],[11.9598718,46.7148612],[11.9597771,46.7148574],[11.9596657,46.7148432],[11.9596186,46.7148332],[11.9595721,46.7148193],[11.9595301,46.7147928],[11.9595049,46.714771],[11.9594724,46.7147356],[11.959436,46.7146968],[11.9594091,46.7146676],[11.9593671,46.7146361],[11.9593139,46.7146143],[11.9592556,46.7146012],[11.959203,46.7145904],[11.9591576,46.7145785],[11.9591021,46.7145609],[11.9589907,46.7145493],[11.9588792,46.7145405],[11.958808,46.7145309],[11.9587291,46.7145132],[11.9584747,46.7144464],[11.9583638,46.7144214],[11.9582389,46.7143696],[11.9581084,46.7143089],[11.9579762,46.7142382],[11.9578826,46.7141741],[11.9577919,46.7140984],[11.9577308,46.7140366],[11.9574844,46.7137509],[11.9572984,46.7135673],[11.957351,46.713293],[11.9573796,46.7132435],[11.9574351,46.7131601],[11.9575342,46.713068],[11.9575785,46.7130434],[11.9577488,46.7128129],[11.9577874,46.7127841],[11.9578233,46.712773],[11.9578726,46.7127649],[11.9579269,46.7127634],[11.9580585,46.7127899],[11.9581398,46.7127883],[11.9581902,46.7127833],[11.9582356,46.7127653],[11.9582714,46.7127261],[11.9583078,46.7126777],[11.9583414,46.7126466],[11.9583734,46.7126266],[11.9583397,46.7125709],[11.9583067,46.7125491],[11.9581762,46.7124914],[11.9581246,46.7124649],[11.9580597,46.7124104],[11.9580154,46.7123801],[11.9578423,46.7122975],[11.9577958,46.7122641],[11.9575667,46.711923],[11.957565,46.7118531],[11.9575561,46.7118097],[11.9575331,46.7117809],[11.957532,46.7117482],[11.9575521,46.7117133],[11.9575667,46.7116668],[11.9575605,46.7116142],[11.9575348,46.7115639],[11.9575258,46.7115293],[11.9574816,46.7114801],[11.9573572,46.7113983],[11.9571869,46.7113],[11.9571191,46.7112447],[11.9570469,46.7111763],[11.9569976,46.7111367],[11.9569516,46.7111141],[11.9569029,46.7111053],[11.9567511,46.7111083],[11.9567091,46.7111053],[11.9566038,46.7110826],[11.9565225,46.7110761],[11.9564564,46.7110522],[11.9563735,46.7109628],[11.956271,46.7109036],[11.9562044,46.7108775],[11.9561483,46.7108675],[11.9560498,46.7108775],[11.9559764,46.7109201],[11.9559232,46.7109697],[11.9558498,46.7110814],[11.9555893,46.7118008],[11.9555417,46.7118999],[11.9555081,46.7119426],[11.9554252,46.7119956],[11.9553439,46.7120248],[11.955168,46.7120563],[11.9549518,46.7120835],[11.9539459,46.7120886],[11.953705,46.7120612],[11.9534664,46.7120049],[11.9532742,46.7119479],[11.9531815,46.7119095],[11.9530521,46.7118411],[11.9528351,46.711709],[11.9527382,46.7116567],[11.9526984,46.711639],[11.95229,46.7114833],[11.9521777,46.7114228],[11.9520589,46.7113387],[11.9519704,46.71125],[11.951952,46.7112068],[11.9518943,46.7111088],[11.9517685,46.7109429],[11.9516259,46.7108069],[11.9514666,46.7106723],[11.9511344,46.7104718],[11.9506946,46.7102279],[11.9505244,46.710105],[11.9503994,46.710022],[11.9500028,46.70979],[11.9499843,46.7097792],[11.9499737,46.7097696],[11.9498566,46.7096559],[11.949786,46.7095976],[11.9495698,46.7094074],[11.9494645,46.7093248],[11.9493642,46.7092603],[11.9492897,46.7092196],[11.9491833,46.7091727],[11.9490679,46.7091259],[11.9488125,46.7090318],[11.9484215,46.7088992],[11.9482534,46.7088385],[11.9481464,46.7088109],[11.947947,46.7087706],[11.9475896,46.7087079],[11.9472681,46.708678],[11.9472031,46.7086692],[11.9466575,46.7085758],[11.9464581,46.7085524],[11.9463499,46.7085355],[11.9462838,46.7085197],[11.9462256,46.7085017],[11.9462127,46.7084932],[11.9462009,46.7084763],[11.9461931,46.7084076],[11.9461645,46.7083065],[11.9461511,46.7082847],[11.9460161,46.7081226],[11.9458413,46.7079305],[11.94568,46.7077676],[11.9455976,46.7076966],[11.9455187,46.707637],[11.9453237,46.7074957],[11.9450095,46.707309],[11.9449047,46.7072433],[11.9447848,46.7071542],[11.9446621,46.7070539],[11.9441541,46.7066056],[11.9440521,46.7065227],[11.944002,46.7064967],[11.9438681,46.7064368],[11.9437975,46.7064122],[11.9429447,46.706175],[11.9428864,46.7061562],[11.9427654,46.7061105],[11.9426898,46.706084],[11.9425783,46.7060498],[11.9425156,46.7060256],[11.9424674,46.706001],[11.9424399,46.7059749],[11.9424203,46.7059472],[11.9424114,46.7059177],[11.9424119,46.705885],[11.9424192,46.7058693],[11.9424758,46.7058124],[11.9425621,46.7057479],[11.9427206,46.7056542],[11.942813,46.705605],[11.9428993,46.7055662],[11.94312,46.7054805],[11.9433659,46.7053753],[11.9433782,46.7053672],[11.9433878,46.7053541],[11.943539,46.705245],[11.9435754,46.7052132],[11.9436045,46.7051786],[11.9436527,46.7050925],[11.9436835,46.7050153],[11.9437054,46.7049397],[11.9437138,46.7048674],[11.9437087,46.7047991],[11.9436902,46.7047061],[11.9436533,46.7045932],[11.9435933,46.7044172],[11.9435777,46.7043496],[11.9435631,46.7042751],[11.9435597,46.7041837],[11.9435715,46.7041184],[11.9435844,46.7040538],[11.9436169,46.7039658],[11.9436757,46.7038318],[11.9437496,46.7036735],[11.9438353,46.7035099],[11.943893,46.7034165],[11.9439591,46.7033197],[11.944023,46.703241],[11.9440695,46.7031945],[11.9441227,46.7031484],[11.9441832,46.7031011],[11.9442706,46.7030427],[11.9444202,46.7029444],[11.9444902,46.7028967],[11.9445692,46.7028384],[11.9448896,46.7025798],[11.9449921,46.7025057],[11.9451075,46.7024346],[11.9451489,46.7024135],[11.9451887,46.7023989],[11.9452402,46.7023893],[11.9452979,46.7023808],[11.9453741,46.7023739],[11.945429,46.7023674],[11.9454789,46.7023566],[11.9455534,46.7023332],[11.9456329,46.7023048],[11.9457959,46.7022371],[11.9458872,46.7021826],[11.9461186,46.7020512],[11.9462155,46.7019921],[11.9463326,46.7019145],[11.9464911,46.7017977],[11.9468886,46.7014921],[11.9470476,46.7013661],[11.9471989,46.7012739],[11.9476627,46.7012911],[11.9481926,46.7012958],[11.948731,46.7012988],[11.9489377,46.7012765],[11.9492077,46.7012339],[11.9494788,46.7012324],[11.9501269,46.7009757],[11.9512775,46.700988],[11.9515778,46.7010633],[11.9518097,46.701091],[11.952595,46.7009815],[11.9532818,46.7009116],[11.9531272,46.7007817],[11.9529087,46.7006442],[11.9525569,46.7005251],[11.9519217,46.7004529],[11.9517077,46.7003714],[11.9514489,46.7001187],[11.9509011,46.6996907],[11.9506792,46.6996331],[11.9502045,46.6995987],[11.950004,46.6995633],[11.9497328,46.6994554],[11.9497356,46.6994442],[11.9493256,46.6992053],[11.949269,46.6991861],[11.9491995,46.6991715],[11.9491144,46.6991619],[11.9488343,46.6991496],[11.9485044,46.6991215],[11.9483582,46.6991038],[11.9483307,46.6990946],[11.9482887,46.6990704],[11.9482579,46.699057],[11.9482097,46.6990389],[11.9481358,46.6990147],[11.9481016,46.6989978],[11.9480798,46.6989774],[11.9480764,46.6989563],[11.948087,46.6989248],[11.9481313,46.6988614],[11.9481789,46.6988049],[11.948198,46.698775],[11.9482036,46.6987527],[11.9481968,46.6987377],[11.9481711,46.6987358],[11.9481038,46.6987458],[11.9480383,46.6987558],[11.9480047,46.6987565],[11.9479829,46.6987512],[11.9479666,46.69874],[11.9479487,46.6987193],[11.9479313,46.6986816],[11.9479072,46.6986148],[11.947891,46.698586],[11.947868,46.6985644],[11.9478372,46.6985472],[11.9477862,46.6985295],[11.9476658,46.6985026],[11.9476171,46.6984915],[11.9475851,46.6984803],[11.9473431,46.6984523],[11.9472882,46.6984507],[11.9472014,46.6984488],[11.9471555,46.6984446],[11.9471112,46.698435],[11.9470877,46.6984269],[11.9468759,46.698312],[11.9465062,46.6981053],[11.9460895,46.697846],[11.9465908,46.697599],[11.9478728,46.6975834],[11.9481097,46.6974247],[11.9482671,46.6972442],[11.948005,46.6969261],[11.9475798,46.6965734],[11.9475277,46.6965422],[11.9472443,46.6964689],[11.9468835,46.6964838],[11.9466163,46.6965023],[11.9465581,46.6965084],[11.9464547,46.6965277],[11.9464281,46.6965326],[11.9463878,46.6965353],[11.9462791,46.6965461],[11.9462326,46.6965445],[11.9461878,46.6965326],[11.9461491,46.6965138],[11.9461234,46.6964938],[11.9461183,46.6964831],[11.9461183,46.6964696],[11.9461346,46.6964496],[11.9461424,46.6964289],[11.9461659,46.6963617],[11.946176,46.6963348],[11.9461962,46.6963052],[11.9462343,46.6962633],[11.9462584,46.6962326],[11.9462724,46.6962034],[11.946274,46.6961734],[11.946274,46.6960954],[11.9462617,46.695974],[11.9462326,46.6957688],[11.946227,46.6956897],[11.9462236,46.6956286],[11.9462264,46.6955475],[11.946232,46.6954054],[11.9462404,46.695307],[11.9462578,46.6951937],[11.9462712,46.6951503],[11.9462724,46.6950826],[11.9462841,46.6948925],[11.9463261,46.6946834],[11.9463401,46.6945436],[11.9463379,46.6943188],[11.9463446,46.6940022],[11.9463939,46.6937118],[11.9464597,46.6934096],[11.9464625,46.6929946],[11.9464956,46.6926507],[11.9465981,46.6925055],[11.9467073,46.6924083],[11.9469706,46.6922815],[11.9470025,46.6922469],[11.9470855,46.692235],[11.9472653,46.6922746],[11.9474272,46.6923322],[11.9475073,46.6923802],[11.9476243,46.6923748],[11.9477039,46.6924459],[11.9477873,46.6924909],[11.9478165,46.6924982],[11.9478221,46.6924955],[11.9478753,46.6923387],[11.9479392,46.6921935],[11.9479372,46.6920077],[11.9480369,46.6917168],[11.9481142,46.6914544],[11.9483982,46.6913822],[11.9484856,46.6913411],[11.9485702,46.6912884],[11.9485937,46.6912907],[11.9487102,46.6912492],[11.9488138,46.6912063],[11.9488598,46.6911863],[11.948978,46.6911347],[11.9491959,46.6910048],[11.9494519,46.6909914],[11.9496043,46.6909449],[11.9496317,46.6909026],[11.9496771,46.6907793],[11.9497746,46.6907267],[11.9497746,46.6905607],[11.949788,46.6901407],[11.9498099,46.6901411],[11.9499129,46.6900692],[11.950086,46.6899797],[11.9501925,46.6899524],[11.9503644,46.6898271],[11.9505694,46.6897395],[11.9508627,46.6895383],[11.9509072,46.6895078],[11.9509627,46.6894586],[11.9513279,46.6893257],[11.9516433,46.6892842],[11.9519024,46.6892184],[11.9522052,46.6890982],[11.9524808,46.6890513],[11.9529719,46.6889275],[11.9535302,46.6885334],[11.9537287,46.688366],[11.9537774,46.6883093],[11.9537731,46.6882139],[11.9537493,46.6879663],[11.9537555,46.687573],[11.9536617,46.6874093],[11.9535463,46.6872933],[11.9533693,46.6872142],[11.9530099,46.6872124],[11.9527336,46.6872694],[11.9524279,46.6872805],[11.9523528,46.6872418],[11.9527256,46.6869677],[11.9531534,46.6867331],[11.9538575,46.6862722],[11.9546916,46.685584],[11.957056,46.6841957],[11.9577963,46.6839602],[11.9583459,46.6838683],[11.9598345,46.6836195],[11.9600076,46.68358],[11.9613331,46.6830879],[11.9616218,46.682974],[11.9621967,46.6827476],[11.962248,46.6827263],[11.9624992,46.6826293],[11.9625492,46.6826059],[11.9624876,46.6825992],[11.9622372,46.6825723],[11.9620574,46.6825528],[11.961825,46.6825341],[11.9616225,46.6825143],[11.9615511,46.6823933],[11.9615618,46.6822093],[11.9615688,46.6820455],[11.9616262,46.6819517],[11.9616838,46.6818273],[11.9617765,46.68171],[11.9618742,46.681568],[11.961873,46.6814447],[11.9619183,46.6813404],[11.9619214,46.6812492],[11.9619816,46.6811109],[11.9620364,46.680964],[11.96206,46.6808887],[11.9621394,46.6807051],[11.9614757,46.6806621],[11.961403,46.6799578],[11.9612702,46.6793982],[11.9608957,46.6784724],[11.9605487,46.6780365],[11.9604364,46.6775577],[11.9602461,46.6771494],[11.9600484,46.6766779],[11.9601552,46.6761351],[11.9600348,46.6758826],[11.9599423,46.6756719],[11.9596021,46.6753895],[11.9596573,46.6748372],[11.9598392,46.6743866],[11.9598019,46.6740461],[11.9595814,46.6737461],[11.9595787,46.6733592],[11.9592656,46.6723244],[11.9576584,46.6711634],[11.9572174,46.6707593],[11.9568442,46.6703484],[11.9563477,46.6700077],[11.9558997,46.669609],[11.9552681,46.6689698],[11.9558119,46.6686933],[11.9579308,46.6682529],[11.9592391,46.6676349],[11.9592371,46.6674564],[11.9589414,46.6667289],[11.9588227,46.6657961],[11.9591043,46.6653277],[11.9597132,46.6646231],[11.9601906,46.6643286],[11.9602603,46.6640608],[11.9603395,46.6638905],[11.9603851,46.6638583],[11.9603529,46.6638031],[11.9603058,46.6635375],[11.9603048,46.6635108],[11.9603319,46.663465],[11.9603919,46.6633426],[11.960398,46.6632333],[11.9604305,46.6631949],[11.960401,46.663101],[11.9603725,46.6630483],[11.9602548,46.6630066],[11.9601334,46.6630561],[11.9600084,46.6630308],[11.9599698,46.6629123],[11.9598646,46.6628426],[11.9598401,46.662714],[11.959936,46.6626479],[11.9599873,46.6626401],[11.9600436,46.6625998],[11.960063,46.6625128],[11.9600557,46.6624896],[11.9601006,46.6623515],[11.9602773,46.6622933],[11.9604043,46.6621339],[11.9604037,46.6619259],[11.9604845,46.661797],[11.9605405,46.6617473],[11.9606152,46.6616155],[11.9606136,46.6616037],[11.9606474,46.661456],[11.9606813,46.6613911],[11.9606156,46.6612767],[11.9606122,46.6612132],[11.9606883,46.6611322],[11.9607105,46.6610448],[11.9606957,46.6609406],[11.9607862,46.6607744],[11.9608372,46.660722],[11.9609082,46.6605919],[11.9611528,46.6600691],[11.96125,46.6597644],[11.9616999,46.6595651],[11.9623893,46.6590911],[11.9623852,46.6589922],[11.9623993,46.6589724],[11.9624282,46.6588785],[11.9624241,46.6587326],[11.9624095,46.6586305],[11.9624108,46.6585951],[11.9625315,46.6585526],[11.962726,46.6584773],[11.9627421,46.6584302],[11.9627434,46.6584134],[11.9627042,46.6582843],[11.9627414,46.6580252],[11.9628534,46.6576439],[11.9629184,46.6575405],[11.9629801,46.6574579],[11.9629063,46.6573583],[11.9629043,46.657182],[11.9629519,46.6570987],[11.962966,46.6570911],[11.9632051,46.6568532],[11.9631883,46.6565369],[11.9629533,46.6563314],[11.9628954,46.6563134],[11.9628662,46.656256],[11.9628885,46.6561931],[11.9634062,46.6560065],[11.9634696,46.6560028],[11.9636067,46.6559989],[11.9636627,46.6559892],[11.9637901,46.6558799],[11.9638696,46.6558295],[11.9641653,46.6557232],[11.9646534,46.6557198],[11.9648164,46.6556917],[11.9648794,46.6556834],[11.9651037,46.6555433],[11.965211,46.6554864],[11.9655295,46.6554043],[11.9656569,46.6553375],[11.9658584,46.6552153],[11.9659778,46.6551244],[11.9660623,46.6550535],[11.9661129,46.6549741],[11.9662715,46.6548533],[11.9663979,46.6548266],[11.9665457,46.6548144],[11.9665913,46.6548011],[11.9666641,46.6547742],[11.966704,46.65475],[11.9667221,46.6546593],[11.9667979,46.6545928],[11.9668629,46.654518],[11.9669585,46.6544377],[11.9670711,46.6543696],[11.9672083,46.6543171],[11.9672857,46.6542785],[11.9673994,46.6542306],[11.9674144,46.6541859],[11.9673662,46.654127],[11.9674201,46.6540548],[11.9674175,46.6539201],[11.9673383,46.653846],[11.9671955,46.6537913],[11.9671077,46.6538253],[11.9670225,46.6538401],[11.9669427,46.6538419],[11.9669025,46.6537807],[11.9668327,46.6537411],[11.9667724,46.6537328],[11.9665665,46.6538005],[11.9664867,46.6537936],[11.9663862,46.6537485],[11.9663627,46.6537347],[11.9662997,46.6535565],[11.966415,46.6534336],[11.9667717,46.653226],[11.9668736,46.6532302],[11.9669997,46.6532201],[11.9670829,46.6531101],[11.967044,46.6529416],[11.9670527,46.6528721],[11.9670245,46.6528592],[11.9669407,46.6528399],[11.9668971,46.6527957],[11.9668079,46.6527566],[11.9667999,46.6526222],[11.9667389,46.6525895],[11.9668804,46.6522733],[11.9669233,46.6520307],[11.9670265,46.6518268],[11.9670902,46.6517987],[11.9672465,46.651795],[11.9674269,46.6516468],[11.9676468,46.6515548],[11.967742,46.6514645],[11.9677695,46.6514153],[11.9677615,46.6512712],[11.9678989,46.6510853],[11.9680753,46.6508975],[11.9680672,46.6507562],[11.9679405,46.6507594],[11.967858,46.6507129],[11.9679023,46.6506236],[11.9679257,46.6505076],[11.9678471,46.6504891],[11.9677569,46.6504785],[11.9677522,46.6504115],[11.9677375,46.6503733],[11.9677502,46.6503625],[11.9677546,46.6502384],[11.9677781,46.6501519],[11.9678592,46.6500529],[11.9678954,46.6499381],[11.9681274,46.6497091],[11.9682612,46.6496099],[11.9685686,46.6492911],[11.9685998,46.6491077],[11.9685016,46.6489042],[11.96846,46.6488603],[11.9684174,46.6488522],[11.9682984,46.6488623],[11.9682414,46.6487012],[11.9680868,46.6485903],[11.9679728,46.6484711],[11.9679279,46.6483891],[11.9678937,46.6482895],[11.9678897,46.648229],[11.9678615,46.6480531],[11.9677211,46.6480352],[11.9676922,46.6478671],[11.9676956,46.6477373],[11.9676218,46.6476448],[11.9675926,46.647469],[11.9676051,46.6473458],[11.9676798,46.647263],[11.9677318,46.647126],[11.9677398,46.6471237],[11.9677596,46.6469773],[11.9677469,46.6469714],[11.967776,46.6468724],[11.9677237,46.646874],[11.9675812,46.6469796],[11.9674629,46.6469822],[11.9672161,46.64708],[11.9669744,46.6472786],[11.9668148,46.6473108],[11.9667048,46.6472482],[11.9666271,46.6472611],[11.9665432,46.647199],[11.9665238,46.6471097],[11.9665312,46.6469891],[11.966617,46.6468482],[11.9667813,46.6466889],[11.9668141,46.646578],[11.9668752,46.6464744],[11.9670582,46.6463603],[11.9671005,46.6461729],[11.9671387,46.645899],[11.9670743,46.6457098],[11.9671347,46.6455883],[11.9671554,46.6454953],[11.9671172,46.6454654],[11.9671072,46.6453913],[11.9668537,46.645185],[11.9666398,46.6452292],[11.9665563,46.6452519],[11.9664266,46.6452872],[11.9662401,46.6454354],[11.9661047,46.6455933],[11.9658754,46.6456707],[11.96578,46.6456717],[11.9656707,46.645654],[11.965268,46.6455727],[11.9650692,46.6455769],[11.9647738,46.6455672],[11.9647205,46.6455391],[11.9645723,46.6453647],[11.9644771,46.6453283],[11.9641277,46.6451623],[11.9640634,46.6450977],[11.9639943,46.6447577],[11.9639906,46.6446712],[11.9640446,46.6445759],[11.96405,46.6445082],[11.9639782,46.6444569],[11.9638464,46.6444546],[11.9636687,46.6444656],[11.9635165,46.6445526],[11.9633103,46.6447368],[11.9629124,46.6448841],[11.9628275,46.6448976],[11.9622197,46.6447582],[11.9615625,46.6446631],[11.9614529,46.6445646],[11.9613426,46.6444258],[11.9612527,46.644368],[11.9606479,46.6443897],[11.9605889,46.6444265],[11.9600893,46.6444219],[11.9598298,46.6444872],[11.9596535,46.6443565],[11.9594409,46.6441277],[11.9593095,46.6440605],[11.9593189,46.644055],[11.9592572,46.6439841],[11.9592324,46.6439021],[11.9592835,46.6437961],[11.9594515,46.643716],[11.9595132,46.6436962],[11.9596101,46.6436085],[11.9596593,46.6435144],[11.9595973,46.6433977],[11.9595598,46.6433795],[11.9594592,46.6433461],[11.959311,46.6433404],[11.9591202,46.643359],[11.9589817,46.6433922],[11.9588674,46.6434035],[11.9587417,46.6433885],[11.958732,46.6433832],[11.9584406,46.6434233],[11.9584265,46.6434297],[11.9583373,46.6434511],[11.9581647,46.6434221],[11.9580966,46.6433818],[11.9576728,46.6433208],[11.9575434,46.6432267],[11.9574857,46.6431121],[11.9574328,46.6430481],[11.9572698,46.6429878],[11.9570972,46.6429686],[11.9569815,46.6429675],[11.9567699,46.6429827],[11.9565798,46.6429875],[11.9565108,46.6430039],[11.9562375,46.6430345],[11.9560826,46.643063],[11.9558892,46.6430764],[11.9557138,46.6430856],[11.9555857,46.6431229],[11.9554704,46.6431871],[11.955343,46.6432092],[11.9551056,46.6431958],[11.954478,46.6431885],[11.954301,46.6431411],[11.9541742,46.6431208],[11.9539053,46.6430992],[11.9536727,46.643095],[11.9535047,46.643087],[11.9531932,46.6430796],[11.953038,46.6430877],[11.9527221,46.6431351],[11.9525344,46.6431344],[11.9523486,46.6430439],[11.9521998,46.6429995],[11.9519715,46.6429585],[11.9518089,46.6429348],[11.9517596,46.6429362],[11.9516161,46.642904],[11.95143,46.6429291],[11.951252,46.6430218],[11.9510015,46.643057],[11.9505987,46.6430761],[11.9503885,46.6431499],[11.9501699,46.6431737],[11.9500884,46.6432348],[11.9498417,46.6433176],[11.949388,46.643349],[11.948519,46.6433802],[11.9483366,46.6434336],[11.9480778,46.6435266],[11.9479611,46.6436845],[11.9476661,46.6439331],[11.9474294,46.64416],[11.9473489,46.6441619],[11.9468969,46.6441927],[11.9468044,46.6442926],[11.9467394,46.6443414],[11.9466354,46.6445269],[11.9464624,46.6446858],[11.9461627,46.6450389],[11.9459833,46.6450923],[11.9457597,46.6450875],[11.9453091,46.6450129],[11.9451679,46.6450085],[11.9449631,46.6450893],[11.9449084,46.6451004],[11.9448478,46.6450348],[11.9448209,46.6448136],[11.9450932,46.6446426],[11.9453859,46.6443956],[11.9454697,46.644112],[11.9453842,46.6438275],[11.945232,46.6436001],[11.9449396,46.6434049],[11.944608,46.6429229],[11.9445735,46.6427993],[11.9444233,46.6426481],[11.9440552,46.6425516],[11.9436072,46.6425067],[11.9433176,46.6423682],[11.9431167,46.6423051],[11.9428783,46.6422075],[11.9426732,46.6420482],[11.9426386,46.6419529],[11.9426198,46.6418295],[11.9425729,46.6417994],[11.9423429,46.6417273],[11.9415989,46.6415475],[11.941322,46.6415434],[11.9410531,46.6415319],[11.9407681,46.6414525],[11.9404865,46.6414219],[11.9404265,46.6413551],[11.9403648,46.6412138],[11.9403648,46.6409626],[11.9405458,46.6407083],[11.9405683,46.6406001],[11.9405006,46.6403816],[11.9405686,46.6400748],[11.9403896,46.6399134],[11.9403142,46.639869],[11.9402612,46.6397705],[11.9401901,46.6395727],[11.9401281,46.6394684],[11.9398994,46.6394371],[11.9396496,46.6394199],[11.9392617,46.6394491],[11.9386643,46.6394463],[11.93844,46.6394081],[11.9382807,46.6393695],[11.937762,46.6393115],[11.9373879,46.6392346],[11.9370016,46.6391034],[11.9368132,46.6390688],[11.9364551,46.6388833],[11.9361319,46.6386577],[11.9359656,46.6385012],[11.9357571,46.6380757],[11.9357846,46.6379335],[11.9357135,46.6377433],[11.9355405,46.6375803],[11.9351019,46.6362203],[11.9350067,46.6359845],[11.9350094,46.6356116],[11.9347813,46.635345],[11.9347277,46.6352276],[11.9347119,46.6351749],[11.9346972,46.635152],[11.9347022,46.6351363],[11.9346876,46.6351238],[11.9346744,46.6350011],[11.9347072,46.6348384],[11.934844,46.6346662],[11.9348856,46.6345622],[11.9348666,46.6344762],[11.934842,46.634421],[11.9347566,46.6343619],[11.9344527,46.6338972],[11.9342924,46.6337627],[11.9342099,46.633724],[11.9341603,46.6337075],[11.9340812,46.6336577],[11.9340302,46.6336158],[11.9340295,46.6336076],[11.9340114,46.6336011],[11.9339759,46.6334745],[11.9340161,46.6333014],[11.9339757,46.6331988],[11.9339489,46.6331907],[11.9338869,46.6331551],[11.9336374,46.6330367],[11.9334698,46.6329741],[11.933388,46.6329218],[11.9331617,46.6327156],[11.9327877,46.6322749],[11.9327793,46.6322536],[11.9327337,46.6321884],[11.9322518,46.6318756],[11.9321661,46.6317976],[11.931895,46.6315806],[11.9318215,46.6315113],[11.9310981,46.6311812],[11.9308892,46.6310567],[11.9307995,46.6310223],[11.9307226,46.631014],[11.9305365,46.6310319],[11.9302592,46.6310942],[11.9300671,46.6311214],[11.9298936,46.6311347],[11.9287919,46.631079],[11.9284184,46.6310825],[11.9284134,46.6309644],[11.9285693,46.6307311],[11.9286507,46.6306397],[11.9287701,46.6304763],[11.9288368,46.6303568],[11.9290286,46.6300814],[11.9291057,46.6300006],[11.929207,46.6298673],[11.9292767,46.6297904],[11.929507,46.6296665],[11.9298239,46.6294133],[11.9299419,46.6291964],[11.9303204,46.6286728],[11.9309983,46.6278757],[11.9310473,46.6276749],[11.9310889,46.6275672],[11.9311667,46.6274691],[11.931335,46.6273107],[11.9313765,46.6272522],[11.9314932,46.6271251],[11.9316924,46.626835],[11.93186,46.6265628],[11.9319774,46.6264445],[11.9321027,46.6263004],[11.9322377,46.6261616],[11.9323182,46.6260612],[11.9324754,46.6259083],[11.932512,46.6258259],[11.932581,46.6257207],[11.9327232,46.625641],[11.9327473,46.6256357],[11.9329736,46.6254978],[11.9330621,46.6253329],[11.9330574,46.6253171],[11.9330564,46.6251545],[11.933036,46.6250838],[11.9329944,46.6248968],[11.9330078,46.6247683],[11.9330363,46.6246654],[11.933038,46.624542],[11.9330544,46.6244897],[11.9331342,46.6243817],[11.9331939,46.6242834],[11.9332231,46.6242088],[11.9333394,46.6241393],[11.9334541,46.6240244],[11.9334866,46.6240094],[11.933552,46.6239348],[11.9336391,46.6236992],[11.9337407,46.6236587],[11.9338336,46.623652],[11.9339064,46.6236286],[11.9339054,46.6235316],[11.933895,46.6234957],[11.9338876,46.6233746],[11.9338792,46.6233129],[11.9338832,46.6232772],[11.9338893,46.6232735],[11.9339154,46.6232297],[11.9340006,46.6231422],[11.9341025,46.623058],[11.9342152,46.6229055],[11.9342212,46.62283],[11.9342621,46.6227572],[11.9343265,46.6227093],[11.9343553,46.6226582],[11.9343479,46.6225504],[11.9344069,46.6223893],[11.9343794,46.6223566],[11.9344472,46.6222861],[11.9346007,46.622159],[11.9346765,46.6221346],[11.9347925,46.6219725],[11.9348166,46.6219462],[11.9348368,46.6219356],[11.9350808,46.6216188],[11.9351593,46.6215718],[11.9351962,46.6215133],[11.9352304,46.6214226],[11.9352411,46.6213558],[11.9351828,46.6211476],[11.9351707,46.6210495],[11.9351801,46.6209643],[11.9352096,46.6209118],[11.9352552,46.6208584],[11.9355529,46.6207764],[11.935742,46.6207074],[11.9361128,46.6205973],[11.9362335,46.6205273],[11.9363214,46.6204504],[11.9363576,46.6204108],[11.9364126,46.6203053],[11.9364608,46.6201805],[11.9365158,46.6200874],[11.936603,46.6200082],[11.9366533,46.6199474],[11.9366841,46.619876],[11.9366888,46.6198235],[11.9367069,46.6198001],[11.9367311,46.6197577],[11.9367948,46.6197314],[11.9368384,46.619702],[11.9368618,46.6196264],[11.9369269,46.6194652],[11.9369658,46.6194077],[11.9371911,46.6193128],[11.9372642,46.6192962],[11.9374237,46.6192925],[11.9375404,46.6192663],[11.9375879,46.6192217],[11.937643,46.61917],[11.9376645,46.6190968],[11.9376846,46.6189379],[11.9376651,46.6188108],[11.9376732,46.6188098],[11.9376718,46.61879],[11.937645,46.6187279],[11.9376571,46.6186602],[11.9377456,46.6183221],[11.9377563,46.6181319],[11.9377657,46.6180752],[11.9377899,46.6180342],[11.9377999,46.6179969],[11.9378039,46.6179582],[11.9379287,46.617757],[11.9379582,46.6176879],[11.9379649,46.6176068],[11.9379884,46.6175622],[11.9380487,46.6175313],[11.9382016,46.6174014],[11.9383008,46.6172969],[11.9383773,46.6171854],[11.938394,46.6171145],[11.9383732,46.6169887],[11.9383417,46.6169339],[11.9384115,46.61681],[11.9384222,46.616805],[11.9384416,46.6167617],[11.9384819,46.6167101],[11.9385429,46.6166778],[11.9385986,46.6166396],[11.9387105,46.6165756],[11.9387655,46.6165318],[11.9388393,46.6164093],[11.9388821,46.6163779],[11.9388976,46.6163665],[11.9389265,46.6163669],[11.938968,46.6163315],[11.9389747,46.6162615],[11.9389989,46.6162159],[11.9390576,46.6161449],[11.9391725,46.6160058],[11.9392409,46.6159312],[11.9392711,46.6156604],[11.9392664,46.61539],[11.9392557,46.615291],[11.9391229,46.6149469],[11.9391404,46.6148594],[11.9391518,46.6147636],[11.9391383,46.6147097],[11.9389801,46.6142182],[11.9389767,46.6141901],[11.9391538,46.6139953],[11.9391524,46.6139792],[11.9391679,46.613946],[11.9392456,46.6138516],[11.939253,46.6138184],[11.9393187,46.613765],[11.9394052,46.6136862],[11.93942,46.6136195],[11.9394528,46.6135439],[11.9394897,46.6134886],[11.939487,46.6134403],[11.9394622,46.6133988],[11.9394971,46.6133458],[11.9394776,46.6133274],[11.9394649,46.613257],[11.9394642,46.6130948],[11.939304,46.6128295],[11.9392564,46.6127982],[11.9392128,46.6127392],[11.9392041,46.612713],[11.9392416,46.612654],[11.9392785,46.612549],[11.9392798,46.6123974],[11.9393147,46.6122896],[11.9393221,46.6121459],[11.9393482,46.6120603],[11.9393851,46.6120008],[11.9393811,46.611818],[11.939363,46.611782],[11.9392832,46.6117189],[11.9392208,46.6116434],[11.9391377,46.6115794],[11.9390351,46.6112661],[11.9390197,46.6112523],[11.9390143,46.6112261],[11.9390036,46.6112127],[11.9389345,46.6110727],[11.9389345,46.6109861],[11.9389124,46.6108783],[11.9388708,46.6108119],[11.9387729,46.6107115],[11.9387595,46.6106641],[11.9387159,46.6106033],[11.9385509,46.6104411],[11.9384832,46.6103711],[11.9384577,46.6102771],[11.9383719,46.6101468],[11.9383049,46.6101058],[11.938278,46.6100229],[11.9381842,46.6099178],[11.9381962,46.609834],[11.9381432,46.6097589],[11.9380574,46.6096917],[11.9380138,46.6096184],[11.9379991,46.6095673],[11.9380031,46.609506],[11.9380118,46.6094885],[11.9380044,46.6094475],[11.9380118,46.6094273],[11.9380125,46.6093407],[11.9379796,46.6092458],[11.937928,46.6091209],[11.9379387,46.6090279],[11.9380118,46.6089445],[11.9380561,46.6088496],[11.938038,46.6087275],[11.9379803,46.6085534],[11.937928,46.6084972],[11.9378335,46.6083742],[11.9378227,46.6083194],[11.937863,46.6082277],[11.937989,46.6079937],[11.9380333,46.6077979],[11.9379166,46.6075266],[11.9379079,46.6073981],[11.9379314,46.6072539],[11.9379595,46.6071664],[11.9379414,46.6069139],[11.9378891,46.6067937],[11.93782,46.6067333],[11.9376799,46.6064749],[11.93769,46.6064394],[11.9375746,46.6060981],[11.9375418,46.6060736],[11.9374895,46.6060059],[11.9373983,46.6059354],[11.9373071,46.6059023],[11.9371354,46.605858],[11.9370321,46.6058134],[11.9369785,46.6057406],[11.9369403,46.6055913],[11.9369282,46.6052845],[11.9368712,46.6051882],[11.9368337,46.6051592],[11.9367974,46.6050694],[11.9367291,46.6049837],[11.9366902,46.6049077],[11.936668,46.6046059],[11.936715,46.6043668],[11.9369,46.6040093],[11.9370819,46.6037738],[11.9371342,46.6036899],[11.9372268,46.603584],[11.9373086,46.6035158],[11.9373341,46.6034623],[11.9374051,46.603384],[11.9374802,46.6033684],[11.9375272,46.603349],[11.937562,46.6033149],[11.937605,46.6032071],[11.9375969,46.603103],[11.9375741,46.6029906],[11.93755,46.6026441],[11.9375634,46.6023963],[11.937605,46.6021797],[11.937672,46.6020111],[11.9377042,46.6018462],[11.9376962,46.6015347],[11.9376613,46.6014776],[11.9374145,46.6013302],[11.9372643,46.6012906],[11.9371812,46.6012592],[11.9370953,46.6011828],[11.9370953,46.601109],[11.9370668,46.6010448],[11.9369227,46.6008605],[11.9368637,46.600714],[11.9368596,46.6006587],[11.9368804,46.6005371],[11.9368355,46.6004477],[11.9368308,46.6004035],[11.9368509,46.6001454],[11.9369468,46.5998801],[11.9369361,46.5998151],[11.9369616,46.5996898],[11.9369334,46.5995635],[11.9369052,46.5995267],[11.9368912,46.5994802],[11.9369153,46.5993866],[11.9369207,46.5993359],[11.9369837,46.5992654],[11.9369958,46.5992051],[11.936985,46.5991516],[11.9370052,46.5990715],[11.9369347,46.5989282],[11.9368952,46.5988858],[11.936863,46.5987872],[11.9368804,46.5987434],[11.9368409,46.5985766],[11.9367617,46.598525],[11.9367021,46.5984946],[11.9364794,46.5984145],[11.9361971,46.5983334],[11.9360389,46.5982643],[11.9359578,46.5981975],[11.9358907,46.5981182],[11.9358008,46.5979828],[11.9357231,46.5978892],[11.9355494,46.5977224],[11.9353308,46.597633],[11.9351685,46.5974879],[11.9351222,46.5973566],[11.9350854,46.5973239],[11.9349774,46.5972585],[11.9348983,46.5971935],[11.9348983,46.5971433],[11.9349171,46.5970156],[11.934915,46.5969765],[11.9345858,46.5968217],[11.9345268,46.5966659],[11.9344222,46.5965484],[11.9344068,46.5964941],[11.9344141,46.5964383],[11.9344772,46.5964005],[11.9345087,46.5963521],[11.9345798,46.5962936],[11.934628,46.5962365],[11.9346636,46.596172],[11.9346428,46.5961241],[11.9346301,46.5960513],[11.9346589,46.5959969],[11.9346964,46.5958965],[11.9347333,46.5958329],[11.9347293,46.5957831],[11.9346958,46.5957393],[11.934624,46.5957122],[11.9346052,46.5956965],[11.934675,46.5954951],[11.934455,46.5954661],[11.9344141,46.5953597],[11.9344001,46.5953569],[11.9343223,46.5952855],[11.9342123,46.5951998],[11.9341352,46.5951832],[11.9341144,46.5951841],[11.9340929,46.5951661],[11.933816,46.5951555],[11.9335411,46.594974],[11.933352,46.5949196],[11.9332936,46.5949242],[11.9331636,46.5949086],[11.9328397,46.5948298],[11.9326714,46.5948298],[11.9325607,46.5948132],[11.9324266,46.5947805],[11.9322362,46.5947925],[11.9320813,46.5947851],[11.9319358,46.5946939],[11.9315509,46.5946091],[11.9310996,46.5943377],[11.9306316,46.594087],[11.9303633,46.594005],[11.9300462,46.5938769],[11.9297069,46.5936456],[11.9292884,46.5935272],[11.9288412,46.5932594],[11.9284844,46.5929982],[11.9282444,46.5927452],[11.9279319,46.5924936],[11.9277737,46.5924383],[11.9275497,46.5924217],[11.9275041,46.5923522],[11.9275075,46.5923019],[11.9275041,46.5922065],[11.9275168,46.5920983],[11.9275302,46.5920729],[11.9275618,46.5919623],[11.9276677,46.5917674],[11.9279426,46.5914448],[11.9281988,46.5912928],[11.9282484,46.5912545],[11.9283282,46.5911633],[11.9284201,46.5910863],[11.9284616,46.5910389],[11.9284945,46.5910237],[11.9284992,46.5909338],[11.9284878,46.5908361],[11.9284925,46.590784],[11.9285716,46.5906371],[11.9285435,46.5905168],[11.9286031,46.5903841],[11.9286253,46.5902984],[11.9285528,46.5900633],[11.928577,46.5900371],[11.9286467,46.5900246],[11.9286856,46.5900085],[11.9286963,46.5898951],[11.928697,46.5898163],[11.9286367,46.5896154],[11.9286688,46.5895113],[11.9286286,46.5894417],[11.9286072,46.5893657],[11.9286387,46.5892611],[11.9286253,46.5892053],[11.9285937,46.5891459],[11.9285401,46.5890698],[11.9285207,46.5887583],[11.9285455,46.5887062],[11.9285958,46.5886399],[11.9286078,46.5885661],[11.9286011,46.5885136],[11.9285032,46.5884224],[11.9281834,46.5881715],[11.9278836,46.5879196],[11.9274706,46.5876265],[11.9272453,46.5874459],[11.9272449,46.5874019],[11.9271899,46.5872926],[11.9271329,46.587241],[11.9269217,46.5870982],[11.9266508,46.5869807],[11.9264805,46.5868931],[11.9264403,46.586871],[11.9264349,46.5868539],[11.9263082,46.586718],[11.9261506,46.5865986],[11.9260473,46.5864949],[11.9259662,46.5863613],[11.9259072,46.5862451],[11.9259085,46.5861613],[11.9259233,46.5860474],[11.9260212,46.5859479],[11.926164,46.5858267],[11.9263048,46.5856866],[11.9264336,46.5855055],[11.9265167,46.5854193],[11.9267521,46.5852635],[11.9268024,46.5852004],[11.9268124,46.5851377],[11.9267863,46.585046],[11.9267427,46.584982],[11.9266441,46.5848893],[11.9265905,46.5848211],[11.9266019,46.5847492],[11.9266099,46.5846266],[11.9266495,46.5846077],[11.9269016,46.5845829],[11.9270666,46.5845741],[11.927084,46.5845501],[11.9271443,46.5845073],[11.9271564,46.5845059],[11.9272825,46.5844543],[11.9273133,46.5844086],[11.9274012,46.5843561],[11.9275219,46.5843349],[11.9277814,46.5842478],[11.927951,46.5842063],[11.9279959,46.5841483],[11.9285626,46.584033],[11.9286712,46.5839865],[11.9287624,46.5839086],[11.9289656,46.5836542],[11.9290943,46.5835699],[11.9292747,46.5835468],[11.9294041,46.5835404],[11.929496,46.5834911],[11.929551,46.5834335],[11.9296126,46.5832984],[11.9296281,46.5831556],[11.9297333,46.5829597],[11.9298031,46.5827933],[11.9298494,46.5826145],[11.9298467,46.5825716],[11.9298165,46.5825301],[11.9298279,46.582497],[11.9300016,46.5824665],[11.9300606,46.5824366],[11.9300639,46.5823274],[11.930074,46.5822416],[11.9300478,46.5821767],[11.9300646,46.5821144],[11.9301229,46.5820707],[11.9301652,46.5818527],[11.9301598,46.581749],[11.9301819,46.5816678],[11.9302604,46.5814996],[11.9303187,46.5814033],[11.9303395,46.5812996],[11.9304461,46.5811484],[11.9305414,46.5810392],[11.9305642,46.5809378],[11.9305662,46.5807198],[11.9305581,46.5804718],[11.9306031,46.5804018],[11.9306285,46.5803764],[11.9306621,46.5802501],[11.930597,46.5801962],[11.9305253,46.5801856],[11.9303999,46.5801492],[11.9302376,46.5800722],[11.930079,46.5799591],[11.9293669,46.5795397],[11.9295272,46.5794848],[11.929725,46.5794309],[11.9299402,46.5793991],[11.9299992,46.5793714],[11.9300911,46.5791912],[11.9300891,46.5791212],[11.9301695,46.5790659],[11.9302963,46.5789308],[11.9305424,46.5787151],[11.9307435,46.5786049],[11.9308528,46.5785842],[11.9313034,46.578375],[11.9315241,46.5782786],[11.9316997,46.578262],[11.9320451,46.5782109],[11.9324756,46.5781339],[11.9326935,46.5781238],[11.9329865,46.5781284],[11.933248,46.578144],[11.9339253,46.578168],[11.9344068,46.5782104],[11.9348473,46.5782182],[11.9349412,46.5782348],[11.935245,46.5782298],[11.9352832,46.5782192],[11.9356674,46.578192],[11.9357076,46.5781938],[11.9360121,46.578091],[11.9361254,46.578097],[11.936289,46.5781431],[11.9366001,46.5782487],[11.9370313,46.5783298],[11.9373673,46.5783256],[11.9375014,46.5783468],[11.9377099,46.5783865],[11.937726,46.5781749],[11.9379915,46.5781247],[11.9384971,46.5780583],[11.9387419,46.5780334],[11.9389357,46.5780399],[11.9390698,46.5780325],[11.9391502,46.5780048],[11.9392126,46.5779325],[11.9392649,46.5778541],[11.9393414,46.5777559],[11.9394218,46.5777334],[11.9395164,46.5777154],[11.9396773,46.5776269],[11.9397757,46.5776042],[11.939891,46.5775975],[11.9401375,46.5775579],[11.9403531,46.5774954],[11.9404194,46.5774588],[11.9404221,46.5774007],[11.9403608,46.5773484],[11.9402927,46.577309],[11.9402682,46.5772707],[11.9400583,46.5771027],[11.9399695,46.5768298],[11.9396067,46.5764224],[11.9397616,46.5762647],[11.9397382,46.5758407],[11.9396081,46.5757144],[11.9395678,46.575212],[11.9394854,46.5748534],[11.9396329,46.574598],[11.9399058,46.5744062],[11.9400138,46.5743459],[11.9405354,46.573884],[11.940632,46.5738559],[11.9408151,46.5737572],[11.9410705,46.5735779],[11.9411021,46.5734442],[11.9412811,46.5733106],[11.9416378,46.5733465],[11.9419295,46.5732778],[11.942179,46.5730036],[11.9432351,46.5727514],[11.9433357,46.5725675],[11.9433042,46.5724458],[11.9430587,46.5723144],[11.9430788,46.5722103],[11.9433028,46.5721605],[11.9436884,46.5721522],[11.9438822,46.5720346],[11.9442188,46.5717502],[11.9441993,46.5715981],[11.9443167,46.5714344],[11.9446929,46.5714257],[11.9446949,46.5714787],[11.9448162,46.571647],[11.9451696,46.5717152],[11.9456323,46.5716778],[11.9460065,46.5714432],[11.9469687,46.5711339],[11.9477667,46.5706134],[11.9485931,46.570114],[11.9487038,46.5700753],[11.9487681,46.5700647],[11.9489854,46.5699794],[11.9492711,46.5698323],[11.9495024,46.5698342],[11.9498062,46.5697383],[11.9500013,46.5697171],[11.9501421,46.569688],[11.9502608,46.5696281],[11.9503882,46.5695954],[11.9507081,46.5694266],[11.9508294,46.5693893],[11.9508891,46.5693395],[11.9509863,46.5692372],[11.9510373,46.5692109],[11.95104,46.5691187],[11.9510339,46.5690823],[11.9510688,46.5689329],[11.9510849,46.5689274],[11.9510963,46.5687559],[11.9509146,46.5682073],[11.9508368,46.5681543],[11.9507423,46.5680501],[11.9506953,46.5679671],[11.9506625,46.5678228],[11.9505693,46.5677302],[11.9506933,46.5674831],[11.9513048,46.5670023],[11.9515449,46.5669958],[11.9515644,46.5668829],[11.9514074,46.5667639],[11.9514289,46.5667044],[11.9517675,46.5667049],[11.9519573,46.5664998],[11.9521176,46.5664278],[11.95231,46.5662923],[11.9526077,46.5660083],[11.953452,46.5654592],[11.9537785,46.5654247],[11.9540749,46.5653491],[11.9545637,46.5648756],[11.9549278,46.5646866],[11.9555126,46.564628],[11.9557473,46.5645091],[11.9560839,46.5645012],[11.9564185,46.5643975],[11.9566465,46.5644436],[11.9567846,46.5644915],[11.9569958,46.5644519],[11.9572754,46.5642537],[11.9575101,46.5639978],[11.9576818,46.5639162],[11.9579607,46.5634934],[11.9583611,46.5632666],[11.9592415,46.5630268],[11.9597411,46.5628507],[11.9600059,46.5626363],[11.9601769,46.5623537],[11.9602004,46.5623016],[11.9607583,46.5614736],[11.9611097,46.5612038],[11.9613765,46.5610333],[11.9621336,46.5606884],[11.96254,46.5603749],[11.9633305,46.5601545],[11.9635237,46.560012],[11.9639582,46.5599142],[11.9642559,46.5596473],[11.9644229,46.5592978],[11.9645778,46.5591277],[11.9655118,46.5587943],[11.96635,46.5583494],[11.9668851,46.5580049],[11.9674122,46.5577416],[11.9681659,46.5577038],[11.9687647,46.557749],[11.9689109,46.5576854],[11.9694017,46.5577407],[11.9699616,46.5576056],[11.970545,46.5575397],[11.9709607,46.5575895],[11.9713249,46.5575452],[11.9714214,46.5575254],[11.9716219,46.557554],[11.9720819,46.5576895],[11.9723837,46.5577416],[11.9727665,46.5578874],[11.9728893,46.5580063],[11.9730924,46.5581045],[11.9731655,46.5582834],[11.973248,46.558371],[11.9734746,46.5585725],[11.9737422,46.5587095],[11.9741693,46.5587334],[11.9748533,46.5586362],[11.9751477,46.5587759],[11.9753623,46.559005],[11.9756486,46.559195],[11.9761736,46.5592083],[11.9766115,46.5591881],[11.9769595,46.5590387],[11.9780076,46.5587616],[11.9781216,46.5586408],[11.9780391,46.5584669],[11.9778601,46.5583858],[11.9776824,46.5583655],[11.9775985,46.5583097],[11.9775912,46.558289],[11.9776006,46.5582447],[11.9778889,46.5579893],[11.9780552,46.5578007],[11.9783851,46.5576651],[11.9786714,46.5574931],[11.9787788,46.5572846],[11.978819,46.5570116],[11.97887,46.5565579],[11.9790792,46.5562517],[11.9790497,46.555988],[11.978819,46.5554107],[11.9783094,46.5545641],[11.9781297,46.554103],[11.9787465,46.5527969],[11.9787699,46.5525944],[11.9785535,46.5521017],[11.9781619,46.5519689],[11.9779097,46.5518434],[11.9774538,46.5513897],[11.9772767,46.5509912],[11.9773304,46.5506813],[11.9775771,46.5503567],[11.9779205,46.5500173],[11.9779366,46.5497554],[11.9777863,46.5494897],[11.9775436,46.5492711],[11.9772405,46.5490479],[11.9771145,46.548834],[11.9769347,46.5483138],[11.9766853,46.5480278],[11.9763178,46.5477364],[11.9761247,46.5476091],[11.9754113,46.5475593],[11.9748131,46.5474117],[11.9740862,46.5471737],[11.9739548,46.5469745],[11.9738556,46.546613],[11.9735364,46.5461278],[11.9735471,46.5457478],[11.9737081,46.5451648],[11.9736916,46.5447414],[11.9764702,46.5449161],[11.9781992,46.5449715],[11.9797138,46.5450331],[11.9826741,46.5449651],[11.9828768,46.5449766],[11.9846244,46.5450298],[11.9856457,46.5451814],[11.9877233,46.5456032],[11.9885565,46.5451224],[11.9904915,46.5430718],[11.9915039,46.5416361],[11.993391,46.5406732],[11.9940281,46.5398045],[11.9941999,46.5392392],[11.9940467,46.5389816],[11.9944391,46.5385361],[11.9943491,46.5384112],[11.9949027,46.5379478],[11.9956509,46.5369854],[11.9956566,46.5361473],[11.9958519,46.5349808],[11.9961085,46.5342606],[11.9982959,46.5334512],[12.0020364,46.5376015],[12.002729,46.5383699],[12.011635,46.5483179],[12.0142808,46.5513305],[12.0145402,46.5524375],[12.0157745,46.5528061],[12.0161078,46.5529056],[12.0162218,46.5529397],[12.0163454,46.5529766],[12.0168182,46.5541711],[12.0181041,46.555296],[12.0187059,46.5556319],[12.0192989,46.5560847],[12.0195078,46.5574031],[12.0202134,46.5580036],[12.0205604,46.5587189],[12.0209857,46.5588741],[12.0211481,46.5591258],[12.021356,46.5595873],[12.0234851,46.5591069],[12.0246945,46.5590766],[12.0248599,46.5591687],[12.0250657,46.5592193],[12.0253116,46.559476],[12.0254786,46.5598016],[12.025729,46.5603796],[12.0259521,46.5607835],[12.0261121,46.5611208],[12.0262767,46.5614668],[12.0268279,46.5620306],[12.0273905,46.5631543],[12.0279263,46.5637139],[12.0287199,46.5660334],[12.0287223,46.566579],[12.0288017,46.5670973],[12.0288082,46.5674124],[12.0286996,46.5681567],[12.0301239,46.5701485],[12.0307849,46.5704783],[12.0315206,46.5707857],[12.0321697,46.571534],[12.0325126,46.5725495],[12.0326958,46.5729345],[12.0329292,46.573098],[12.032967,46.5736475],[12.0332815,46.5744881],[12.0335345,46.5754831],[12.0350713,46.5768743],[12.0355099,46.5776296],[12.0372739,46.577951],[12.0385316,46.5788662],[12.0394178,46.5789189],[12.0400285,46.5793139],[12.0409639,46.5795272],[12.0414956,46.5801095],[12.0440469,46.5818579],[12.0445955,46.5819756],[12.0458661,46.5833157],[12.0466256,46.5838379],[12.0493235,46.5919115],[12.0494316,46.5922575],[12.0494855,46.5926462],[12.0497428,46.5936459],[12.0499193,46.5949199],[12.049955,46.5953147],[12.0496557,46.5961216],[12.0497005,46.6004813],[12.0470118,46.6044607],[12.0448489,46.6064856],[12.044572,46.6077473],[12.0453044,46.6081525],[12.0473295,46.6086176],[12.0485048,46.6085775],[12.0487423,46.6086794],[12.0494735,46.608744],[12.0500409,46.6091711],[12.0513573,46.6099285],[12.0523353,46.6107044],[12.0519166,46.6117844],[12.0518996,46.6123886],[12.0522392,46.6151097],[12.052373,46.615539],[12.0537826,46.6160256],[12.0533376,46.6164153],[12.0526861,46.6186813],[12.0547971,46.6189138],[12.0555949,46.6193411],[12.0567572,46.6197762],[12.057921,46.6199368],[12.0594889,46.6200591],[12.0600217,46.6201896],[12.0605116,46.6203417],[12.0614353,46.6201916],[12.062095,46.6205316],[12.0628341,46.6203801],[12.06316,46.6209905],[12.0640604,46.6216124],[12.0654989,46.6260596],[12.0675619,46.634329],[12.0691353,46.6408018],[12.0747656,46.643354],[12.0662431,46.6538208],[12.0678189,46.6552262],[12.070095,46.658531],[12.0712623,46.6603536],[12.0711455,46.6618445],[12.0697769,46.6667704],[12.0695007,46.6726841],[12.0700423,46.6749953],[12.0726094,46.6750022],[12.0759992,46.6742833],[12.0765097,46.6738604],[12.0780931,46.6719235],[12.0793835,46.6705758],[12.0793388,46.6691953],[12.0821797,46.6678485],[12.082716,46.6676037],[12.0832044,46.6676076],[12.0873582,46.6676338],[12.0884997,46.6676511],[12.0895593,46.6669852],[12.0904971,46.6654705],[12.0914094,46.6647976],[12.092575,46.6631965],[12.093569,46.6623294],[12.0958915,46.6617345],[12.0973631,46.6615278],[12.0990238,46.6616344],[12.0996629,46.6613948],[12.1002088,46.6611097],[12.1013831,46.6604969],[12.1031134,46.6598658],[12.1040325,46.6595275],[12.1042315,46.6594607],[12.1069707,46.6589726],[12.1079911,46.6572105],[12.1082912,46.6567157],[12.1087908,46.6566329],[12.1092658,46.6558174],[12.1090835,46.6544255],[12.1103309,46.653315],[12.1102708,46.6531518],[12.1120405,46.6522729],[12.1128073,46.6518928],[12.1133369,46.6516302],[12.1151536,46.6507295],[12.115427,46.6505939],[12.1156609,46.6504779],[12.1158466,46.6503859],[12.116,46.6503098],[12.1162007,46.6502103],[12.1164257,46.6500988],[12.1165801,46.6500222],[12.1166932,46.6499672],[12.1171452,46.6497475],[12.1190577,46.6488178],[12.1233806,46.6467163],[12.1235193,46.6466279],[12.1238266,46.6463785],[12.1244199,46.6457783],[12.1256621,46.6446695],[12.1285095,46.6443591],[12.1309153,46.6440351],[12.1324316,46.6441309],[12.1340679,46.644112],[12.1341039,46.6440947],[12.1354353,46.6430318],[12.1362557,46.6423885],[12.1382128,46.6421158],[12.1391868,46.6396768],[12.1392869,46.6390468],[12.1392938,46.6390306],[12.1393618,46.6386204],[12.1399678,46.6378254],[12.1406966,46.6368918],[12.142113,46.6365492],[12.1433913,46.6362322],[12.1434552,46.6351193],[12.144203,46.6345011],[12.1435232,46.6337706],[12.1441805,46.6332573],[12.150315,46.6330752],[12.1510915,46.6334064],[12.1517497,46.6340164],[12.1552992,46.6351545],[12.1560322,46.6354575],[12.161412,46.6368489],[12.1656061,46.6343154],[12.1674147,46.6338372],[12.1687878,46.6337599],[12.1701709,46.6337195],[12.1719102,46.6336811],[12.1747848,46.6301215],[12.1825029,46.6203463],[12.1835448,46.6205932],[12.1838482,46.620611],[12.1839883,46.620674],[12.1855298,46.6213671],[12.1895084,46.6224566],[12.1897771,46.6225459],[12.1905399,46.6234686],[12.1902365,46.6235661],[12.190156,46.6236877],[12.1902083,46.6237227],[12.1903062,46.6237374],[12.1902663,46.6237897],[12.1902039,46.623816],[12.1901664,46.6238731],[12.1901456,46.6239536],[12.1901597,46.6240241],[12.1902522,46.6240863],[12.1902167,46.6241052],[12.1901845,46.624166],[12.1902354,46.624212],[12.1903032,46.6242341],[12.1903749,46.6242392],[12.1903582,46.6243299],[12.1903776,46.6243713],[12.1904849,46.6243921],[12.1905747,46.6243796],[12.1907464,46.6242935],[12.1909824,46.6242042],[12.1910964,46.6242014],[12.1911541,46.6241535],[12.1913452,46.6240771],[12.1913841,46.624055],[12.1914109,46.6240435],[12.191544,46.6240805],[12.1918129,46.6241689],[12.1920422,46.6242357],[12.1922146,46.6242634],[12.1926075,46.6243039],[12.1930387,46.6243195],[12.1937515,46.6243301],[12.1943013,46.6242564],[12.1946614,46.6242564],[12.1951275,46.6243043],[12.1952703,46.6242965],[12.1954292,46.6242712],[12.1960226,46.6241432],[12.1970117,46.6238323],[12.1971096,46.6238171],[12.1972632,46.6238033],[12.1974824,46.6238042],[12.1977178,46.6238208],[12.1980752,46.6238636],[12.1982858,46.6238489],[12.1983749,46.6238254],[12.1987216,46.623702],[12.199769,46.6232631],[12.2005073,46.6230047],[12.2028458,46.6223496],[12.2039456,46.6220696],[12.2043673,46.6219835],[12.2046584,46.6219379],[12.2048374,46.6219209],[12.2051814,46.6219015],[12.2054999,46.621913],[12.2057044,46.6219812],[12.2058868,46.6220825],[12.2062623,46.6223598],[12.2064648,46.6224648],[12.2065379,46.6224882],[12.2066626,46.622515],[12.206782,46.6225108],[12.2071414,46.6225232],[12.20724,46.6224859],[12.2080513,46.6221037],[12.2090773,46.6216514],[12.2092422,46.6216118],[12.209552,46.6215649],[12.2098525,46.6215363],[12.210641,46.6214912],[12.2107443,46.6214902],[12.2110286,46.6214691],[12.2111399,46.6214506],[12.211219,46.6214249],[12.2112526,46.6213852],[12.2113679,46.621342],[12.2120894,46.6209947],[12.2135056,46.6205369],[12.2138194,46.6204503],[12.2139683,46.6204301],[12.2141386,46.6204144],[12.2143183,46.6204162],[12.214726,46.6204678],[12.2148963,46.6204872],[12.2150197,46.6204798],[12.2151015,46.6204678],[12.2152021,46.6204365],[12.2156541,46.6202818],[12.2157909,46.6202477],[12.2159545,46.6202394],[12.2161154,46.6202541],[12.2163219,46.620291],[12.2162602,46.6204457],[12.2163541,46.6205305],[12.2165513,46.6205977],[12.2168275,46.6206631],[12.2172012,46.6205706],[12.2177599,46.6207346],[12.2178741,46.6207576],[12.2179775,46.6207714],[12.2181813,46.6207781],[12.2183498,46.6207698],[12.2185381,46.6207641],[12.2188398,46.6207416],[12.2191248,46.6207593],[12.2192845,46.6208013],[12.2194631,46.6208747],[12.2197868,46.621028],[12.2213194,46.6217039],[12.221539,46.6218354],[12.2216315,46.6219224],[12.2217128,46.6220213],[12.2221433,46.6225972],[12.2222811,46.6227114],[12.2224535,46.6227962],[12.2225453,46.6228471],[12.2227019,46.6228823],[12.223183,46.6230076],[12.2238415,46.6231835],[12.2241178,46.623282],[12.2244101,46.6234589],[12.2245737,46.6235694],[12.2250686,46.6240944],[12.2251558,46.6242547],[12.2252658,46.6245945],[12.2254026,46.6250744],[12.2255058,46.6253332],[12.2258451,46.6257854],[12.2260248,46.6260184],[12.2264526,46.6264237],[12.226922,46.6268777],[12.2276221,46.6275409],[12.2284254,46.6283071],[12.2285595,46.6284895],[12.2286809,46.6288132],[12.2286956,46.6292488],[12.2287801,46.6301209],[12.2288284,46.6305179],[12.2289035,46.630784],[12.2289531,46.6309378],[12.2288717,46.6309546],[12.2288033,46.6309611],[12.2287275,46.6309836],[12.2286611,46.6310481],[12.2286095,46.6311264],[12.2285692,46.6311545],[12.2285692,46.6311964],[12.2287188,46.6313847],[12.2287972,46.6315583],[12.2287597,46.6317148],[12.2287704,46.6317959],[12.2288053,46.6318843],[12.2288428,46.6320003],[12.2288287,46.6321104],[12.2288301,46.6321767],[12.2288971,46.6324115],[12.2289722,46.632452],[12.2291318,46.6327062],[12.229215,46.6328314],[12.2292673,46.6328535],[12.2293799,46.6328342],[12.229502,46.6328287],[12.2296369,46.632902],[12.2298475,46.632949],[12.2299574,46.6329545],[12.2303705,46.633461],[12.230691,46.6338643],[12.2310652,46.6343598],[12.23121,46.6346323],[12.2312248,46.634822],[12.2311591,46.6351434],[12.2308251,46.6368718],[12.23075,46.6371067],[12.2305918,46.6374059],[12.2302874,46.6379207],[12.2302216,46.6380652],[12.230231,46.6382365],[12.2302914,46.6384704],[12.2304751,46.6390247],[12.230687,46.6393194],[12.2312006,46.639893],[12.2315078,46.6402199],[12.231548,46.6402696],[12.2315145,46.6403322],[12.2314944,46.6403433],[12.2313992,46.6404725],[12.2313951,46.640478],[12.2313772,46.6405443],[12.2313715,46.6406454],[12.2313306,46.6406995],[12.231175,46.6408424],[12.2311914,46.6409347],[12.2312223,46.6409746],[12.2312488,46.641086],[12.23124,46.6413435],[12.231238,46.6414013],[12.2311612,46.6417123],[12.2311586,46.6417229],[12.2311908,46.6418154],[12.2311834,46.6419144],[12.2312216,46.6419945],[12.231241,46.6420153],[12.2313349,46.6421161],[12.2314053,46.6422284],[12.2314234,46.6423352],[12.2314997,46.6424841],[12.2315462,46.642575],[12.2315884,46.6426694],[12.2315957,46.6426894],[12.231631,46.6427856],[12.2316467,46.6428282],[12.2317064,46.6428545],[12.2317205,46.6429097],[12.2317547,46.6429641],[12.2317782,46.642965],[12.2318124,46.643023],[12.2318271,46.6431579],[12.2317916,46.6433508],[12.2318667,46.6435358],[12.2319156,46.6435377],[12.2319626,46.6435506],[12.2320162,46.6435791],[12.2320062,46.6436201],[12.2320645,46.6436656],[12.2321041,46.6437826],[12.2321235,46.6438746],[12.2320987,46.6439368],[12.2321128,46.6440321],[12.2320699,46.6440905],[12.2320732,46.6441739],[12.2320176,46.6442535],[12.231866,46.6443617],[12.231931,46.6444584],[12.2320397,46.6447263],[12.232045,46.6448271],[12.2320618,46.644846],[12.2320833,46.6448529],[12.2321523,46.6448916],[12.2321222,46.6449477],[12.2321336,46.645136],[12.2320403,46.6452663],[12.2318486,46.6454481],[12.2317775,46.6454914],[12.2316856,46.6454941],[12.2316387,46.6454817],[12.2316045,46.64549],[12.2315126,46.6454918],[12.2314838,46.6455116],[12.2314623,46.6455517],[12.2313778,46.6455448],[12.2313208,46.6455701],[12.2312739,46.6455729],[12.2312672,46.6455798],[12.231178,46.6455724],[12.2310929,46.6455899],[12.2309869,46.6455881],[12.2309359,46.6455761],[12.2308836,46.6455747],[12.2306825,46.6455535],[12.2306201,46.6456019],[12.2306047,46.6456387],[12.2305651,46.6456939],[12.2305229,46.6462339],[12.2304987,46.6462519],[12.2304572,46.6463462],[12.2303378,46.6464461],[12.2302473,46.6465654],[12.230246,46.646662],[12.230368,46.6467421],[12.2304853,46.6468383],[12.2306362,46.6470179],[12.2307643,46.6470887],[12.2308977,46.6471808],[12.2309473,46.647283],[12.2309393,46.6473474],[12.2309004,46.647434],[12.2308186,46.6475058],[12.2304833,46.6476844],[12.230311,46.6478423],[12.2298899,46.648455],[12.2297068,46.6486313],[12.2295982,46.6487215],[12.2294259,46.6489599],[12.2293461,46.6490074],[12.2293159,46.6490534],[12.2293032,46.6490552],[12.2292596,46.6490792],[12.2292086,46.6491602],[12.2291315,46.649226],[12.2289679,46.6492522],[12.228813,46.6492265],[12.2286795,46.6492964],[12.2286661,46.6493471],[12.2286266,46.6494207],[12.2284757,46.6495445],[12.2283657,46.6496154],[12.2282558,46.6496306],[12.2280116,46.6496378],[12.2279589,46.649699],[12.2279667,46.6497506],[12.2279965,46.6497782],[12.228023,46.6498919],[12.2279683,46.6499543],[12.2279308,46.6500109],[12.2278815,46.6500739],[12.2278912,46.6501306],[12.2278708,46.6501669],[12.2277843,46.6503649],[12.2278892,46.6506376],[12.2279539,46.6507584],[12.2279284,46.6508509],[12.227962,46.6509027],[12.2279935,46.6510109],[12.2279559,46.6512088],[12.2279965,46.6512594],[12.2279767,46.651352],[12.2280059,46.6514169],[12.2279838,46.6514995],[12.2279918,46.6515441],[12.2279791,46.651583],[12.2279999,46.6517358],[12.2279931,46.651836],[12.2277417,46.6520051],[12.227681,46.6521559],[12.2276176,46.652261],[12.2275606,46.652447],[12.2275331,46.6526534],[12.227571,46.6527393],[12.2276116,46.6528065],[12.2278144,46.6528566],[12.2279013,46.6529312],[12.227968,46.6530288],[12.2279496,46.6531563],[12.2278862,46.6532585],[12.2277688,46.6533314],[12.2276042,46.6533668],[12.2274275,46.6534237],[12.2274074,46.6535114],[12.2273266,46.6535579],[12.2272961,46.6536591],[12.2273216,46.6537852],[12.2272964,46.6538863],[12.2272552,46.6539615],[12.2272418,46.6540278],[12.2272586,46.6540879],[12.2273115,46.6541666],[12.2273829,46.6542957],[12.227458,46.6544726],[12.2274698,46.6545638],[12.2274158,46.6547131],[12.227335,46.6547543],[12.227282,46.6547594],[12.2271925,46.654836],[12.2271838,46.654836],[12.2269464,46.6549529],[12.2268012,46.6549573],[12.226652,46.6550273],[12.2265749,46.6550542],[12.2265578,46.6551],[12.2265665,46.6552266],[12.2265585,46.6553198],[12.2265397,46.6553467],[12.2265555,46.6554146],[12.2265156,46.6554921],[12.226523,46.6555358],[12.2265511,46.6556359],[12.2264542,46.6557436],[12.2262517,46.6557862],[12.2260972,46.6559266],[12.2260029,46.6562195],[12.2257408,46.6563383],[12.2255989,46.6564225],[12.2255362,46.656518],[12.2255145,46.6566768],[12.2255738,46.6570126],[12.2255812,46.6571168],[12.2256231,46.6572385],[12.225725,46.657632],[12.225839,46.6580244],[12.2259034,46.6582356],[12.2259138,46.6584685],[12.2258658,46.658631],[12.225832,46.6587985],[12.2256596,46.6590647],[12.2254011,46.6593452],[12.2244221,46.6603099],[12.2238575,46.660852],[12.2237261,46.6610223],[12.2236201,46.6612128],[12.2235853,46.6613601],[12.223486,46.6618948],[12.2234364,46.6621581],[12.2232782,46.6621424],[12.2231605,46.662087],[12.2230961,46.6620681],[12.2230264,46.6621072],[12.2229586,46.6621436],[12.2229338,46.6622416],[12.2228312,46.6623806],[12.2226167,46.6624579],[12.2225167,46.662532],[12.2223444,46.6626783],[12.222266,46.6627593],[12.2222344,46.6628458],[12.2223317,46.6630262],[12.2225617,46.6632839],[12.2225979,46.6633953],[12.222553,46.663433],[12.2225395,46.663531],[12.2224866,46.6635867],[12.22251,46.6636438],[12.2227025,46.6637487],[12.22261,46.6639213],[12.22261,46.6640575],[12.2225409,46.6641758],[12.2226039,46.6643138],[12.2226026,46.6644013],[12.2226797,46.6644597],[12.2226321,46.6645959],[12.2226864,46.6646953],[12.2228634,46.6647947],[12.2226904,46.6652788],[12.2224825,46.6659304],[12.2223525,46.6663013],[12.222103,46.6670753],[12.2219179,46.6676652],[12.2216685,46.6684199],[12.2214123,46.6692095],[12.2211374,46.6701196],[12.2210194,46.6705061],[12.2210087,46.6707463],[12.2210529,46.670958],[12.2211549,46.6711346],[12.2212836,46.6713104],[12.2213627,46.6714245],[12.221344,46.6715165],[12.2212809,46.6716739],[12.2212045,46.6719573],[12.2211736,46.6722187],[12.2211736,46.6725242],[12.2212554,46.6728638],[12.2213909,46.67323],[12.2214754,46.6733929],[12.2214512,46.6734242],[12.221403,46.6735576],[12.221356,46.6737748],[12.2213466,46.6738714],[12.2213815,46.6740048],[12.221356,46.6740978],[12.2212769,46.6742873],[12.2212595,46.6743582],[12.2212568,46.6744051],[12.2212246,46.6745781],[12.2209027,46.6745339],[12.2208652,46.6747069],[12.2208316,46.6752222],[12.2209778,46.6754283],[12.2210744,46.6755443],[12.2211803,46.6756483],[12.2212528,46.6759464],[12.2207579,46.675928],[12.2205326,46.676769],[12.2210757,46.6768785],[12.2209778,46.67708],[12.2208759,46.677437],[12.2208598,46.677703],[12.221002,46.677841],[12.2213024,46.6778851],[12.2214579,46.6779238],[12.2215424,46.6780287],[12.2215465,46.6780986],[12.2215639,46.6781143],[12.2215585,46.6781833],[12.2214794,46.6782182],[12.221466,46.6783066],[12.2215652,46.6785256],[12.2215357,46.6787105],[12.2216457,46.6789111],[12.221977,46.6791365],[12.2222291,46.6792865],[12.2222532,46.6793941],[12.2222935,46.6797714],[12.2222546,46.6798496],[12.2222116,46.679891],[12.2221754,46.6800051],[12.2221969,46.6801192],[12.2222049,46.6802305],[12.2222519,46.6802986],[12.2222733,46.6804523],[12.2222733,46.6806215],[12.2223015,46.6807678],[12.222508,46.6810862],[12.2225523,46.6812536],[12.2225268,46.6813512],[12.2225389,46.681399],[12.2227575,46.6817753],[12.2229573,46.6820541],[12.2229707,46.6821599],[12.2230793,46.6823255],[12.2234964,46.682757],[12.2235393,46.682826],[12.2236869,46.682942],[12.2237325,46.6830956],[12.2237325,46.683206],[12.2237244,46.6832824],[12.2236936,46.6833238],[12.2236959,46.6833415],[12.2236771,46.6833695],[12.2236295,46.6833944],[12.2236,46.683468],[12.22359,46.6835522],[12.2236537,46.6837974],[12.2237281,46.6839004],[12.2237221,46.6840131],[12.2236631,46.6841189],[12.2236349,46.6841939],[12.223659,46.684239],[12.223936,46.6844515],[12.2239588,46.6845122],[12.2238642,46.684636],[12.2239454,46.6847114],[12.2239507,46.6847956],[12.2239474,46.6849317],[12.2239829,46.685193],[12.2240305,46.685274],[12.2240379,46.6854161],[12.2241043,46.6855629],[12.2241076,46.6856811],[12.2239762,46.685791],[12.2239561,46.6858527],[12.2239447,46.6859157],[12.2239507,46.6861834],[12.2238166,46.6864511],[12.2237489,46.68655],[12.223655,46.6867529],[12.2236543,46.6868366],[12.2236684,46.6868554],[12.2235967,46.6870068],[12.2235457,46.6870592],[12.2234652,46.6870882],[12.2233834,46.6871572],[12.2233506,46.6873039],[12.2233747,46.6874304],[12.2234585,46.6875164],[12.2234907,46.6875629],[12.2235202,46.6877018],[12.2235202,46.6879162],[12.2234565,46.6881075],[12.2233673,46.688205],[12.2232332,46.6882391],[12.2230448,46.6884005],[12.2229154,46.6884663],[12.222731,46.6885781],[12.2226304,46.6886747],[12.2226398,46.6887386],[12.2225781,46.6888274],[12.2223702,46.689022],[12.222222,46.689199],[12.2221885,46.6892197],[12.2220899,46.6892579],[12.2219847,46.6893439],[12.2219183,46.6894051],[12.2217634,46.689418],[12.2216702,46.6894175],[12.221461,46.6894474],[12.2214113,46.6894856],[12.2212678,46.6895804],[12.2211854,46.6896631],[12.2212377,46.6896815],[12.2211894,46.6897446],[12.2211156,46.6897791],[12.2211056,46.6898113],[12.2210412,46.6898582],[12.2209621,46.6898945],[12.2208883,46.6899529],[12.2208675,46.6900665],[12.2209299,46.6901884],[12.2209326,46.6902326],[12.2209037,46.6903494],[12.2208803,46.6904699],[12.2208192,46.6905868],[12.2207522,46.6906889],[12.2206811,46.6907266],[12.2206798,46.6907919],[12.220665,46.6908646],[12.2206228,46.6909023],[12.2206543,46.6909515],[12.2209225,46.6912049],[12.2210331,46.6912615],[12.2210801,46.6913333],[12.2211404,46.6914556],[12.2212504,46.6915596],[12.2215341,46.6917647],[12.2216065,46.6918033],[12.2218103,46.6919864],[12.2218257,46.6920085],[12.2219679,46.6921418],[12.2220604,46.6922481],[12.2220692,46.6923346],[12.2220933,46.692353],[12.2221751,46.6923746],[12.2222871,46.6924491],[12.2223756,46.692576],[12.2224051,46.6927103],[12.2224017,46.6929049],[12.2223756,46.6930879],[12.222328,46.693185],[12.2223327,46.6936665],[12.2223374,46.6937043],[12.2222857,46.6939016],[12.2221382,46.6942102],[12.2223803,46.6943573],[12.222326,46.6947865],[12.222326,46.6951121],[12.2222938,46.6953236],[12.2220712,46.695813],[12.2219183,46.6962361],[12.2217949,46.6964697],[12.2216098,46.6966776],[12.2213067,46.6970897],[12.2212316,46.6973638],[12.2212236,46.6974282],[12.221302,46.6977588],[12.2217392,46.6987679],[12.2218881,46.69919],[12.2220021,46.699454],[12.2221925,46.7001935],[12.2222422,46.7006331],[12.2222717,46.7007656],[12.2222931,46.7009743],[12.2222542,46.7010396],[12.2222542,46.7010654],[12.2217459,46.7019621],[12.2217419,46.7020412],[12.2216749,46.702159],[12.2216413,46.7021939],[12.221636,46.7022914],[12.221695,46.7024395],[12.2217416,46.7026972],[12.221747,46.7028513],[12.2217335,46.702871],[12.2216035,46.7030081],[12.2213708,46.7031805],[12.2213554,46.7031851],[12.2211783,46.7032927],[12.2208243,46.703536],[12.2203723,46.7038146],[12.2199593,46.7040952],[12.2198305,46.7041926],[12.2197554,46.704269],[12.2197152,46.70436],[12.219734,46.7044088],[12.2197541,46.7045633],[12.2197366,46.7048806],[12.2197527,46.705299],[12.2197313,46.7056356],[12.219687,46.7058508],[12.2197581,46.7061479],[12.2196347,46.70618],[12.2190036,46.7062574],[12.2187179,46.7062666],[12.2185362,46.7062546],[12.218451,46.7061962],[12.2183907,46.7062013],[12.2183229,46.7061728],[12.2182284,46.7061438],[12.2182083,46.7060703],[12.2181352,46.7059493],[12.2180889,46.7058601],[12.2179729,46.7058385],[12.2178355,46.7058417],[12.2176826,46.705816],[12.217529,46.7056863],[12.2174164,46.7056169],[12.2173104,46.7055667],[12.2172876,46.7054757],[12.2172843,46.7053304],[12.2172514,46.7052095],[12.2171931,46.7051088],[12.2172434,46.7050504],[12.2171589,46.70498],[12.2171448,46.7049248],[12.2171776,46.7048669],[12.2171803,46.704842],[12.2171455,46.7046494],[12.2154017,46.7044519],[12.2152441,46.7044684],[12.2151368,46.7045489],[12.215045,46.7050533],[12.2151415,46.7056245],[12.2153319,46.7061804],[12.2156552,46.70658],[12.2159522,46.7068218],[12.2162607,46.7070163],[12.2155311,46.7073125],[12.2153889,46.707386],[12.2152186,46.7074472],[12.2150154,46.7075529],[12.2148585,46.7076638],[12.2145896,46.7078187],[12.2142269,46.7079769],[12.2141162,46.707993],[12.2140009,46.7079957],[12.2139359,46.7080072],[12.2138849,46.7080399],[12.2138373,46.7080895],[12.2138266,46.7081535],[12.2137005,46.7083217],[12.2136388,46.7084312],[12.2136489,46.7085429],[12.2136328,46.7086868],[12.2135429,46.7087944],[12.2135013,46.7089213],[12.2134799,46.7089954],[12.2133947,46.7090873],[12.2131869,46.7091885],[12.212991,46.709303],[12.212873,46.709405],[12.2127235,46.7094988],[12.2122816,46.7098414],[12.2119973,46.7099761],[12.2117351,46.7100727],[12.2114662,46.7100717],[12.2113804,46.7100593],[12.2110377,46.7102262],[12.21086,46.7102603],[12.2105898,46.7102299],[12.2102431,46.7103067],[12.2099756,46.7103044],[12.2095417,46.7103168],[12.2092091,46.7102966],[12.209075,46.7103674],[12.2089563,46.7104869],[12.2086217,46.7105449],[12.2075321,46.7106033],[12.2069353,46.7106966],[12.2065712,46.7107173],[12.2062969,46.7107168],[12.2062721,46.7107026],[12.2060803,46.7106552],[12.2050772,46.7106823],[12.2043067,46.7106842],[12.2037743,46.7108635],[12.2033371,46.7110883],[12.2026907,46.7110773],[12.2021543,46.7111784],[12.2017653,46.7111987],[12.2016668,46.7111573],[12.2004256,46.7113421],[12.199975,46.7114594],[12.1991864,46.711378],[12.1981437,46.7110212],[12.1975791,46.7107099],[12.197512,46.7104805],[12.1970949,46.7103099],[12.196985,46.7101596],[12.1968468,46.7099025],[12.196525,46.7096993],[12.1959999,46.709566],[12.1955875,46.7094754],[12.1948124,46.7091411],[12.1944349,46.7089218],[12.1938676,46.7084684],[12.1935095,46.7082845],[12.1930441,46.7081309],[12.1929006,46.7081236],[12.1927048,46.7080564],[12.1924755,46.7079562],[12.1922126,46.707924],[12.1916132,46.707776],[12.1911156,46.7075488],[12.1909306,46.7074817],[12.1904424,46.7072794],[12.1906436,46.7066466],[12.1909198,46.7059891],[12.1909198,46.7059523],[12.1911934,46.7054483],[12.1918599,46.704525],[12.1923789,46.7037874],[12.1929686,46.7030198],[12.1926163,46.7026212],[12.1921456,46.7021614],[12.1918184,46.7019434],[12.1915689,46.7018606],[12.1909533,46.7018395],[12.1899489,46.7018569],[12.1897839,46.701948],[12.1893682,46.701891],[12.1885434,46.7018082],[12.1882819,46.7015865],[12.1879922,46.7014035],[12.1869113,46.7012398],[12.1864258,46.7012922],[12.1860181,46.7013612],[12.1855058,46.7012398],[12.1848594,46.7009593],[12.1849801,46.7003982],[12.1839045,46.7001104],[12.1837878,46.6998731],[12.1832527,46.6995134],[12.1825004,46.6990821],[12.1818928,46.699049],[12.1811163,46.6988319],[12.1795674,46.6982304],[12.1795499,46.6982193],[12.179212,46.6981135],[12.1786058,46.6981025],[12.1784231,46.6959016],[12.1782829,46.695725],[12.1781978,46.6955286],[12.1781904,46.6954472],[12.1781917,46.6952559],[12.178173,46.6951064],[12.1781207,46.6950582],[12.1779939,46.6950112],[12.1779376,46.6948346],[12.1776506,46.6946695],[12.1775628,46.6946088],[12.1771839,46.6946566],[12.1762203,46.694607],[12.1757275,46.6945049],[12.1751199,46.6944649],[12.174147,46.6942993],[12.1740179,46.6942205],[12.1736648,46.6940049],[12.1733376,46.6939263],[12.1731532,46.693826],[12.1726181,46.6932911],[12.1723499,46.6931407],[12.1721031,46.6928611],[12.1721031,46.6923643],[12.1723982,46.6919633],[12.1723713,46.6918014],[12.1717705,46.6913856],[12.1716203,46.6909514],[12.1712234,46.6908005],[12.1709605,46.690738],[12.1706279,46.6907232],[12.1702953,46.6906092],[12.1700003,46.6903774],[12.1699037,46.6901603],[12.1670337,46.6900867],[12.1661808,46.6901787],[12.1658911,46.6901971],[12.1658589,46.6903074],[12.1652259,46.6907637],[12.1649845,46.690852],[12.1648182,46.691025],[12.1645929,46.6915659],[12.1637936,46.6922576],[12.1626027,46.69285],[12.1615567,46.6934277],[12.1614333,46.6935712],[12.1608486,46.6939612],[12.1604959,46.6939953],[12.1601955,46.6940781],[12.1596966,46.6943706],[12.1588839,46.6949133],[12.1585083,46.6951212],[12.1579424,46.6954118],[12.1570063,46.6954063],[12.1562687,46.6952831],[12.1554801,46.695031],[12.1547828,46.6947238],[12.1544642,46.6947069],[12.1538205,46.6946271],[12.1532533,46.6945754],[12.1527969,46.6944797],[12.1523826,46.6943718],[12.1520791,46.6942381],[12.1519196,46.694197],[12.1517357,46.6941986],[12.1513191,46.6942639],[12.1514862,46.6933905],[12.1514862,46.6931532],[12.1514541,46.6930336],[12.1512884,46.6928298],[12.151271,46.6927967],[12.151213,46.6927942],[12.1511915,46.6928062],[12.151164,46.692877],[12.1510909,46.6929901],[12.1510755,46.693043],[12.1510695,46.6932569],[12.1510621,46.69329],[12.1509702,46.6934376],[12.1508871,46.6936465],[12.1507852,46.6938764],[12.1506846,46.6939978],[12.1505491,46.6940126],[12.150415,46.6940659],[12.1503654,46.694145],[12.150407,46.6942048],[12.15047,46.6942379],[12.1504724,46.694297],[12.150412,46.6944023],[12.1503745,46.6945362],[12.1503946,46.6946438],[12.1505193,46.6947317],[12.1505877,46.6947707],[12.150752,46.6949096],[12.1507647,46.694974],[12.1507453,46.6950021],[12.1507292,46.695049],[12.1508177,46.6951097],[12.1508438,46.6951134],[12.1509505,46.6950881],[12.1510182,46.6950904],[12.1511302,46.6951051],[12.1511925,46.6951304],[12.1512173,46.6951828],[12.151328,46.6953314],[12.1513387,46.6954225],[12.1513883,46.6954735],[12.1515794,46.6958005],[12.1516713,46.6961261],[12.1516096,46.6963202],[12.1516036,46.6964619],[12.1516881,46.696523],[12.1517598,46.6966536],[12.1517638,46.6966996],[12.1519053,46.6970156],[12.1519784,46.6970933],[12.1520455,46.6972538],[12.1521011,46.6973665],[12.1520891,46.6974125],[12.152134,46.6974759],[12.1521789,46.6975817],[12.1521689,46.6976479],[12.1521414,46.6977385],[12.1520609,46.6978213],[12.1520629,46.6979832],[12.1520837,46.6980899],[12.1521481,46.6982026],[12.1520656,46.6983548],[12.1519107,46.6984187],[12.1517907,46.6985783],[12.1517122,46.6986657],[12.1515245,46.6989871],[12.1514254,46.6991763],[12.1514405,46.6992082],[12.1514405,46.6993011],[12.1514854,46.6994168],[12.1516034,46.6995042],[12.1516842,46.6996122],[12.1517057,46.699678],[12.1516705,46.6998574],[12.151647,46.6999036],[12.1515843,46.6999726],[12.1515709,46.700073],[12.151589,46.7001406],[12.1517724,46.7002402],[12.1518146,46.7002758],[12.1518291,46.7002986],[12.1518006,46.7004131],[12.1517865,46.7004998],[12.1517811,46.7006122],[12.1518309,46.7009133],[12.1518017,46.7009683],[12.1516623,46.7010846],[12.1515597,46.7011573],[12.1514239,46.7013102],[12.1513947,46.7013663],[12.1513719,46.7015581],[12.1513057,46.7017536],[12.1511498,46.7020321],[12.1510985,46.7020875],[12.1509295,46.7021422],[12.1507991,46.7022041],[12.1505949,46.7022836],[12.15049,46.7024046],[12.1504876,46.7024777],[12.1504507,46.7025253],[12.1503746,46.7025851],[12.1503706,46.702614],[12.150494,46.7029134],[12.1505077,46.7030463],[12.1504994,46.7031337],[12.1504994,46.7032514],[12.1504521,46.7033696],[12.150432,46.7034415],[12.1504373,46.7035438],[12.150499,46.703805],[12.1503867,46.703931],[12.150374,46.7040465],[12.1504543,46.7042675],[12.1505693,46.7044324],[12.1507071,46.7045542],[12.1507064,46.7046393],[12.1507151,46.7047028],[12.150694,46.7047961],[12.1506457,46.7048609],[12.1506487,46.7049019],[12.1508026,46.7050984],[12.1509173,46.7052212],[12.1509545,46.7053966],[12.15098,46.705593],[12.150978,46.705791],[12.1510088,46.7059836],[12.1511003,46.7061774],[12.1511121,46.7062715],[12.1511184,46.7063752],[12.1511285,46.7064453],[12.1511275,46.7065035],[12.1510976,46.7066755],[12.1510886,46.7067274],[12.150988,46.7070345],[12.1509102,46.7071569],[12.15079,46.7071979],[12.1507867,46.7072039],[12.1507126,46.7072317],[12.1506308,46.7072508],[12.1504926,46.7072949],[12.1504548,46.7073188],[12.1504196,46.7073315],[12.1503441,46.707414],[12.1499324,46.7076938],[12.1497829,46.7078832],[12.1497473,46.7079444],[12.1497433,46.7080272],[12.1497058,46.70812],[12.1496266,46.7081955],[12.1495933,46.7082627],[12.1495856,46.7082687],[12.1495641,46.7083241],[12.1494645,46.708414],[12.1493589,46.7084979],[12.1493462,46.7085034],[12.1492013,46.7087317],[12.149025,46.7089639],[12.1483913,46.7099387],[12.1482626,46.7101152],[12.1480989,46.7103966],[12.1474391,46.7113493],[12.1471012,46.7117502],[12.1468517,46.7119911],[12.1466666,46.7122284],[12.1460095,46.712804],[12.1454275,46.7132178],[12.1449903,46.7135268],[12.144419,46.7138265],[12.1442366,46.7139019],[12.1428901,46.7147093],[12.1427748,46.7148601],[12.1425798,46.7149445],[12.1422573,46.7150167],[12.1420051,46.7150121],[12.1418965,46.7150321],[12.1418107,46.7150282],[12.1416383,46.7149891],[12.1415404,46.7149781],[12.1413963,46.714974],[12.1412454,46.7150448],[12.1410985,46.7151792],[12.1409872,46.7152241],[12.1408763,46.7152328],[12.1406979,46.7151606],[12.1405068,46.7151546],[12.1403475,46.7152117],[12.140195,46.7152818],[12.1401115,46.7152958],[12.1397682,46.7151696],[12.1397122,46.7151583],[12.1394815,46.715176],[12.1393119,46.7154022],[12.139227,46.7154454],[12.1390711,46.7154314],[12.1388747,46.7154666],[12.1388002,46.7155424],[12.1386323,46.7157852],[12.1384073,46.7163799],[12.1383305,46.7165359],[12.1382091,46.7166564],[12.1380757,46.7167679],[12.1379731,46.7168253],[12.1378742,46.7168996],[12.1376811,46.7170938],[12.1375349,46.7172711],[12.1373974,46.7175782],[12.1373458,46.7177781],[12.1373284,46.7178921],[12.1373277,46.7179248],[12.1370814,46.7179357],[12.137006,46.7179608],[12.137001,46.71799],[12.1369259,46.7179739],[12.1367478,46.717927],[12.1367053,46.7179261],[12.1353353,46.717607],[12.1352173,46.717567],[12.1351006,46.7175164],[12.1345984,46.7172135],[12.1344301,46.7171473],[12.1341826,46.7170838],[12.1340076,46.7170512],[12.1338004,46.7170475],[12.1332439,46.7170553],[12.1330802,46.7170425],[12.1329709,46.7170291],[12.1327604,46.7169822],[12.1325324,46.7169238],[12.1318779,46.7167873],[12.1315608,46.716699],[12.1307219,46.7162802],[12.1305992,46.716186],[12.1304839,46.7160674],[12.1304443,46.7160016],[12.1302492,46.7159437],[12.1300259,46.7158995],[12.129938,46.7158756],[12.1297127,46.7158306],[12.1296423,46.7158062],[12.1295136,46.7157809],[12.1293453,46.7157345],[12.1291609,46.7156761],[12.129075,46.7156605],[12.1288853,46.7156412],[12.128491,46.71558],[12.1283455,46.7155626],[12.1281517,46.7155621],[12.1278345,46.7155851],[12.127689,46.7156053],[12.1275978,46.7156366],[12.127516,46.7157138],[12.1274322,46.7157713],[12.1273303,46.715814],[12.1269983,46.7158706],[12.1267113,46.7158292],[12.1263848,46.7157943],[12.1262567,46.7158012],[12.1261541,46.71582],[12.1259369,46.7158678],[12.1257732,46.715923],[12.125682,46.7159708],[12.1254286,46.716077],[12.1253253,46.7161671],[12.125206,46.7163211],[12.1251409,46.7165298],[12.1249102,46.7164945],[12.1246702,46.7164397],[12.1244677,46.7164457],[12.1243919,46.71614],[12.1242008,46.7161561],[12.1241787,46.7160651],[12.1238561,46.7161],[12.1239527,46.7164659],[12.1235866,46.716499],[12.1235718,46.7164931],[12.1234632,46.7163432],[12.1233137,46.7161032],[12.1232272,46.7159947],[12.1232117,46.7159612],[12.1232144,46.715889],[12.1231246,46.7157267],[12.1230897,46.7156136],[12.123093,46.7155083],[12.12303,46.7154265],[12.1229965,46.7153492],[12.1230206,46.7152688],[12.1229851,46.7152256],[12.1228691,46.7151828],[12.1227645,46.7150973],[12.1226109,46.7150467],[12.1225606,46.7150205],[12.1224198,46.7148996],[12.1223279,46.7148389],[12.1221549,46.7147778],[12.1219987,46.7147019],[12.1218787,46.7147047],[12.1216802,46.7146421],[12.1214086,46.7144219],[12.1212712,46.7142831],[12.1212256,46.7141631],[12.1209681,46.7141709],[12.1209345,46.7141737],[12.1209084,46.7141686],[12.1207019,46.7141617],[12.1206301,46.7141534],[12.1205121,46.7141254],[12.1204517,46.7141116],[12.1204014,46.7141028],[12.120374,46.7141028],[12.1202982,46.7140697],[12.120201,46.714073],[12.1199656,46.7141594],[12.1197798,46.7142173],[12.119513,46.71425],[12.1188203,46.7143024],[12.1182456,46.7143226],[12.1179157,46.7143474],[12.1171908,46.7144284],[12.1169099,46.7144651],[12.1167215,46.7144794],[12.1162413,46.7144233],[12.1161227,46.7144467],[12.115788,46.7144398],[12.1156969,46.7144826],[12.1156271,46.7145258],[12.1155715,46.7145681],[12.115499,46.7146067],[12.115428,46.7146674],[12.115377,46.7147736],[12.1153629,46.7149102],[12.1153401,46.714998],[12.1151879,46.7151405],[12.1151336,46.7152371],[12.1151135,46.7153373],[12.1151195,46.7154453],[12.1151302,46.7154908],[12.1151027,46.7155046],[12.1150209,46.7154977],[12.1148935,46.7154058],[12.114634,46.7152656],[12.1144161,46.715186],[12.1141734,46.7151263],[12.1139789,46.7150886],[12.1137737,46.7150109],[12.1136034,46.7148909],[12.1134639,46.7147796],[12.1132306,46.71465],[12.113077,46.7145948],[12.1129288,46.7145732],[12.1127276,46.7145782],[12.112332,46.7146178],[12.1118217,46.7146477],[12.1114865,46.7147065],[12.1113141,46.7147249],[12.1111418,46.7147254],[12.1108642,46.714678],[12.1107455,46.7146472],[12.1107073,46.714644],[12.1095365,46.7143525],[12.1092106,46.7142918],[12.1089786,46.7142196],[12.1085427,46.7140523],[12.1079366,46.7138858],[12.1078179,46.71385],[12.1075892,46.7137217],[12.1073418,46.7135387],[12.1071051,46.7132941],[12.1069073,46.7130445],[12.1068161,46.7128325],[12.1067014,46.7126753],[12.1066766,46.7126629],[12.1066511,46.7126353],[12.106399,46.7124923],[12.106124,46.7123842],[12.1058029,46.7123484],[12.1048956,46.7122997],[12.1046582,46.7122445],[12.1046421,46.712238],[12.1040098,46.712079],[12.1038837,46.712039],[12.1036665,46.7119019],[12.1035364,46.7118321],[12.1033962,46.7118118],[12.1030858,46.7118003],[12.1026627,46.7118247],[12.1023522,46.7118242],[12.1016508,46.7117691],[12.1016112,46.7117709],[12.1014114,46.7116877],[12.1011861,46.7116206],[12.1010037,46.7115861],[12.100887,46.7115548],[12.1007932,46.7115102],[12.1006369,46.7114665],[12.1004472,46.7113948],[12.1003828,46.7113612],[12.1002762,46.7113176],[12.1001239,46.7112629],[12.0999986,46.7112339],[12.0999053,46.7111925],[12.0997451,46.7110909],[12.0994272,46.7109245],[12.0992435,46.7108196],[12.0990377,46.7106058],[12.0990182,46.7105815],[12.0990102,46.7105438],[12.098978,46.7104863],[12.0989431,46.7104426],[12.0988942,46.710404],[12.0988445,46.7103778],[12.0987232,46.7103198],[12.0983926,46.7101571],[12.0982397,46.7101005],[12.0980526,46.7100555],[12.097944,46.7100403],[12.0977006,46.7100224],[12.0973914,46.7099869],[12.0971782,46.7099479],[12.0970367,46.7098973],[12.096733,46.7098021],[12.0963266,46.7097092],[12.0961596,46.709655],[12.0957935,46.7095607],[12.0957265,46.7095354],[12.0956245,46.709517],[12.0955548,46.7095147],[12.0954582,46.7095157],[12.094848,46.7092352],[12.0945342,46.7091782],[12.0944055,46.709157],[12.0942982,46.7091455],[12.0941044,46.7091368],[12.0935693,46.7091262],[12.0934178,46.7091198],[12.0933004,46.7091078],[12.0931522,46.7090862],[12.0931227,46.7090807],[12.0930912,46.7090687],[12.0930443,46.7090494],[12.0929913,46.7090315],[12.0928894,46.7089998],[12.0928458,46.7089809],[12.0927834,46.708951],[12.0926473,46.7088641],[12.0923087,46.7086618],[12.0921015,46.7085344],[12.0919958,46.7084836],[12.0919442,46.7084694],[12.0919201,46.7084671],[12.0918872,46.7084671],[12.0915117,46.7084482],[12.090813,46.7083498],[12.0907848,46.7083379],[12.0907614,46.7083186],[12.0907446,46.7082868],[12.0907339,46.7082537],[12.0907211,46.7082317],[12.0907003,46.7082101],[12.0906635,46.7081912],[12.0905294,46.7081296],[12.0905206,46.7080891],[12.0904784,46.7080459],[12.0904006,46.7079912],[12.0903731,46.7079415],[12.090294,46.707856],[12.0901639,46.7077604],[12.0901002,46.7076978]]]},"properties":{"id":"c4aa9c2c-b853-3ab5-832e-1ad7bc59b5dd","version":0,"sources":[{"property":"","dataset":"OpenStreetMap","license":"ODbL-1.0","record_id":"r7119254@9","update_time":"2025-10-14T07:08:06.000Z","confidence":null,"between":null}],"subtype":"protected","class":"national_park","names":{"primary":"Naturpark Fanes-Sennes-Prags - Parco Naturale Fanes-Sennes-Braies","common":[["de","Naturpark Fanes-Sennes-Prags"],["it","Parco Naturale Fanes-Sennes-Braies"],["lld","Parch Natural Fanes-Senes-Braies"]],"rules":null},"source_tags":[["boundary","protected_area"],["leisure","nature_reserve"],["protect_class","2"],["protection_title","Naturpark"],["start_date","1980"],["type","boundary"],["wikipedia","de:Naturpark Fanes-Sennes-Prags"]],"wikidata":"Q740279"}}
