{"type":"Feature","geometry":{"type":"Polygon","coordinates":[[[12.1561378,46.5050092],[12.1507496,46.5063101],[12.1498682,46.5063004],[12.1494734,46.5061686],[12.1487009,46.5060726],[12.1477354,46.5060578],[12.1471077,46.5061575],[12.1467066,46.5063757],[12.1460572,46.5069339],[12.1455574,46.5079039],[12.1430254,46.5079335],[12.1393346,46.5097647],[12.1384171,46.5138524],[12.1326398,46.517975],[12.1118688,46.5193334],[12.0958613,46.5154058],[12.0940685,46.5131145],[12.0934581,46.5123343],[12.0898532,46.5119798],[12.0843601,46.5069883],[12.0801973,46.5061612],[12.0771932,46.5010214],[12.0777511,46.4969152],[12.0763778,46.4930154],[12.0738458,46.4926904],[12.0713996,46.4900018],[12.0710134,46.488288],[12.0540618,46.4824669],[12.0477914,46.4847068],[12.0369386,46.4885835],[12.0307159,46.4788912],[12.0303297,46.4753743],[12.0333767,46.4715912],[12.0309734,46.4695222],[12.0305872,46.4656205],[12.0323467,46.4620141],[12.0318158,46.4591873],[12.031188,46.4576979],[12.0313167,46.4541502],[12.0272398,46.4500699],[12.0279693,46.4477636],[12.0275199,46.4450282],[12.030158,46.4461372],[12.0319819,46.4459006],[12.0333338,46.4465808],[12.0353698,46.4470431],[12.0371103,46.4474383],[12.0402002,46.4467138],[12.042346,46.4453388],[12.0442343,46.4456345],[12.0494914,46.4429731],[12.0504999,46.443254],[12.0532894,46.441805],[12.0550275,46.442012],[12.0599842,46.4399271],[12.0640611,46.4402229],[12.0652198,46.4385667],[12.0683527,46.4368218],[12.0708353,46.4365263],[12.0730733,46.4362599],[12.0743179,46.4345445],[12.0783948,46.4335684],[12.0804977,46.4348698],[12.0872354,46.43555],[12.0902395,46.4365556],[12.0966768,46.4344853],[12.101612,46.4342191],[12.1109676,46.4393356],[12.1159887,46.4412579],[12.121911,46.4473792],[12.1265029,46.4502178],[12.1343135,46.4528492],[12.1365521,46.4523665],[12.141695,46.4512526],[12.144742,46.4512822],[12.1536254,46.4538249],[12.1574449,46.4530562],[12.1589899,46.4513118],[12.1593761,46.449656],[12.1620369,46.4467878],[12.1663713,46.4470243],[12.1696758,46.4479114],[12.1701479,46.4470835],[12.173109,46.4466695],[12.177658,46.447941],[12.1810913,46.4478523],[12.1845245,46.4464329],[12.1883869,46.4462259],[12.1912622,46.4465512],[12.1933651,46.4446587],[12.1949958,46.444156],[12.1995019,46.4456937],[12.2063684,46.4456937],[12.2078704,46.4464625],[12.2068834,46.4472313],[12.2089103,46.4499589],[12.20963,46.4509274],[12.2080421,46.4521692],[12.2039651,46.4519622],[12.2031927,46.4541502],[12.2043085,46.4558058],[12.2035285,46.4569342],[12.203021,46.4576684],[12.2027392,46.457854],[12.2003606,46.4594203],[12.2001028,46.45959],[12.2001886,46.4633444],[12.2002744,46.4648815],[12.1994161,46.4660935],[12.1995878,46.4689311],[12.1984291,46.4691676],[12.1977853,46.4726848],[12.1951675,46.4742808],[12.1937084,46.4743104],[12.1926355,46.4750492],[12.1930646,46.4777091],[12.1901694,46.4834159],[12.1896314,46.4844763],[12.1875715,46.4845354],[12.1812629,46.4889085],[12.1783876,46.4923654],[12.1732378,46.4948767],[12.1687746,46.4952903],[12.1671867,46.4961471],[12.1668434,46.4980082],[12.1628093,46.5004897],[12.1590328,46.5043299],[12.1570406,46.5047912],[12.1561378,46.5050092]]]},"properties":{"id":"2131d6d6-d9f9-3316-a8ff-c4ce6ff238ba","version":0,"sources":[{"property":"","dataset":"OpenStreetMap","license":"ODbL-1.0","record_id":"r17293706@1","update_time":"2024-06-06T00:11:51.000Z","confidence":null,"between":null}],"subtype":"physical","class":"mountain_range","names":{"primary":"Gruppo Croda da Lago-Cernera","common":[["de","Ampezzaner Dolomiten"]],"rules":null},"source_tags":[["description","SOIUSA: Alpi orientali / Alpi Sud-orientali / Dolomiti / Dolomiti di Sesto, di Braies e d'Ampezzo / Dolomiti Ampezzane / Gruppo Croda da Lago-Cernera"],["natural","mountain_range"],["place","region"],["type","multipolygon"],["wikipedia","it:Dolomiti Ampezzane"]]}}
{"type":"Feature","geometry":{"type":"LineString","coordinates":[[12.3567545,46.3972949],[12.3552525,46.3991594],[12.3502338,46.4000367],[12.3451332,46.4004524],[12.3429453,46.4019126],[12.3401107,46.4029306],[12.3375554,46.4046685],[12.3381829,46.4074826],[12.3369893,46.4082251],[12.334696,46.4087994],[12.333591,46.4099164],[12.3318529,46.4101457],[12.3102879,46.4095317],[12.2849786,46.4050746],[12.2452444,46.4157638],[12.2163677,46.4334797],[12.1901694,46.4834159],[12.1357141,46.5212385]]},"properties":{"id":"06feafe2-b331-3303-be6c-210f57049962","version":0,"sources":[{"property":"","dataset":"OpenStreetMap","license":"ODbL-1.0","record_id":"w1282488674@3","update_time":"2024-10-21T20:55:46.000Z","confidence":null,"between":null}],"subtype":"physical","class":"valley","names":{"primary":"Valle del Boite","common":[["it","Valle del Boite"]],"rules":[{"variant":"alternate","language":null,"perspectives":null,"value":"Val Boite","between":null,"side":null}]},"source_tags":[["alt_name","Val Boite"],["natural","valley"]]}}
{"type":"Feature","geometry":{"type":"Polygon","coordinates":[[[12.1679163,46.5032369],[12.1703303,46.503872],[12.1715963,46.5042671],[12.1727013,46.5048324],[12.1727047,46.5052103],[12.1705127,46.5049945],[12.1684742,46.504544],[12.1679163,46.5032369]]]},"properties":{"id":"354b1aa2-a49d-3b0f-8e2e-026e2d237bbd","version":0,"sources":[{"property":"","dataset":"OpenStreetMap","license":"ODbL-1.0","record_id":"w842112538@1","update_time":"2020-08-29T10:23:28.000Z","confidence":null,"between":null}],"subtype":"forest","class":"forest","source_tags":[["landuse","forest"]]}}
{"type":"Feature","geometry":{"type":"Polygon","coordinates":[[[12.1604285,46.5051279],[12.1603788,46.5048447],[12.1600852,46.5045727],[12.1598284,46.5046903],[12.1596427,46.5045107],[12.1592571,46.5045884],[12.1590305,46.504634],[12.1588039,46.5049079],[12.1585935,46.5048995],[12.1587946,46.5048582],[12.1587956,46.5046542],[12.1588557,46.5045669],[12.1593976,46.504212],[12.1594517,46.5038945],[12.1595478,46.5035917],[12.159816,46.5033259],[12.1612215,46.5026612],[12.1613293,46.5031117],[12.1620047,46.50354],[12.1623695,46.5035696],[12.1628313,46.503289],[12.1630132,46.5032742],[12.1627879,46.5037394],[12.1622949,46.5037763],[12.1620154,46.5041604],[12.1613717,46.5044484],[12.1611678,46.5047733],[12.1606939,46.5050477],[12.1604285,46.5051279]]]},"properties":{"id":"2be2a693-b8d3-3873-966c-cb74348499cd","version":0,"sources":[{"property":"","dataset":"OpenStreetMap","license":"ODbL-1.0","record_id":"w260459125@7","update_time":"2024-07-01T17:26:24.000Z","confidence":null,"between":null}],"subtype":"forest","class":"forest","source_tags":[["landuse","forest"]]}}
{"type":"Feature","geometry":{"type":"Polygon","coordinates":[[[12.1585935,46.5048995],[12.1575328,46.5052739],[12.1571123,46.5052529],[12.1566402,46.505696],[12.1568354,46.5058721],[12.1566295,46.5062203],[12.1555373,46.5067213],[12.1547417,46.5071655],[12.1544306,46.5073058],[12.1544858,46.5075188],[12.1566852,46.5066918],[12.1567367,46.5068258],[12.1559128,46.5072677],[12.1557824,46.5079408],[12.1560292,46.5080516],[12.1563956,46.5078658],[12.1566402,46.5080294],[12.1564256,46.5084134],[12.1563291,46.508623],[12.1562912,46.5088423],[12.1563139,46.5089964],[12.1563211,46.5091223],[12.156266,46.5093735],[12.1560948,46.5096344],[12.1558388,46.5099212],[12.1555464,46.5100969],[12.1550759,46.5099925],[12.1543769,46.5102741],[12.1539387,46.510214],[12.1550421,46.5098016],[12.1551174,46.5096792],[12.1552134,46.509545],[12.1552782,46.5094176],[12.1553528,46.509137],[12.155151,46.5090104],[12.1548613,46.5088701],[12.1544597,46.5088694],[12.1543984,46.5088712],[12.1542022,46.5087531],[12.1538209,46.5084484],[12.1535627,46.5082639],[12.1539102,46.5081069],[12.1538739,46.5078691],[12.153876,46.5077829],[12.1539547,46.5075303],[12.1544842,46.507003],[12.155246,46.5063458],[12.1561307,46.5053137],[12.1561378,46.5050092],[12.1570406,46.5047912],[12.1575972,46.5047496],[12.1588557,46.5045669],[12.1587956,46.5046542],[12.1587946,46.5048582],[12.1585935,46.5048995]]]},"properties":{"id":"35650f6e-ea8e-38af-973d-c1c29207fc1b","version":0,"sources":[{"property":"","dataset":"OpenStreetMap","license":"ODbL-1.0","record_id":"w1256627453@3","update_time":"2024-07-01T17:26:24.000Z","confidence":null,"between":null}],"subtype":"forest","class":"forest","source_tags":[["landuse","forest"],["leaf_type","needleleaved"]]}}
{"type":"Feature","geometry":{"type":"Polygon","coordinates":[[[12.1553691,46.5102049],[12.1555464,46.5100969],[12.1558388,46.5099212],[12.1560948,46.5096344],[12.156266,46.5093735],[12.1563211,46.5091223],[12.1563139,46.5089964],[12.1562912,46.5088423],[12.1563291,46.508623],[12.1564256,46.5084134],[12.1566402,46.5080294],[12.1563956,46.5078658],[12.1560292,46.5080516],[12.1557824,46.5079408],[12.1559128,46.5072677],[12.1567367,46.5068258],[12.1566852,46.5066918],[12.1544858,46.5075188],[12.1544306,46.5073058],[12.1547417,46.5071655],[12.1555373,46.5067213],[12.1566295,46.5062203],[12.1568354,46.5058721],[12.1566402,46.505696],[12.1571123,46.5052529],[12.1575328,46.5052739],[12.1585935,46.5048995],[12.1597904,46.5054998],[12.1599613,46.5053583],[12.1601682,46.5052554],[12.1604285,46.5051279],[12.160444,46.5052772],[12.1602739,46.505438],[12.1602665,46.505696],[12.1602987,46.5061095],[12.160966,46.5061675],[12.1611914,46.5058056],[12.1614574,46.5057624],[12.1617471,46.5060061],[12.1613823,46.5062646],[12.1611806,46.5067508],[12.1620153,46.5079186],[12.1620389,46.5083532],[12.1618587,46.5087475],[12.1625539,46.5091654],[12.1625539,46.509579],[12.1619316,46.5097119],[12.1611785,46.5091293],[12.1611592,46.5085747],[12.1618029,46.5087372],[12.1619531,46.5083384],[12.1611785,46.5075347],[12.1608352,46.5068701],[12.1602987,46.5069587],[12.160333,46.5071939],[12.159773,46.5072171],[12.1595584,46.5075421],[12.1588289,46.507734],[12.1588503,46.5079408],[12.1581744,46.5084577],[12.1578118,46.50856],[12.1572946,46.5082805],[12.1567025,46.5083711],[12.1566878,46.5087788],[12.1565633,46.5094429],[12.1564323,46.5096827],[12.1563454,46.5098053],[12.1562381,46.5099127],[12.1558891,46.5101189],[12.1555431,46.5102683],[12.1553501,46.5103794],[12.1546946,46.510814],[12.1540922,46.5112488],[12.1536335,46.5116919],[12.1531078,46.5120869],[12.1531078,46.5121386],[12.1529576,46.5121976],[12.1522334,46.5123951],[12.1521771,46.5125779],[12.1519216,46.5126727],[12.1517118,46.5126195],[12.1506218,46.5131464],[12.1498081,46.5134701],[12.1496992,46.5132793],[12.1502909,46.5130567],[12.1507828,46.5125926],[12.1513101,46.5125177],[12.1514904,46.5124376],[12.1527806,46.5119669],[12.1529893,46.5118857],[12.1532217,46.511779],[12.1533677,46.5116483],[12.1536145,46.5114256],[12.1539724,46.5110938],[12.1544003,46.5108016],[12.1547664,46.5105485],[12.1553691,46.5102049]]]},"properties":{"id":"b2e6bc62-3ac7-3033-9f4d-3f4a1b5c2bfb","version":0,"sources":[{"property":"","dataset":"OpenStreetMap","license":"ODbL-1.0","record_id":"w1301155548@1","update_time":"2024-07-13T18:52:33.000Z","confidence":null,"between":null}],"subtype":"grass","class":"grassland","source_tags":[["natural","grassland"]]}}
{"type":"Feature","geometry":{"type":"Polygon","coordinates":[[[12.1623149,46.5046542],[12.1624597,46.5045988],[12.1624598,46.5046136],[12.1625187,46.504525],[12.1625831,46.5044622],[12.1629211,46.5040893],[12.1635058,46.5034875],[12.1638706,46.5037607],[12.1638822,46.5042865],[12.1638935,46.5047954],[12.1639834,46.5053632],[12.1649873,46.5063536],[12.1658992,46.5068852],[12.1670258,46.5071732],[12.1666878,46.5073132],[12.1655988,46.5069144],[12.1642037,46.5060632],[12.1631118,46.5048013],[12.1623149,46.5046542]]]},"properties":{"id":"a1f7d061-881f-3c01-bd04-fe195aade404","version":0,"sources":[{"property":"","dataset":"OpenStreetMap","license":"ODbL-1.0","record_id":"w396618165@2","update_time":"2020-08-29T10:23:28.000Z","confidence":null,"between":null}],"subtype":"rock","class":"scree","source_tags":[["natural","scree"]]}}
{"type":"Feature","geometry":{"type":"Polygon","coordinates":[[[12.1638935,46.5047954],[12.1638822,46.5042865],[12.1649337,46.5040936],[12.1647835,46.5032812],[12.1652126,46.5030745],[12.1654486,46.5033255],[12.1673798,46.5033994],[12.1675086,46.5040345],[12.166482,46.5035636],[12.1660602,46.5038277],[12.1666503,46.5041748],[12.1678202,46.5044484],[12.168324,46.5049062],[12.1685634,46.5048854],[12.169716,46.5051233],[12.1704703,46.5055413],[12.1699118,46.5056594],[12.1697187,46.5059843],[12.1709096,46.5069148],[12.1703624,46.5070551],[12.1708023,46.50738],[12.1731197,46.5078156],[12.1738708,46.5080889],[12.1726375,46.5079929],[12.1721225,46.5080298],[12.1697836,46.5077197],[12.1695368,46.5074981],[12.1684205,46.5074169],[12.1678524,46.5072249],[12.1670258,46.5071732],[12.1658992,46.5068852],[12.1649873,46.5063536],[12.1639834,46.5053632],[12.1638935,46.5047954]]]},"properties":{"id":"68efbb05-603b-3960-b088-4564add9250a","version":0,"sources":[{"property":"","dataset":"OpenStreetMap","license":"ODbL-1.0","record_id":"w842112539@1","update_time":"2020-08-29T10:23:28.000Z","confidence":null,"between":null}],"subtype":"forest","class":"forest","source_tags":[["landuse","forest"],["leaf_type","needleleaved"]]}}
{"type":"Feature","geometry":{"type":"LineString","coordinates":[[12.1657061,46.5050979],[12.1708989,46.5067077],[12.177701,46.5085833]]},"properties":{"id":"582db5e8-6987-3725-9c75-b09a809849ac","version":0,"sources":[{"property":"","dataset":"OpenStreetMap","license":"ODbL-1.0","record_id":"w1424463405@1","update_time":"2025-08-23T20:04:59.000Z","confidence":null,"between":null}],"subtype":"physical","class":"valley","names":{"primary":"Val Longia de Fora","common":null,"rules":null},"source_tags":[["natural","valley"]]}}
{"type":"Feature","geometry":{"type":"Polygon","coordinates":[[[12.1498081,46.5134701],[12.1506218,46.5131464],[12.1504089,46.5134111],[12.1505484,46.5135071],[12.1508257,46.5134786],[12.1511154,46.5132128],[12.151353,46.513544],[12.1520397,46.5127761],[12.1519216,46.5126727],[12.1521771,46.5125779],[12.1522334,46.5123951],[12.1529576,46.5121976],[12.1531078,46.5121386],[12.1531078,46.5120869],[12.1536335,46.5116919],[12.1540922,46.5112488],[12.1546946,46.510814],[12.1549026,46.5109608],[12.1558682,46.5108796],[12.1555431,46.5102683],[12.1558891,46.5101189],[12.1562381,46.5099127],[12.1563454,46.5098053],[12.1564323,46.5096827],[12.1565633,46.5094429],[12.1566878,46.5087788],[12.1567025,46.5083711],[12.1572946,46.5082805],[12.1578118,46.50856],[12.1581744,46.5084577],[12.1588503,46.5079408],[12.1588289,46.507734],[12.1595584,46.5075421],[12.159773,46.5072171],[12.160333,46.5071939],[12.1602987,46.5069587],[12.1608352,46.5068701],[12.1611785,46.5075347],[12.1619531,46.5083384],[12.1618029,46.5087372],[12.1611592,46.5085747],[12.1611785,46.5091293],[12.1619316,46.5097119],[12.1625539,46.509579],[12.1625539,46.5091654],[12.1618587,46.5087475],[12.1620389,46.5083532],[12.1620153,46.5079186],[12.1611806,46.5067508],[12.1613823,46.5062646],[12.1617471,46.5060061],[12.1614574,46.5057624],[12.1611914,46.5058056],[12.160966,46.5061675],[12.1602987,46.5061095],[12.1602665,46.505696],[12.1602739,46.505438],[12.160444,46.5052772],[12.1618866,46.5049649],[12.1623149,46.5046542],[12.1631118,46.5048013],[12.1642037,46.5060632],[12.1655988,46.5069144],[12.1666878,46.5073132],[12.1693002,46.5076602],[12.1696457,46.5078954],[12.1713516,46.5082351],[12.1720811,46.50856],[12.1726905,46.5085389],[12.1739887,46.5086718],[12.1745788,46.5089155],[12.1755787,46.5097045],[12.1749565,46.5101992],[12.1732162,46.5098976],[12.1704718,46.5087741],[12.1714352,46.5098533],[12.1701585,46.5099714],[12.1710061,46.5104218],[12.1698281,46.5107161],[12.1710082,46.5111074],[12.1711348,46.5121644],[12.1728193,46.5123342],[12.1733364,46.5136917],[12.1682273,46.512157],[12.168002,46.5123785],[12.1689354,46.5126517],[12.1693238,46.5130271],[12.1686157,46.5132486],[12.1678432,46.5127761],[12.1678432,46.5133151],[12.1681866,46.5139648],[12.1686565,46.5144459],[12.1677359,46.5144374],[12.1673712,46.5142306],[12.1659871,46.5143119],[12.165985,46.5149627],[12.1642383,46.5155522],[12.1635925,46.5161218],[12.1640753,46.5163507],[12.1658455,46.5157601],[12.1646782,46.5170436],[12.1631204,46.5174508],[12.1633135,46.5193038],[12.1629402,46.5206464],[12.163335,46.5212602],[12.1633264,46.5218349],[12.1624144,46.5222778],[12.1615239,46.5218644],[12.1610712,46.522028],[12.1601485,46.5218951],[12.1599468,46.5220711],[12.1592258,46.5219984],[12.1611163,46.5227355],[12.1601163,46.5230762],[12.1601592,46.5238513],[12.160685,46.5240359],[12.160524,46.5244936],[12.1601592,46.5247446],[12.1601056,46.5254458],[12.1598829,46.5258424],[12.1579732,46.5254734],[12.1570372,46.5244563],[12.1560512,46.5243529],[12.1563516,46.5237476],[12.1558366,46.5237476],[12.1554933,46.5239839],[12.1551929,46.5238657],[12.1557078,46.5233933],[12.1545277,46.5230832],[12.1539912,46.5227289],[12.1526609,46.5225222],[12.1520815,46.5225074],[12.1521673,46.5229061],[12.1518026,46.523098],[12.1511859,46.5227869],[12.1509225,46.5224896],[12.1507641,46.5220733],[12.1504328,46.5213432],[12.1501783,46.5210492],[12.1498182,46.5212276],[12.1496406,46.5216174],[12.1498518,46.5220832],[12.149799,46.5225127],[12.1496934,46.5229157],[12.1497894,46.5232362],[12.1490867,46.5228998],[12.1492686,46.5226114],[12.1489285,46.5225134],[12.1484303,46.5225678],[12.1478609,46.522459],[12.1478055,46.5222794],[12.1481851,46.5218985],[12.148421,46.5215018],[12.1485699,46.5216405],[12.1488003,46.5215546],[12.1488772,46.5214159],[12.1488244,46.5211912],[12.1487475,46.5210822],[12.1490068,46.5206065],[12.1488772,46.5204842],[12.1484547,46.5206197],[12.1479505,46.5211218],[12.1476048,46.521591],[12.147384,46.5219478],[12.1470389,46.5217249],[12.1473608,46.5208686],[12.1463523,46.52078],[12.14573,46.5210014],[12.1454092,46.5215101],[12.1446153,46.5212591],[12.1443169,46.5211421],[12.1440594,46.5210258],[12.1440969,46.5207435],[12.1439705,46.5206176],[12.143477,46.5204847],[12.1432473,46.5204984],[12.1428762,46.5208538],[12.1426401,46.5204256],[12.1429845,46.5196645],[12.1430489,46.5191182],[12.1435424,46.5188376],[12.1438656,46.5191523],[12.1446153,46.5189115],[12.1445724,46.5191977],[12.1442431,46.519292],[12.144074,46.5194103],[12.1440303,46.5194965],[12.1439457,46.5196329],[12.1439457,46.5197733],[12.1444325,46.5199579],[12.1452749,46.519994],[12.1460765,46.5201043],[12.1468023,46.5202086],[12.147461,46.5204051],[12.14784,46.5204412],[12.1480382,46.5204031],[12.1481227,46.5203289],[12.1482148,46.5202996],[12.147791,46.5201113],[12.1474509,46.519998],[12.1470734,46.5199358],[12.1468781,46.5198275],[12.1468715,46.5197196],[12.1466932,46.5196683],[12.1465166,46.5197031],[12.1461698,46.5197292],[12.1456592,46.519747],[12.1452749,46.5197051],[12.1450038,46.5197432],[12.1445637,46.5197854],[12.14445,46.519645],[12.144587,46.5195407],[12.145135,46.5194685],[12.1457063,46.5194304],[12.1461989,46.5194183],[12.1466565,46.5195186],[12.1471258,46.5196751],[12.1477875,46.5198796],[12.148283,46.5200802],[12.1485667,46.5201899],[12.1487062,46.5201087],[12.1488028,46.5200792],[12.1489283,46.5201445],[12.1490603,46.5202047],[12.1492748,46.5202269],[12.1492811,46.5203102],[12.1492003,46.5204456],[12.1492275,46.520515],[12.149191,46.5206704],[12.1490285,46.5208823],[12.1490793,46.5210539],[12.1492711,46.5209758],[12.1493798,46.5207933],[12.1495524,46.5205976],[12.1495597,46.5203369],[12.1498017,46.5202868],[12.1499299,46.5201845],[12.1499503,46.5201063],[12.1497579,46.520008],[12.1492041,46.5198415],[12.1487407,46.5196249],[12.1484055,46.5194183],[12.1480557,46.5194223],[12.1474057,46.5192679],[12.1468577,46.5191215],[12.1467498,46.518957],[12.1465254,46.5189309],[12.1461245,46.5190064],[12.1455285,46.5190788],[12.1450085,46.5190386],[12.1449034,46.5189273],[12.1451179,46.5188387],[12.1453019,46.5188524],[12.1453771,46.5186974],[12.1457402,46.5185877],[12.1459548,46.5184105],[12.1463303,46.5184401],[12.1471473,46.518151],[12.1468362,46.5179738],[12.1464591,46.5179823],[12.1461801,46.5178568],[12.1456544,46.5178125],[12.1463748,46.5175161],[12.1468131,46.5176944],[12.1468668,46.5173769],[12.1458475,46.517281],[12.145869,46.5171112],[12.1460406,46.5170078],[12.1463319,46.5170879],[12.1466951,46.5170078],[12.1469848,46.5171998],[12.1470062,46.5170521],[12.1478002,46.5168306],[12.1481665,46.5165194],[12.1474799,46.5157959],[12.1482722,46.5159077],[12.1487781,46.5154193],[12.1485941,46.5146452],[12.1489712,46.5147622],[12.1491751,46.5151978],[12.14969,46.5154341],[12.1499996,46.5154352],[12.1505897,46.5157084],[12.1506004,46.515546],[12.1508257,46.5153909],[12.1508257,46.5150661],[12.1503751,46.5148003],[12.1504824,46.5145492],[12.1503429,46.514217],[12.1501283,46.5141431],[12.1498923,46.5141948],[12.149969,46.5144374],[12.1495597,46.514719],[12.1496348,46.5144311],[12.1494953,46.5143056],[12.1495704,46.5140767],[12.1492593,46.5140029],[12.1492092,46.5140527],[12.1491086,46.5140693],[12.1490299,46.5140701],[12.1490872,46.513977],[12.1490523,46.5139309],[12.1488243,46.5138718],[12.14957,46.5135601],[12.1496686,46.5136695],[12.1495506,46.5138319],[12.150021,46.5138035],[12.1498081,46.5134701]]]},"properties":{"id":"4b5fdd82-d4e0-3c40-b81f-ae8d727041d8","version":0,"sources":[{"property":"","dataset":"OpenStreetMap","license":"ODbL-1.0","record_id":"w1256627448@2","update_time":"2024-07-01T17:26:24.000Z","confidence":null,"between":null}],"subtype":"forest","class":"forest","source_tags":[["landuse","forest"],["leaf_type","needleleaved"]]}}
{"type":"Feature","geometry":{"type":"Polygon","coordinates":[[[12.1496992,46.5132793],[12.1495935,46.5130714],[12.1493344,46.5128215],[12.1502571,46.5124007],[12.1520059,46.5117287],[12.1518878,46.5115442],[12.1521229,46.5114494],[12.1522415,46.5115313],[12.1523085,46.5116291],[12.1523944,46.511786],[12.1525419,46.5118875],[12.1527806,46.5119669],[12.1514904,46.5124376],[12.1513101,46.5125177],[12.1507828,46.5125926],[12.1502909,46.5130567],[12.1496992,46.5132793]]]},"properties":{"id":"36a79fa6-19eb-3e7c-979d-035fd4e5e5cc","version":0,"sources":[{"property":"","dataset":"OpenStreetMap","license":"ODbL-1.0","record_id":"w1256627446@2","update_time":"2024-07-01T17:26:24.000Z","confidence":null,"between":null}],"subtype":"forest","class":"forest","source_tags":[["landuse","forest"]]}}
{"type":"Feature","geometry":{"type":"Polygon","coordinates":[[[12.1486899,46.5136643],[12.1487054,46.5135299],[12.1486907,46.5134417],[12.1493237,46.5132867],[12.1494255,46.5133997],[12.1494583,46.5134361],[12.1489531,46.5136116],[12.1486899,46.5136643]]]},"properties":{"id":"0d45720b-be05-3987-afff-d851fc07e4cb","version":0,"sources":[{"property":"","dataset":"OpenStreetMap","license":"ODbL-1.0","record_id":"w1236149270@1","update_time":"2024-01-02T00:12:47.000Z","confidence":null,"between":null}],"subtype":"forest","class":"forest","source_tags":[["landuse","forest"],["leaf_type","needleleaved"]]}}
{"type":"Feature","geometry":{"type":"Polygon","coordinates":[[[12.1468483,46.506409],[12.1472633,46.5062203],[12.1475744,46.5061575],[12.1480143,46.5061834],[12.1485235,46.5062328],[12.147699,46.5065721],[12.147892,46.5068851],[12.1488686,46.5073455],[12.149428,46.507533],[12.1502146,46.5076309],[12.1505501,46.5077289],[12.1509126,46.5078985],[12.1511287,46.5079316],[12.1514472,46.5079769],[12.1517117,46.5079944],[12.1520763,46.5079865],[12.1519144,46.5082348],[12.1518122,46.5083913],[12.1516938,46.5085478],[12.1514882,46.5088017],[12.1512319,46.5090686],[12.1511363,46.5091693],[12.151123,46.5093438],[12.151245,46.5094167],[12.1514153,46.5093835],[12.1517901,46.509654],[12.1520626,46.5094542],[12.1524886,46.5097193],[12.1520698,46.510012],[12.1514771,46.5096542],[12.1513027,46.5095579],[12.1511418,46.5096078],[12.1509863,46.5096912],[12.1503693,46.5102465],[12.1501253,46.510149],[12.149672,46.5106954],[12.1490123,46.5110083],[12.148997,46.5110156],[12.1488818,46.5111353],[12.1486316,46.5112817],[12.1484264,46.5114644],[12.1481043,46.5115886],[12.1479415,46.5115789],[12.1477688,46.5116594],[12.1477288,46.511678],[12.1476531,46.5116722],[12.1474707,46.5113996],[12.1462116,46.5102126],[12.1458012,46.5099844],[12.1454855,46.5101083],[12.1455477,46.5104366],[12.1464008,46.511796],[12.1463524,46.511813],[12.1455738,46.5118228],[12.1451915,46.5117692],[12.1446677,46.5118471],[12.1441439,46.5120956],[12.1437263,46.5123927],[12.1432591,46.5126558],[12.1427778,46.5128409],[12.1426221,46.5125632],[12.1423602,46.512422],[12.141893,46.5124463],[12.1414612,46.512383],[12.1411993,46.5121784],[12.140987,46.511852],[12.1411781,46.5114379],[12.1401285,46.5110274],[12.14015,46.5115148],[12.139989,46.5118138],[12.1402076,46.5119534],[12.1403431,46.5116809],[12.1406167,46.5117695],[12.1403163,46.5122347],[12.1391575,46.5134086],[12.140048,46.5139772],[12.1404235,46.5140879],[12.140783,46.5142762],[12.1404343,46.514446],[12.1407025,46.5146527],[12.1404933,46.5149222],[12.1406918,46.5150514],[12.1405469,46.5154095],[12.1401875,46.5152508],[12.1400749,46.5147746],[12.139474,46.5142095],[12.1390341,46.5137739],[12.1386265,46.5133387],[12.1384912,46.5131761],[12.1390701,46.5123843],[12.1392015,46.5113571],[12.1391296,46.5108506],[12.1391851,46.5103489],[12.1393289,46.5098682],[12.1396671,46.509573],[12.1403516,46.5092154],[12.141163,46.5089175],[12.1416023,46.5086513],[12.1425639,46.508362],[12.1432184,46.5080297],[12.1437918,46.5079079],[12.1444366,46.5079793],[12.1446239,46.5081257],[12.1451721,46.5090099],[12.1461055,46.5088992],[12.1468447,46.5086647],[12.1471462,46.5081608],[12.1473168,46.5077639],[12.146598,46.5070624],[12.1465701,46.506755],[12.1468483,46.506409]]]},"properties":{"id":"a5e61899-0a2a-36bc-8ed7-d9a88c3faf69","version":0,"sources":[{"property":"","dataset":"OpenStreetMap","license":"ODbL-1.0","record_id":"w601657055@10","update_time":"2024-07-01T17:26:24.000Z","confidence":null,"between":null}],"subtype":"forest","class":"wood","source_tags":[["leaf_type","needleleaved"],["natural","wood"]]}}
{"type":"Feature","geometry":{"type":"Point","coordinates":[12.1368642,46.5087953]},"properties":{"id":"67a319fd-7708-354d-9b5a-0e97f0bcd335","version":0,"sources":[{"property":"","dataset":"OpenStreetMap","license":"ODbL-1.0","record_id":"n11168402354@1","update_time":"2023-09-04T23:25:15.000Z","confidence":null,"between":null}],"subtype":"tree","class":"tree","source_tags":[["leaf_type","needleleaved"],["natural","tree"]]}}
{"type":"Feature","geometry":{"type":"Polygon","coordinates":[[[12.1385725,46.5211791],[12.1386047,46.5213489],[12.1398267,46.5222673],[12.1396347,46.5223529],[12.1381649,46.5212751],[12.1369085,46.5211009],[12.1362122,46.521755],[12.1359536,46.5219941],[12.1352241,46.5225552],[12.1347531,46.52222],[12.135665,46.5215556],[12.1365126,46.5209134],[12.136813,46.5205812],[12.1369621,46.5198754],[12.1372744,46.5183516],[12.1376595,46.5173357],[12.1378215,46.5181301],[12.1375093,46.5190707],[12.1372851,46.519806],[12.1374128,46.5204512],[12.1373698,46.5208351],[12.1385725,46.5211791]]]},"properties":{"id":"a47ce9c7-8cb0-3347-b9c4-17174995554a","version":0,"sources":[{"property":"","dataset":"OpenStreetMap","license":"ODbL-1.0","record_id":"w666304127@1","update_time":"2019-01-26T15:29:01.000Z","confidence":null,"between":null}],"subtype":"forest","class":"forest","source_tags":[["landuse","forest"]]}}
{"type":"Feature","geometry":{"type":"Polygon","coordinates":[[[12.137358,46.517448],[12.1378004,46.5159891],[12.1374243,46.5159645],[12.1366167,46.5160358],[12.1368669,46.5159669],[12.1371206,46.5159455],[12.1375712,46.5159455],[12.1379793,46.5159754],[12.1379505,46.5162364],[12.1378287,46.5166174],[12.1375964,46.5171371],[12.137358,46.517448]]]},"properties":{"id":"7f383ffb-ec74-30dc-9167-9878ad4b3d7c","version":0,"sources":[{"property":"","dataset":"OpenStreetMap","license":"ODbL-1.0","record_id":"w666426403@2","update_time":"2023-10-18T16:13:57.000Z","confidence":null,"between":null}],"subtype":"forest","class":"forest","source_tags":[["landuse","forest"],["leaf_type","mixed"]]}}
{"type":"Feature","geometry":{"type":"Polygon","coordinates":[[[12.1351825,46.5227366],[12.1345398,46.5236874],[12.1346233,46.5239873],[12.1347413,46.5242752],[12.1350428,46.5244125],[12.1354172,46.5247624],[12.135429,46.5254534],[12.1354719,46.5263908],[12.1359322,46.5269327],[12.1364697,46.5275867],[12.1383902,46.5279336],[12.1400853,46.527535],[12.1403106,46.5277343],[12.1385286,46.528158],[12.1391197,46.5285536],[12.1399616,46.5286357],[12.1397868,46.5292467],[12.1391951,46.5292177],[12.1391092,46.5288118],[12.1386908,46.528856],[12.139003,46.5296886],[12.1385739,46.5299101],[12.138326,46.5296606],[12.1377263,46.5302865],[12.1374785,46.5308047],[12.1374356,46.5311221],[12.1375225,46.5318587],[12.1378121,46.5318956],[12.1382627,46.5315339],[12.1386383,46.5320284],[12.1384337,46.5322664],[12.138047,46.5321923],[12.1378695,46.5324148],[12.1381972,46.5325687],[12.1378217,46.5328492],[12.137383,46.5329658],[12.1365998,46.5321244],[12.1368895,46.531962],[12.1369216,46.5315708],[12.1371791,46.5309582],[12.1376083,46.5302349],[12.138134,46.5297108],[12.1384559,46.5292458],[12.1384237,46.5288767],[12.1381973,46.5285165],[12.1379398,46.5282877],[12.1375107,46.5281622],[12.1364925,46.5279393],[12.1360623,46.5277193],[12.135484,46.5270609],[12.1350548,46.5265073],[12.1349797,46.5262341],[12.1351289,46.5258591],[12.1350645,46.5253572],[12.134851,46.5248833],[12.1345066,46.5241466],[12.1343789,46.5237834],[12.1343896,46.5232445],[12.134454,46.522617],[12.1346675,46.5227292],[12.1348606,46.5225889],[12.1351825,46.5227366]]]},"properties":{"id":"5d852e83-a355-334b-a0e3-4e9bded3a077","version":0,"sources":[{"property":"","dataset":"OpenStreetMap","license":"ODbL-1.0","record_id":"w666314099@1","update_time":"2024-05-19T23:46:16.000Z","confidence":null,"between":null}],"subtype":"forest","class":"forest","source_tags":[["landuse","forest"]]}}
{"type":"Feature","geometry":{"type":"Polygon","coordinates":[[[12.1358218,46.5320859],[12.1364901,46.5318781],[12.1364472,46.5314943],[12.1366309,46.5309894],[12.1374248,46.5300262],[12.1372585,46.5298749],[12.1370547,46.529181],[12.1368026,46.5284171],[12.1356117,46.5279779],[12.1352294,46.5274198],[12.1345549,46.5268928],[12.1342491,46.5265938],[12.134571,46.5260365],[12.1347265,46.5254165],[12.1345817,46.5251062],[12.1347743,46.5250265],[12.1348821,46.5254015],[12.134807,46.5260142],[12.1348499,46.5264497],[12.1351503,46.5269738],[12.1355365,46.5274683],[12.1358595,46.5278138],[12.1361813,46.5279762],[12.1368669,46.528177],[12.1373615,46.5282567],[12.1378003,46.5283984],[12.1380793,46.5286863],[12.1382295,46.5289963],[12.1382402,46.5292325],[12.1380364,46.5295794],[12.1375107,46.5301256],[12.1369635,46.5309006],[12.1366738,46.5314542],[12.1366856,46.531807],[12.1365569,46.5319694],[12.1361921,46.5320801],[12.1358218,46.5320859]]]},"properties":{"id":"b04f035f-1160-3f1e-b131-9be597921326","version":0,"sources":[{"property":"","dataset":"OpenStreetMap","license":"ODbL-1.0","record_id":"w666314101@1","update_time":"2019-01-26T16:20:11.000Z","confidence":null,"between":null}],"subtype":"forest","class":"forest","source_tags":[["landuse","forest"],["source","bing"]]}}
{"type":"Feature","geometry":{"type":"Polygon","coordinates":[[[12.1265133,46.5342567],[12.1265923,46.5341615],[12.126645,46.5339123],[12.1268097,46.5336585],[12.1273499,46.5334953],[12.1274817,46.5334228],[12.1274949,46.5333095],[12.1276398,46.5331826],[12.1278045,46.5332279],[12.1280746,46.5330784],[12.1283513,46.5330648],[12.1284698,46.5329515],[12.1286345,46.5330421],[12.1287597,46.5330013],[12.1288783,46.5328019],[12.1287663,46.5327566],[12.128404,46.5328155],[12.1283249,46.5328019],[12.1278704,46.5329152],[12.1271721,46.5328926],[12.1269349,46.5331237],[12.1262761,46.5331418],[12.126118,46.5330693],[12.1259006,46.5331328],[12.1255317,46.5330104],[12.1246885,46.5329288],[12.12428,46.5326207],[12.1237662,46.5326977],[12.1231074,46.5328201],[12.1225738,46.5328155],[12.1221126,46.5325164],[12.1223827,46.5323397],[12.12289,46.5324575],[12.1234499,46.5324484],[12.1236542,46.5325255],[12.124504,46.5324938],[12.1249454,46.532317],[12.1253406,46.5323623],[12.1256371,46.5325164],[12.125703,46.5327521],[12.1261048,46.5329107],[12.1264935,46.5329198],[12.1268427,46.5327611],[12.1269612,46.5325753],[12.1271721,46.5325119],[12.1278111,46.5323895],[12.1280614,46.5325119],[12.1284171,46.5324122],[12.1287597,46.5321085],[12.129122,46.5317369],[12.1294514,46.531755],[12.1301234,46.5318457],[12.1305582,46.5319272],[12.1309798,46.5319499],[12.1316715,46.5318729],[12.1323369,46.5317686],[12.1326992,46.5317686],[12.1325477,46.531968],[12.132798,46.5319544],[12.1330879,46.5317868],[12.1325938,46.5315601],[12.1327322,46.5313698],[12.1335293,46.5314242],[12.1333909,46.5317233],[12.1340365,46.5315556],[12.1342276,46.5317278],[12.1345899,46.5314967],[12.1349259,46.5316599],[12.1349457,46.5318638],[12.1354529,46.5318411],[12.1358218,46.5320859],[12.1350038,46.5321082],[12.1345862,46.5322268],[12.134451,46.5324383],[12.1337928,46.5322989],[12.1331735,46.5322173],[12.133134,46.5323215],[12.1328441,46.5324076],[12.1322249,46.5323306],[12.1318889,46.5325708],[12.1317769,46.5325028],[12.1312301,46.5325209],[12.1307492,46.5324484],[12.1303671,46.532453],[12.1295634,46.5324258],[12.1290891,46.5329198],[12.128819,46.53316],[12.1283315,46.5332642],[12.1279362,46.5333095],[12.1277188,46.5336041],[12.1273236,46.5337582],[12.1271721,46.5337582],[12.1269151,46.5338941],[12.1267834,46.5341525],[12.1266055,46.5342975],[12.1265133,46.5342567]]]},"properties":{"id":"9b3f3731-b8e6-3205-8044-048ea5bbc562","version":0,"sources":[{"property":"","dataset":"OpenStreetMap","license":"ODbL-1.0","record_id":"w140314198@4","update_time":"2019-01-27T10:48:40.000Z","confidence":null,"between":null}],"subtype":"forest","class":"forest","source_tags":[["landuse","forest"],["source","bing"]]}}
{"type":"Feature","geometry":{"type":"Polygon","coordinates":[[[12.1353972,46.537475],[12.1354374,46.5373957],[12.1356332,46.5372591],[12.1358022,46.5370838],[12.1359043,46.5368301],[12.1359811,46.5368259],[12.1358705,46.5370859],[12.1358658,46.5371704],[12.1359857,46.5372547],[12.1354833,46.5375574],[12.1353972,46.537475]]]},"properties":{"id":"c4132519-0e66-34c9-b74e-f2e722483963","version":0,"sources":[{"property":"","dataset":"OpenStreetMap","license":"ODbL-1.0","record_id":"w1305051516@1","update_time":"2024-08-01T13:15:31.000Z","confidence":null,"between":null}],"subtype":"forest","class":"forest","source_tags":[["fixme","shape not correct. Also it looks more like a park than a forest"],["landuse","forest"],["source","bing"]]}}
{"type":"Feature","geometry":{"type":"Point","coordinates":[12.1369044,46.5373847]},"properties":{"id":"32ad8c90-28dd-3b6f-b681-661c29cf1e6e","version":0,"sources":[{"property":"","dataset":"OpenStreetMap","license":"ODbL-1.0","record_id":"n12027847364@2","update_time":"2025-06-17T08:47:48.000Z","confidence":null,"between":null}],"subtype":"tree","class":"tree","source_tags":[["leaf_type","broadleaved"],["natural","tree"]]}}
{"type":"Feature","geometry":{"type":"Point","coordinates":[12.1368619,46.5373638]},"properties":{"id":"f58f5416-f1ea-3db7-924b-6107535170ca","version":0,"sources":[{"property":"","dataset":"OpenStreetMap","license":"ODbL-1.0","record_id":"n12027847365@2","update_time":"2025-06-17T08:47:47.000Z","confidence":null,"between":null}],"subtype":"tree","class":"tree","source_tags":[["leaf_type","broadleaved"],["natural","tree"]]}}
{"type":"Feature","geometry":{"type":"Point","coordinates":[12.1371182,46.5371632]},"properties":{"id":"da5ad618-c4a1-3cdc-9132-1ace7a36e79e","version":0,"sources":[{"property":"","dataset":"OpenStreetMap","license":"ODbL-1.0","record_id":"n3208355736@3","update_time":"2025-06-17T08:47:52.000Z","confidence":null,"between":null}],"subtype":"tree","class":"tree","source_tags":[["leaf_type","broadleaved"],["natural","tree"]]}}
{"type":"Feature","geometry":{"type":"Point","coordinates":[12.1370865,46.5371318]},"properties":{"id":"1314756a-6dd2-3bb1-8775-36d73b6e8e42","version":0,"sources":[{"property":"","dataset":"OpenStreetMap","license":"ODbL-1.0","record_id":"n3208355735@3","update_time":"2025-06-17T08:47:51.000Z","confidence":null,"between":null}],"subtype":"tree","class":"tree","source_tags":[["leaf_type","broadleaved"],["natural","tree"]]}}
{"type":"Feature","geometry":{"type":"Point","coordinates":[12.1370107,46.537063]},"properties":{"id":"a27ecde7-c3e2-354e-9d8a-1ce55c58443e","version":0,"sources":[{"property":"","dataset":"OpenStreetMap","license":"ODbL-1.0","record_id":"n5723384475@1","update_time":"2018-06-27T14:30:14.000Z","confidence":null,"between":null}],"subtype":"tree","class":"tree","source_tags":[["natural","tree"]]}}
{"type":"Feature","geometry":{"type":"Point","coordinates":[12.1370479,46.5370986]},"properties":{"id":"4d1f68b8-afc6-337a-9215-abe69136a408","version":0,"sources":[{"property":"","dataset":"OpenStreetMap","license":"ODbL-1.0","record_id":"n3208355734@3","update_time":"2025-06-17T08:47:52.000Z","confidence":null,"between":null}],"subtype":"tree","class":"tree","source_tags":[["leaf_type","broadleaved"],["natural","tree"]]}}
{"type":"Feature","geometry":{"type":"Point","coordinates":[12.1366657,46.5372696]},"properties":{"id":"7cd89857-8bb2-316a-a249-6cb4af2a3e5a","version":0,"sources":[{"property":"","dataset":"OpenStreetMap","license":"ODbL-1.0","record_id":"n5723384481@2","update_time":"2025-06-17T08:47:50.000Z","confidence":null,"between":null}],"subtype":"tree","class":"tree","source_tags":[["leaf_type","broadleaved"],["natural","tree"]]}}
{"type":"Feature","geometry":{"type":"Point","coordinates":[12.1367409,46.5373136]},"properties":{"id":"2211774a-77bf-39b2-b095-8794fc469e66","version":0,"sources":[{"property":"","dataset":"OpenStreetMap","license":"ODbL-1.0","record_id":"n5723384479@2","update_time":"2025-06-17T08:47:49.000Z","confidence":null,"between":null}],"subtype":"tree","class":"tree","source_tags":[["leaf_type","broadleaved"],["natural","tree"]]}}
{"type":"Feature","geometry":{"type":"Point","coordinates":[12.1367053,46.5372927]},"properties":{"id":"05cecb0d-c5eb-31cf-938f-3100a36ca1e7","version":0,"sources":[{"property":"","dataset":"OpenStreetMap","license":"ODbL-1.0","record_id":"n5723384480@2","update_time":"2025-06-17T08:47:50.000Z","confidence":null,"between":null}],"subtype":"tree","class":"tree","source_tags":[["leaf_type","broadleaved"],["natural","tree"]]}}
{"type":"Feature","geometry":{"type":"Point","coordinates":[12.1367694,46.5373374]},"properties":{"id":"4b85257d-cbd5-3952-9077-962fd511a0d3","version":0,"sources":[{"property":"","dataset":"OpenStreetMap","license":"ODbL-1.0","record_id":"n5723384478@2","update_time":"2025-06-17T08:47:49.000Z","confidence":null,"between":null}],"subtype":"tree","class":"tree","source_tags":[["leaf_type","broadleaved"],["natural","tree"]]}}
{"type":"Feature","geometry":{"type":"Point","coordinates":[12.1362943,46.5372591]},"properties":{"id":"ddaab739-9462-3344-bcbb-1fd73360c2f7","version":0,"sources":[{"property":"","dataset":"OpenStreetMap","license":"ODbL-1.0","record_id":"n3208355730@2","update_time":"2018-06-27T14:30:19.000Z","confidence":null,"between":null}],"subtype":"tree","class":"tree","source_tags":[["natural","tree"]]}}
{"type":"Feature","geometry":{"type":"Point","coordinates":[12.136255,46.5372876]},"properties":{"id":"707c82bb-723f-3c68-9718-58daf9dcc441","version":0,"sources":[{"property":"","dataset":"OpenStreetMap","license":"ODbL-1.0","record_id":"n3208355731@2","update_time":"2018-06-27T14:30:19.000Z","confidence":null,"between":null}],"subtype":"tree","class":"tree","source_tags":[["natural","tree"]]}}
{"type":"Feature","geometry":{"type":"Point","coordinates":[12.136214,46.5373332]},"properties":{"id":"c1a8d8de-b825-3661-964a-5b08316e633d","version":0,"sources":[{"property":"","dataset":"OpenStreetMap","license":"ODbL-1.0","record_id":"n3208355732@2","update_time":"2018-06-27T14:30:19.000Z","confidence":null,"between":null}],"subtype":"tree","class":"tree","source_tags":[["natural","tree"]]}}
{"type":"Feature","geometry":{"type":"Point","coordinates":[12.13618,46.537369]},"properties":{"id":"6f4d576e-7e06-361e-994f-91d62df36c3a","version":0,"sources":[{"property":"","dataset":"OpenStreetMap","license":"ODbL-1.0","record_id":"n3208355733@2","update_time":"2018-06-27T14:30:19.000Z","confidence":null,"between":null}],"subtype":"tree","class":"tree","source_tags":[["natural","tree"]]}}
{"type":"Feature","geometry":{"type":"Point","coordinates":[12.1363382,46.537227]},"properties":{"id":"e36b5d36-67ec-35b7-81d6-b4d8ce6f04ff","version":0,"sources":[{"property":"","dataset":"OpenStreetMap","license":"ODbL-1.0","record_id":"n3208355729@2","update_time":"2018-06-27T14:30:19.000Z","confidence":null,"between":null}],"subtype":"tree","class":"tree","source_tags":[["natural","tree"]]}}
{"type":"Feature","geometry":{"type":"Point","coordinates":[12.1373667,46.536998]},"properties":{"id":"72465259-4431-37a7-a424-4d0e8a3ac9bd","version":0,"sources":[{"property":"","dataset":"OpenStreetMap","license":"ODbL-1.0","record_id":"n5722932884@2","update_time":"2025-06-17T08:48:33.000Z","confidence":null,"between":null}],"subtype":"tree","class":"tree","source_tags":[["leaf_type","broadleaved"],["natural","tree"]]}}
{"type":"Feature","geometry":{"type":"Point","coordinates":[12.1371519,46.5371965]},"properties":{"id":"8fbfd347-f37d-38b9-abe9-d223c5bc59bd","version":0,"sources":[{"property":"","dataset":"OpenStreetMap","license":"ODbL-1.0","record_id":"n3208355737@3","update_time":"2025-06-17T08:47:51.000Z","confidence":null,"between":null}],"subtype":"tree","class":"tree","source_tags":[["leaf_type","broadleaved"],["natural","tree"]]}}
{"type":"Feature","geometry":{"type":"Point","coordinates":[12.1379041,46.5363161]},"properties":{"id":"85e94c0c-b25d-3d28-862e-92d8980bd899","version":0,"sources":[{"property":"","dataset":"OpenStreetMap","license":"ODbL-1.0","record_id":"n3594840407@1","update_time":"2015-06-14T17:14:47.000Z","confidence":null,"between":null}],"subtype":"tree","class":"tree","source_tags":[["denotation","urban"],["leaf_cycle","deciduous"],["leaf_type","broadleaved"],["natural","tree"]]}}
{"type":"Feature","geometry":{"type":"Point","coordinates":[12.1380269,46.5362391]},"properties":{"id":"6edbba2d-86c1-3daf-9d6b-7d16eeb50e92","version":0,"sources":[{"property":"","dataset":"OpenStreetMap","license":"ODbL-1.0","record_id":"n3594840408@1","update_time":"2015-06-14T17:14:47.000Z","confidence":null,"between":null}],"subtype":"tree","class":"tree","source_tags":[["leaf_cycle","deciduous"],["leaf_type","broadleaved"],["natural","tree"]]}}
{"type":"Feature","geometry":{"type":"Polygon","coordinates":[[[12.1343426,46.5372059],[12.1342802,46.5372102],[12.1341756,46.5371973],[12.134156,46.5369629],[12.1343359,46.5368765],[12.1344258,46.5366466],[12.1344648,46.5364178],[12.1344767,46.5363326],[12.1345891,46.5362257],[12.1346412,46.5356433],[12.1343121,46.5346901],[12.1346662,46.5344171],[12.1351919,46.5338266],[12.1352241,46.5334502],[12.1350417,46.5330369],[12.1345589,46.5326088],[12.1349695,46.5328317],[12.1352431,46.5329719],[12.1354147,46.5332155],[12.1355381,46.5335218],[12.1355649,46.5336842],[12.1355167,46.533865],[12.1352484,46.5341196],[12.1348515,46.5345108],[12.1347817,46.5346547],[12.1348515,46.5348909],[12.135066,46.535581],[12.1348783,46.5365589],[12.1347227,46.536784],[12.1343426,46.5372059]]]},"properties":{"id":"a7adc0ef-0733-3e10-9c6e-14fbb63c570c","version":0,"sources":[{"property":"","dataset":"OpenStreetMap","license":"ODbL-1.0","record_id":"w666426413@2","update_time":"2024-08-01T13:15:31.000Z","confidence":null,"between":null}],"subtype":"forest","class":"forest","source_tags":[["landuse","forest"]]}}
{"type":"Feature","geometry":{"type":"Polygon","coordinates":[[[12.1347618,46.5372387],[12.1348125,46.5370451],[12.1349762,46.5368386],[12.1350186,46.5367251],[12.1351821,46.5362868],[12.1352396,46.5355262],[12.1350103,46.5348295],[12.1350041,46.5346047],[12.1351339,46.5344084],[12.1356108,46.5339065],[12.1357012,46.5336305],[12.1356089,46.5333602],[12.1354177,46.5330171],[12.1353026,46.5328647],[12.134889,46.532673],[12.1347335,46.5325881],[12.1346852,46.5325143],[12.1347013,46.5323999],[12.1348032,46.5322781],[12.135066,46.5321822],[12.1353021,46.5321674],[12.136155,46.5322043],[12.1364125,46.5321711],[12.1365453,46.5322587],[12.1365627,46.5323566],[12.1364782,46.5324046],[12.1361295,46.5324174],[12.135923,46.5324737],[12.135742,46.5324958],[12.1350191,46.5324498],[12.1349963,46.5324627],[12.1349963,46.5325734],[12.1354802,46.5327625],[12.1356707,46.5327816],[12.1358825,46.533035],[12.1359965,46.5332129],[12.1361547,46.5335295],[12.1362859,46.5338477],[12.1360939,46.5339037],[12.1357895,46.5342212],[12.1354693,46.5344983],[12.1355171,46.5346695],[12.1355417,46.5348788],[12.1356128,46.5352826],[12.1357503,46.5356716],[12.1359074,46.5359634],[12.1359135,46.5362382],[12.1358244,46.5365574],[12.1357433,46.5367968],[12.1356405,46.5370215],[12.1354044,46.5372123],[12.1351276,46.5373126],[12.1348901,46.5373291],[12.1348505,46.5373246],[12.1347618,46.5372387]]]},"properties":{"id":"6d3e4388-7855-3417-96b8-f77a3394adb2","version":0,"sources":[{"property":"","dataset":"OpenStreetMap","license":"ODbL-1.0","record_id":"w666426407@1","update_time":"2024-10-17T20:35:30.000Z","confidence":null,"between":null}],"subtype":"forest","class":"forest","source_tags":[["landuse","forest"],["source","bing"]]}}
{"type":"Feature","geometry":{"type":"Polygon","coordinates":[[[12.141597,46.5382142],[12.1414951,46.5376829],[12.1413923,46.5375447],[12.1417056,46.5373734],[12.1418238,46.5375506],[12.1419523,46.5376096],[12.1421281,46.5378711],[12.1424767,46.5383839],[12.141597,46.5382142]]]},"properties":{"id":"0c2b7eea-5d67-3d8a-b8d9-1efb604cfc42","version":0,"sources":[{"property":"","dataset":"OpenStreetMap","license":"ODbL-1.0","record_id":"w666304120@3","update_time":"2024-05-31T23:24:43.000Z","confidence":null,"between":null}],"subtype":"forest","class":"forest","source_tags":[["landuse","forest"],["leaf_type","needleleaved"]]}}
{"type":"Feature","geometry":{"type":"Polygon","coordinates":[[[12.1430911,46.528965],[12.1431059,46.5288303],[12.1432291,46.5286311],[12.1436905,46.528716],[12.1450088,46.5281949],[12.1448264,46.5286894],[12.1443339,46.5289375],[12.144247,46.5291618],[12.1447631,46.5294394],[12.1447942,46.5296195],[12.1444616,46.5297745],[12.1433042,46.529513],[12.1430883,46.529243],[12.143148,46.5290791],[12.1430911,46.528965]]]},"properties":{"id":"f0a1ed48-69ea-3d8a-adf8-46128d1d2a43","version":0,"sources":[{"property":"","dataset":"OpenStreetMap","license":"ODbL-1.0","record_id":"w666304088@3","update_time":"2024-06-04T02:44:43.000Z","confidence":null,"between":null}],"subtype":"forest","class":"forest","source_tags":[["landuse","forest"]]}}
{"type":"Feature","geometry":{"type":"Polygon","coordinates":[[[12.160425,46.5295849],[12.1603625,46.529373],[12.1599473,46.5291789],[12.1600192,46.5288711],[12.1601346,46.5287273],[12.1605669,46.5290849],[12.1611141,46.5296164],[12.1608269,46.5296033],[12.160425,46.5295849]]]},"properties":{"id":"876d72d0-52d8-323f-b8b3-226cd62f5fb9","version":0,"sources":[{"property":"","dataset":"OpenStreetMap","license":"ODbL-1.0","record_id":"w708948183@1","update_time":"2019-07-30T17:04:27.000Z","confidence":null,"between":null}],"subtype":"rock","class":"scree","source_tags":[["natural","scree"]]}}
{"type":"Feature","geometry":{"type":"Polygon","coordinates":[[[12.1624613,46.5379859],[12.1624821,46.5379268],[12.1625591,46.5378188],[12.1626272,46.537668],[12.1626924,46.5375722],[12.1628523,46.5374806],[12.163036,46.5374031],[12.163099,46.537403],[12.1632171,46.5374399],[12.1632566,46.5374358],[12.1632892,46.5374213],[12.1633415,46.5373838],[12.1633884,46.5373942],[12.1634102,46.5374261],[12.1634611,46.5374898],[12.1634937,46.5375593],[12.1634853,46.5377554],[12.1635175,46.5378422],[12.1634858,46.5379071],[12.1634558,46.5379362],[12.1633995,46.5379492],[12.1632907,46.5379472],[12.1630131,46.5379771],[12.1628335,46.5379399],[12.1627289,46.5379326],[12.1626484,46.5379768],[12.1624613,46.5379859]]]},"properties":{"id":"2f8e5ec0-fd91-3735-8b86-dcb38b639201","version":0,"sources":[{"property":"","dataset":"OpenStreetMap","license":"ODbL-1.0","record_id":"w521663210@3","update_time":"2020-08-29T10:23:28.000Z","confidence":null,"between":null}],"subtype":"wetland","class":"wetland","names":{"primary":"Lago di Costalaresc","common":null,"rules":null},"source_tags":[["natural","wetland"],["wetland","reedbed"]]}}
{"type":"Feature","geometry":{"type":"Polygon","coordinates":[[[12.1677553,46.5324212],[12.1680986,46.5326352],[12.1681738,46.5329821],[12.1685063,46.5330855],[12.1686785,46.5334622],[12.167809,46.5338678],[12.1677553,46.5336759],[12.1680455,46.5333146],[12.1677017,46.5330855],[12.1673589,46.5338756],[12.1674876,46.5341413],[12.1672511,46.5344287],[12.1662211,46.5350044],[12.166382,46.5352996],[12.1669292,46.5352111],[12.167786,46.5352858],[12.1684527,46.5353439],[12.1681523,46.5363329],[12.1675944,46.5364657],[12.1681952,46.5366133],[12.1688926,46.5363034],[12.1691823,46.5364067],[12.1691072,46.537189],[12.1691715,46.5376466],[12.1694827,46.5376318],[12.1700406,46.5377794],[12.1703737,46.5383259],[12.1698153,46.5388348],[12.1702444,46.5387979],[12.1708994,46.5388573],[12.1705448,46.5391669],[12.1709852,46.5393296],[12.1715319,46.53913],[12.1716928,46.5394104],[12.1721541,46.5394768],[12.1728623,46.5390783],[12.1725404,46.5388864],[12.1736567,46.538658],[12.1739201,46.5385226],[12.1739167,46.5384804],[12.1739003,46.5382794],[12.1734123,46.5382386],[12.1726225,46.538751],[12.1723435,46.538641],[12.1724315,46.5384204],[12.1730087,46.5382049],[12.1743418,46.5380669],[12.1748358,46.5380528],[12.1741926,46.5386576],[12.1746111,46.5388643],[12.1748476,46.5387835],[12.1747183,46.5384289],[12.1753948,46.5383333],[12.1755337,46.5385617],[12.1758127,46.538392],[12.1762848,46.5385469],[12.1755986,46.5386801],[12.1754157,46.5389159],[12.1746325,46.5392038],[12.1739571,46.5392558],[12.1741502,46.5389237],[12.1739464,46.5387613],[12.1732699,46.5388864],[12.17386,46.539034],[12.1736133,46.539403],[12.1744287,46.5393366],[12.174654,46.5396908],[12.1749549,46.5396617],[12.1747076,46.5394547],[12.1755337,46.5394473],[12.1758234,46.539772],[12.1761565,46.5397207],[12.1761565,46.5394181],[12.1759736,46.5392849],[12.1754484,46.5393665],[12.1747076,46.5393513],[12.1748793,46.5391816],[12.1758561,46.5391525],[12.1755021,46.5390418],[12.1756947,46.5387979],[12.1763599,46.5387536],[12.176789,46.5385322],[12.1760702,46.5383698],[12.1761458,46.5379643],[12.1757381,46.5369975],[12.1752875,46.5371894],[12.1749007,46.5371595],[12.1750086,46.5369089],[12.1755715,46.536611],[12.1762626,46.5370047],[12.1765416,46.5378608],[12.177357,46.5384512],[12.1767133,46.5390711],[12.1765478,46.5399184],[12.1759527,46.5399938],[12.1755445,46.5398901],[12.1749973,46.5399344],[12.1753304,46.5402447],[12.1758888,46.540158],[12.1765201,46.54006],[12.1766639,46.5403473],[12.1761024,46.5403993],[12.1755552,46.540355],[12.1755337,46.5407535],[12.17489,46.5408863],[12.1748577,46.5409589],[12.1747291,46.5412479],[12.1742248,46.5413734],[12.1741181,46.5411598],[12.173742,46.5408347],[12.1742355,46.5407683],[12.1747403,46.5404218],[12.1743857,46.5399122],[12.1741819,46.5396539],[12.1733665,46.5396392],[12.1729481,46.5393882],[12.1725082,46.5396613],[12.1723049,46.5399864],[12.1717035,46.5403329],[12.1722936,46.5403624],[12.1727764,46.540296],[12.1728621,46.5404807],[12.1722721,46.5408423],[12.1715452,46.5408696],[12.1703623,46.5413146],[12.169665,46.541167],[12.1700726,46.5408718],[12.1691822,46.5408718],[12.1685599,46.540953],[12.1685196,46.5404194],[12.1687342,46.5400209],[12.1693216,46.5396984],[12.1700431,46.5398807],[12.1703114,46.5395781],[12.1696757,46.5390785],[12.1693109,46.5387833],[12.1693136,46.5383088],[12.1697615,46.5384438],[12.1699788,46.5380578],[12.1693431,46.5379198],[12.1690212,46.5376468],[12.1685384,46.5378829],[12.168002,46.5379936],[12.1674977,46.538156],[12.1676587,46.5384586],[12.16812,46.5387981],[12.1675192,46.5389752],[12.1668245,46.5387516],[12.1671678,46.5383678],[12.1668218,46.5381339],[12.1660842,46.5386778],[12.1659876,46.538235],[12.1655048,46.5378069],[12.1651159,46.5373442],[12.1642683,46.5371523],[12.1643434,46.5374623],[12.1644615,46.5377427],[12.1642791,46.5379715],[12.1642147,46.5382815],[12.163925,46.5383922],[12.1634664,46.5385449],[12.1632491,46.5383553],[12.1630131,46.5379771],[12.1632907,46.5379472],[12.1633995,46.5379492],[12.1634558,46.5379362],[12.1634858,46.5379071],[12.1635175,46.5378422],[12.1634853,46.5377554],[12.1634937,46.5375593],[12.1634611,46.5374898],[12.1634102,46.5374261],[12.1633884,46.5373942],[12.1633415,46.5373838],[12.1633483,46.5370689],[12.1648075,46.5364194],[12.1650623,46.5361043],[12.164837,46.5360822],[12.1645366,46.5362371],[12.1640752,46.5363921],[12.1637319,46.5362371],[12.1638821,46.5359346],[12.1627904,46.53577],[12.1615647,46.5356024],[12.1603657,46.5355928],[12.159958,46.5352017],[12.1592928,46.5350467],[12.1594082,46.5347537],[12.1600761,46.5346481],[12.1613394,46.5350341],[12.1627475,46.5347072],[12.1635281,46.5347684],[12.1641396,46.5346799],[12.1644829,46.5348422],[12.165301,46.5350172],[12.1654236,46.5349014],[12.1657597,46.5345839],[12.1654297,46.534412],[12.1667789,46.5344511],[12.1671464,46.5340651],[12.1668781,46.5339027],[12.1659957,46.5337278],[12.1664464,46.5331888],[12.1669077,46.5330559],[12.1669936,46.5326795],[12.1677553,46.5324212]]]},"properties":{"id":"8fe52bcd-c679-3ef7-96b0-bfa42575ba58","version":0,"sources":[{"property":"","dataset":"OpenStreetMap","license":"ODbL-1.0","record_id":"w260459131@4","update_time":"2023-06-07T11:15:05.000Z","confidence":null,"between":null}],"subtype":"shrub","class":"scrub","source_tags":[["natural","scrub"]]}}
{"type":"Feature","geometry":{"type":"Polygon","coordinates":[[[12.1725404,46.5388864],[12.1728623,46.5390783],[12.1721541,46.5394768],[12.1716928,46.5394104],[12.1715319,46.53913],[12.1709852,46.5393296],[12.1705448,46.5391669],[12.1708994,46.5388573],[12.1702444,46.5387979],[12.1698153,46.5388348],[12.1703737,46.5383259],[12.1700406,46.5377794],[12.1694827,46.5376318],[12.1691715,46.5376466],[12.1691072,46.537189],[12.1691823,46.5364067],[12.1688926,46.5363034],[12.1681952,46.5366133],[12.1675944,46.5364657],[12.1681523,46.5363329],[12.1684527,46.5353439],[12.1685064,46.5353661],[12.1692579,46.5351081],[12.1694612,46.5352554],[12.1693652,46.53561],[12.1697407,46.5357797],[12.1691501,46.5357794],[12.1690857,46.5359196],[12.1697938,46.5360967],[12.1701693,46.5358236],[12.1701162,46.5360602],[12.1708136,46.5360233],[12.1708023,46.5363107],[12.1703737,46.5367023],[12.170743,46.5366948],[12.170807,46.5368775],[12.1708774,46.5370783],[12.1705556,46.5372628],[12.1706741,46.5378314],[12.1710282,46.5379421],[12.1716714,46.5377794],[12.1711349,46.5384141],[12.1714031,46.5384879],[12.1718752,46.5383698],[12.1724315,46.5384204],[12.1723435,46.538641],[12.1726225,46.538751],[12.1725404,46.5388864]]]},"properties":{"id":"21cbc20a-bb85-3ace-b4e8-6506edb5a11a","version":0,"sources":[{"property":"","dataset":"OpenStreetMap","license":"ODbL-1.0","record_id":"w708948191@1","update_time":"2019-07-30T17:04:27.000Z","confidence":null,"between":null}],"subtype":"rock","class":"scree","source_tags":[["natural","scree"]]}}
{"type":"Feature","geometry":{"type":"Polygon","coordinates":[[[12.1730876,46.5367093],[12.1745038,46.5368274],[12.1734636,46.5372927],[12.1729701,46.5374846],[12.1725195,46.5372853],[12.1720361,46.537558],[12.1718752,46.5383698],[12.1714031,46.5384879],[12.1711349,46.5384141],[12.1716714,46.5377794],[12.1710282,46.5379421],[12.1706741,46.5378314],[12.1705556,46.5372628],[12.1708774,46.5370783],[12.1711354,46.5370934],[12.1707487,46.5373809],[12.1708989,46.5378311],[12.171278,46.5377237],[12.1716655,46.537614],[12.1717577,46.5375879],[12.1715539,46.5373739],[12.1717357,46.5368864],[12.1721756,46.5369233],[12.1722185,46.536665],[12.1713069,46.5366834],[12.170743,46.5366948],[12.1703737,46.5367023],[12.1708023,46.5363107],[12.1724873,46.5364661],[12.1730876,46.5367093]]]},"properties":{"id":"0c1c7784-61ad-3686-b89e-404dfd008688","version":0,"sources":[{"property":"","dataset":"OpenStreetMap","license":"ODbL-1.0","record_id":"w260459132@2","update_time":"2019-07-30T17:04:27.000Z","confidence":null,"between":null}],"subtype":"shrub","class":"scrub","source_tags":[["natural","scrub"]]}}
{"type":"Feature","geometry":{"type":"Polygon","coordinates":[[[12.1716655,46.537614],[12.171278,46.5377237],[12.1708989,46.5378311],[12.1707487,46.5373809],[12.1711354,46.5370934],[12.1708774,46.5370783],[12.170807,46.5368775],[12.170743,46.5366948],[12.1713069,46.5366834],[12.1722185,46.536665],[12.1721756,46.5369233],[12.1717357,46.5368864],[12.1715539,46.5373739],[12.1717577,46.5375879],[12.1716655,46.537614]]]},"properties":{"id":"ee290274-9d16-3819-83ba-e75c9d0e690c","version":0,"sources":[{"property":"","dataset":"OpenStreetMap","license":"ODbL-1.0","record_id":"w708948173@1","update_time":"2019-07-30T17:04:27.000Z","confidence":null,"between":null}],"subtype":"rock","class":"bare_rock","source_tags":[["natural","bare_rock"]]}}
{"type":"Feature","geometry":{"type":"Polygon","coordinates":[[[12.1721327,46.5347461],[12.1719187,46.5351155],[12.1709632,46.5353956],[12.171725,46.5354399],[12.1714139,46.5356318],[12.1716714,46.5358605],[12.1708136,46.5360233],[12.1701162,46.5360602],[12.1701693,46.5358236],[12.1697938,46.5360967],[12.1690857,46.5359196],[12.1691501,46.5357794],[12.1697407,46.5357797],[12.1693652,46.53561],[12.1694612,46.5352554],[12.1692579,46.5351081],[12.1695363,46.5349675],[12.1711135,46.5351077],[12.1714359,46.5349236],[12.1721327,46.5347461]]]},"properties":{"id":"e3d7a4c9-4106-3506-a088-ca5e4665dc73","version":0,"sources":[{"property":"","dataset":"OpenStreetMap","license":"ODbL-1.0","record_id":"w260459118@1","update_time":"2014-02-07T13:42:59.000Z","confidence":null,"between":null}],"subtype":"shrub","class":"scrub","source_tags":[["natural","scrub"]]}}
{"type":"Feature","geometry":{"type":"Polygon","coordinates":[[[12.1741926,46.5386576],[12.1748358,46.5380528],[12.1743418,46.5380669],[12.1730087,46.5382049],[12.1724315,46.5384204],[12.1718752,46.5383698],[12.1720361,46.537558],[12.1725195,46.5372853],[12.1729701,46.5374846],[12.1734636,46.5372927],[12.1745038,46.5368274],[12.1730876,46.5367093],[12.1724873,46.5364661],[12.1708023,46.5363107],[12.1708136,46.5360233],[12.1716714,46.5358605],[12.1714139,46.5356318],[12.171725,46.5354399],[12.1709632,46.5353956],[12.1719187,46.5351155],[12.1721327,46.5347461],[12.1714359,46.5349236],[12.1711135,46.5351077],[12.1695363,46.5349675],[12.1692788,46.5340523],[12.1697509,46.5336021],[12.1691823,46.5334619],[12.1690862,46.5337722],[12.1684742,46.5339195],[12.1683889,46.5341782],[12.1672511,46.5344287],[12.1674876,46.5341413],[12.1673589,46.5338756],[12.1677017,46.5330855],[12.1680455,46.5333146],[12.1677553,46.5336759],[12.167809,46.5338678],[12.1686785,46.5334622],[12.1685063,46.5330855],[12.1681738,46.5329821],[12.1680986,46.5326352],[12.1677553,46.5324212],[12.1669936,46.5326795],[12.1669077,46.5330559],[12.1664464,46.5331888],[12.1659957,46.5337278],[12.1649148,46.5340798],[12.1649148,46.5338953],[12.1658884,46.5335064],[12.1657918,46.5333735],[12.1654807,46.5334842],[12.1658669,46.5331595],[12.1662104,46.5330891],[12.1667844,46.53265],[12.1672618,46.5321259],[12.1675568,46.5318565],[12.1675032,46.5316388],[12.1676057,46.5314989],[12.1672618,46.5314764],[12.1655559,46.5317569],[12.1648907,46.5321407],[12.164902,46.5324216],[12.1652287,46.5323621],[12.1648854,46.5325503],[12.1650415,46.5327463],[12.1653311,46.5329567],[12.1652078,46.5326208],[12.165395,46.5324249],[12.1654492,46.5326651],[12.1655994,46.5327279],[12.1656954,46.532447],[12.1664732,46.5322809],[12.1660714,46.5326282],[12.1665322,46.5326906],[12.1660333,46.5328234],[12.1658515,46.5330157],[12.1653949,46.5332776],[12.165065,46.5332015],[12.1646678,46.5333019],[12.1643434,46.5330266],[12.1641396,46.5329006],[12.1642491,46.5322429],[12.1645924,46.5321101],[12.1651288,46.5316082],[12.1645473,46.5314244],[12.1651052,46.5315572],[12.1652616,46.5311272],[12.1657833,46.5311875],[12.1661888,46.5310852],[12.1661888,46.5312255],[12.1659228,46.5313425],[12.1657597,46.5316093],[12.1663841,46.5314532],[12.1664571,46.5312328],[12.1675407,46.5308195],[12.1683132,46.5306719],[12.1689698,46.5301615],[12.1695899,46.5302877],[12.1696993,46.5300581],[12.1708795,46.5302648],[12.1711134,46.5297563],[12.1708344,46.52921],[12.1712228,46.5290838],[12.1717786,46.5294167],[12.1722056,46.5296507],[12.1728295,46.5299925],[12.1719204,46.5304537],[12.1718665,46.5304811],[12.1716933,46.5305689],[12.1709638,46.5312627],[12.17107,46.531882],[12.1703415,46.5320894],[12.1702128,46.5323404],[12.1711784,46.5326356],[12.1707696,46.5333286],[12.1720141,46.5337124],[12.1720856,46.533118],[12.1727865,46.5335359],[12.1720999,46.5341854],[12.1725719,46.5348053],[12.1739238,46.5352187],[12.1755331,46.5352629],[12.1747392,46.5357943],[12.1748894,46.5362224],[12.1755715,46.536611],[12.1750086,46.5369089],[12.1749007,46.5371595],[12.1752875,46.5371894],[12.1757381,46.5369975],[12.1761458,46.5379643],[12.1760702,46.5383698],[12.176789,46.5385322],[12.1763599,46.5387536],[12.1756947,46.5387979],[12.1755021,46.5390418],[12.1758561,46.5391525],[12.1748793,46.5391816],[12.1747076,46.5393513],[12.1754484,46.5393665],[12.1759736,46.5392849],[12.1761565,46.5394181],[12.1761565,46.5397207],[12.1758234,46.539772],[12.1755337,46.5394473],[12.1747076,46.5394547],[12.1749549,46.5396617],[12.174654,46.5396908],[12.1744287,46.5393366],[12.1736133,46.539403],[12.17386,46.539034],[12.1732699,46.5388864],[12.1739464,46.5387613],[12.1741502,46.5389237],[12.1739571,46.5392558],[12.1746325,46.5392038],[12.1754157,46.5389159],[12.1755986,46.5386801],[12.1762848,46.5385469],[12.1758127,46.538392],[12.1755337,46.5385617],[12.1753948,46.5383333],[12.1747183,46.5384289],[12.1748476,46.5387835],[12.1746111,46.5388643],[12.1741926,46.5386576]]]},"properties":{"id":"0175918d-4cb2-3397-b716-8f0ef1c13e9a","version":0,"sources":[{"property":"","dataset":"OpenStreetMap","license":"ODbL-1.0","record_id":"w708948190@2","update_time":"2025-06-24T18:29:40.000Z","confidence":null,"between":null}],"subtype":"rock","class":"bare_rock","source_tags":[["natural","bare_rock"]]}}
{"type":"Feature","geometry":{"type":"Polygon","coordinates":[[[12.1684527,46.5353439],[12.167786,46.5352858],[12.1669292,46.5352111],[12.166382,46.5352996],[12.1662211,46.5350044],[12.1672511,46.5344287],[12.1683889,46.5341782],[12.1677568,46.5345527],[12.16753,46.5346871],[12.1676266,46.5348568],[12.1675193,46.5350487],[12.1677276,46.5350976],[12.1679914,46.5351594],[12.1681743,46.5350712],[12.168678,46.5348937],[12.168914,46.5346797],[12.168914,46.5343845],[12.1690964,46.5342811],[12.1692681,46.5343106],[12.1692788,46.5340523],[12.1695363,46.5349675],[12.1692579,46.5351081],[12.1685064,46.5353661],[12.1684527,46.5353439]]]},"properties":{"id":"524dd484-a99c-3542-85b9-9fcd141cc911","version":0,"sources":[{"property":"","dataset":"OpenStreetMap","license":"ODbL-1.0","record_id":"w708948187@2","update_time":"2025-06-24T18:23:25.000Z","confidence":null,"between":null}],"subtype":"rock","class":"scree","source_tags":[["natural","scree"]]}}
{"type":"Feature","geometry":{"type":"Polygon","coordinates":[[[12.1697509,46.5336021],[12.1692788,46.5340523],[12.1692681,46.5343106],[12.1690964,46.5342811],[12.168914,46.5343845],[12.168914,46.5346797],[12.168678,46.5348937],[12.1681743,46.5350712],[12.1679914,46.5351594],[12.1677276,46.5350976],[12.1675193,46.5350487],[12.1676266,46.5348568],[12.16753,46.5346871],[12.1677568,46.5345527],[12.1683889,46.5341782],[12.1684742,46.5339195],[12.1690862,46.5337722],[12.1691823,46.5334619],[12.1697509,46.5336021]]]},"properties":{"id":"fe1dc01e-fa44-3d83-a723-d162fc260117","version":0,"sources":[{"property":"","dataset":"OpenStreetMap","license":"ODbL-1.0","record_id":"w260459128@3","update_time":"2025-06-24T18:23:25.000Z","confidence":null,"between":null}],"subtype":"shrub","class":"scrub","source_tags":[["natural","scrub"]]}}
{"type":"Feature","geometry":{"type":"Polygon","coordinates":[[[12.1716494,46.5323249],[12.1718209,46.5329602],[12.1720856,46.533118],[12.1720141,46.5337124],[12.1707696,46.5333286],[12.1711784,46.5326356],[12.1702128,46.5323404],[12.1703415,46.5320894],[12.17107,46.531882],[12.1716494,46.5323249]]]},"properties":{"id":"fa9646ef-1a4d-3f4d-afa5-d76ce44ba8f3","version":0,"sources":[{"property":"","dataset":"OpenStreetMap","license":"ODbL-1.0","record_id":"w260459117@1","update_time":"2014-02-07T13:42:59.000Z","confidence":null,"between":null}],"subtype":"shrub","class":"scrub","source_tags":[["natural","scrub"]]}}
{"type":"Feature","geometry":{"type":"Polygon","coordinates":[[[12.1728295,46.5299925],[12.1727877,46.5319123],[12.1725437,46.5319707],[12.1719283,46.5321182],[12.1716494,46.5323249],[12.17107,46.531882],[12.1709638,46.5312627],[12.1716933,46.5305689],[12.1718665,46.5304811],[12.1719204,46.5304537],[12.1728295,46.5299925]]]},"properties":{"id":"3a83c1d9-dff8-3cd6-9b9c-b4221243b8e8","version":0,"sources":[{"property":"","dataset":"OpenStreetMap","license":"ODbL-1.0","record_id":"w260459130@3","update_time":"2025-06-24T18:29:40.000Z","confidence":null,"between":null}],"subtype":"forest","class":"forest","source_tags":[["landuse","forest"]]}}
{"type":"Feature","geometry":{"type":"Polygon","coordinates":[[[12.1672618,46.5314764],[12.1676057,46.5314989],[12.1675032,46.5316388],[12.1675568,46.5318565],[12.1672618,46.5321259],[12.1667844,46.53265],[12.1662104,46.5330891],[12.1658669,46.5331595],[12.1653949,46.5332776],[12.1658515,46.5330157],[12.1660333,46.5328234],[12.1665322,46.5326906],[12.1660714,46.5326282],[12.1664732,46.5322809],[12.1656954,46.532447],[12.1655994,46.5327279],[12.1654492,46.5326651],[12.165395,46.5324249],[12.1652078,46.5326208],[12.1653311,46.5329567],[12.1650415,46.5327463],[12.1648854,46.5325503],[12.1652287,46.5323621],[12.164902,46.5324216],[12.1648907,46.5321407],[12.1655559,46.5317569],[12.1672618,46.5314764]]]},"properties":{"id":"4c8ea17d-d5e9-35ad-9dda-4ef41d58695d","version":0,"sources":[{"property":"","dataset":"OpenStreetMap","license":"ODbL-1.0","record_id":"w260459124@1","update_time":"2014-02-07T13:43:00.000Z","confidence":null,"between":null}],"subtype":"shrub","class":"scrub","source_tags":[["natural","scrub"]]}}
{"type":"Feature","geometry":{"type":"Polygon","coordinates":[[[12.1634986,46.5320723],[12.1638178,46.5318968],[12.1633264,46.5316229],[12.1634315,46.5311587],[12.1636577,46.5311332],[12.1641375,46.5310791],[12.1645473,46.5314244],[12.1651288,46.5316082],[12.1645924,46.5321101],[12.1642491,46.5322429],[12.1641396,46.5329006],[12.1643434,46.5330266],[12.1641074,46.5335802],[12.1635924,46.5337794],[12.1634959,46.5336171],[12.1629594,46.533809],[12.162372,46.5337772],[12.1617042,46.5332997],[12.1616913,46.5332422],[12.1616398,46.5330119],[12.1632089,46.5326406],[12.1634986,46.5320723]]]},"properties":{"id":"71ce7fd3-5b9a-39b9-9f5e-c02f6ca4aa3c","version":0,"sources":[{"property":"","dataset":"OpenStreetMap","license":"ODbL-1.0","record_id":"w260005773@3","update_time":"2023-06-07T11:15:05.000Z","confidence":null,"between":null}],"subtype":"shrub","class":"scrub","source_tags":[["natural","scrub"]]}}
{"type":"Feature","geometry":{"type":"Polygon","coordinates":[[[12.1634315,46.5311587],[12.1633264,46.5316229],[12.1638178,46.5318968],[12.1634986,46.5320723],[12.1633564,46.5318826],[12.1627127,46.5319564],[12.1629487,46.5316095],[12.1627556,46.5315062],[12.1632169,46.5307828],[12.1631311,46.53065],[12.1634959,46.5305387],[12.1641375,46.5310791],[12.1636577,46.5311332],[12.1634315,46.5311587]]]},"properties":{"id":"3f6f59e6-2591-311b-bda9-f4e60515b025","version":0,"sources":[{"property":"","dataset":"OpenStreetMap","license":"ODbL-1.0","record_id":"w708948185@1","update_time":"2019-07-30T17:04:27.000Z","confidence":null,"between":null}],"subtype":"rock","class":"bare_rock","source_tags":[["natural","bare_rock"]]}}
{"type":"Feature","geometry":{"type":"Polygon","coordinates":[[[12.1655389,46.5309325],[12.1653348,46.5309258],[12.1644615,46.5306863],[12.1647078,46.5305556],[12.1655451,46.5305316],[12.1658563,46.5307309],[12.1656953,46.5309376],[12.1655389,46.5309325]]]},"properties":{"id":"4dd34d95-0ef5-365f-809d-1ec454bf7f99","version":0,"sources":[{"property":"","dataset":"OpenStreetMap","license":"ODbL-1.0","record_id":"w708948186@1","update_time":"2019-07-30T17:04:27.000Z","confidence":null,"between":null}],"subtype":"rock","class":"scree","source_tags":[["natural","scree"]]}}
{"type":"Feature","geometry":{"type":"Polygon","coordinates":[[[12.1620582,46.5261246],[12.1625089,46.5258736],[12.1631976,46.5259098],[12.1637749,46.5262132],[12.1637555,46.527268],[12.1633242,46.5284276],[12.1640538,46.5288115],[12.1649979,46.5285457],[12.1659657,46.5288181],[12.1659013,46.5293496],[12.1649765,46.5295201],[12.1641203,46.5293053],[12.1638178,46.5295496],[12.1641718,46.5296105],[12.1645104,46.5296687],[12.1647619,46.529712],[12.1652125,46.5302877],[12.1647078,46.5305556],[12.1644615,46.5306863],[12.1653348,46.5309258],[12.1652616,46.5311272],[12.1651052,46.5315572],[12.1645473,46.5314244],[12.1641375,46.5310791],[12.1634959,46.5305387],[12.1636247,46.5302877],[12.1629166,46.5300515],[12.1629616,46.5296005],[12.1623372,46.5293281],[12.162423,46.5288705],[12.1620797,46.5286638],[12.1626183,46.5283605],[12.1632835,46.5266184],[12.1620582,46.5261246]]]},"properties":{"id":"c32f68cc-43a7-36ac-9330-d1c3baa69dcb","version":0,"sources":[{"property":"","dataset":"OpenStreetMap","license":"ODbL-1.0","record_id":"w260005778@4","update_time":"2025-06-24T18:29:40.000Z","confidence":null,"between":null}],"subtype":"forest","class":"forest","source_tags":[["landuse","forest"],["leaf_type","needleleaved"]]}}
{"type":"Feature","geometry":{"type":"Polygon","coordinates":[[[12.1722152,46.5246512],[12.1723869,46.5250867],[12.1719953,46.5254964],[12.1723922,46.5255001],[12.1723257,46.5256374],[12.172403,46.5257879],[12.1724974,46.5259364],[12.1723172,46.5264117],[12.1733686,46.5264117],[12.1735166,46.5267004],[12.173278,46.5268759],[12.1728944,46.527158],[12.172417,46.5272027],[12.1722507,46.5266897],[12.1720914,46.526608],[12.171652,46.5262899],[12.1705126,46.5263903],[12.1707078,46.5260426],[12.1704804,46.5260545],[12.1705072,46.5258737],[12.170504,46.5258138],[12.170499,46.5256768],[12.1704106,46.5254676],[12.1704289,46.5252897],[12.1709868,46.5251125],[12.1711296,46.5250472],[12.1710174,46.5247307],[12.1715211,46.5247073],[12.1722152,46.5246512]]]},"properties":{"id":"f486a064-e5ba-3203-bda8-0c406eafd23d","version":0,"sources":[{"property":"","dataset":"OpenStreetMap","license":"ODbL-1.0","record_id":"w708948175@1","update_time":"2019-07-30T17:04:27.000Z","confidence":null,"between":null}],"subtype":"rock","class":"bare_rock","source_tags":[["natural","bare_rock"]]}}
{"type":"Feature","geometry":{"type":"Polygon","coordinates":[[[12.1729394,46.5277699],[12.1721219,46.5272466],[12.1714567,46.527158],[12.1710705,46.5267889],[12.1706199,46.526597],[12.1702572,46.5266775],[12.1704482,46.5269218],[12.1699761,46.5266708],[12.1661298,46.5252262],[12.1671652,46.5250026],[12.1652147,46.5240938],[12.1636912,46.5233113],[12.1626612,46.5229718],[12.1622299,46.5225517],[12.163026,46.5229127],[12.1641611,46.523349],[12.1654056,46.5240577],[12.1676394,46.5249944],[12.1690749,46.5259327],[12.1697615,46.5262722],[12.1705126,46.5263903],[12.171652,46.5262899],[12.1720914,46.526608],[12.1722507,46.5266897],[12.172417,46.5272027],[12.1728944,46.527158],[12.1728944,46.527468],[12.1733471,46.527578],[12.1739694,46.527578],[12.1742028,46.5276157],[12.1739703,46.5280759],[12.1731842,46.5280147],[12.1729394,46.5277699]]]},"properties":{"id":"2f4e2e33-72b8-3cec-a3db-b5413c3ca0fe","version":0,"sources":[{"property":"","dataset":"OpenStreetMap","license":"ODbL-1.0","record_id":"w708948176@1","update_time":"2019-07-30T17:04:27.000Z","confidence":null,"between":null}],"subtype":"rock","class":"scree","source_tags":[["natural","scree"]]}}
{"type":"Feature","geometry":{"type":"Polygon","coordinates":[[[12.1670616,46.5232646],[12.167139,46.5233766],[12.167235,46.5235155],[12.1678625,46.5240359],[12.1684762,46.5242636],[12.1690878,46.5243227],[12.1690556,46.5244482],[12.1693002,46.5244936],[12.1691715,46.5246412],[12.1699332,46.5247811],[12.1710174,46.5247307],[12.1711296,46.5250472],[12.1709868,46.5251125],[12.1709203,46.5248844],[12.1701263,46.5248549],[12.1697852,46.5249649],[12.1693753,46.5248549],[12.1686028,46.5248549],[12.1669506,46.5245301],[12.1661159,46.5241972],[12.1675321,46.5245072],[12.1690164,46.5247265],[12.1686264,46.5244629],[12.1660923,46.5234671],[12.1670616,46.5232646]]]},"properties":{"id":"3ba868a3-c36b-3e5c-b195-b8898552f6e4","version":0,"sources":[{"property":"","dataset":"OpenStreetMap","license":"ODbL-1.0","record_id":"w708948179@1","update_time":"2019-07-30T17:04:27.000Z","confidence":null,"between":null}],"subtype":"rock","class":"scree","source_tags":[["natural","scree"]]}}
{"type":"Feature","geometry":{"type":"Polygon","coordinates":[[[12.1646895,46.5224761],[12.1646386,46.5224562],[12.1640915,46.522231],[12.1640968,46.5220021],[12.1644294,46.5220095],[12.1650571,46.5223897],[12.1664337,46.5227621],[12.1670902,46.5229397],[12.1671653,46.5230541],[12.1657491,46.5228917],[12.1652288,46.5226877],[12.1646895,46.5224761]]]},"properties":{"id":"3f8b7dff-9fdc-36e2-849f-6f4ebe7b9415","version":0,"sources":[{"property":"","dataset":"OpenStreetMap","license":"ODbL-1.0","record_id":"w708948178@1","update_time":"2019-07-30T17:04:27.000Z","confidence":null,"between":null}],"subtype":"rock","class":"scree","source_tags":[["natural","scree"]]}}
{"type":"Feature","geometry":{"type":"Polygon","coordinates":[[[12.160685,46.5260508],[12.1610733,46.526205],[12.1614145,46.526907],[12.1619923,46.5278497],[12.1607708,46.5273942],[12.160406,46.5270694],[12.160685,46.5260508]]]},"properties":{"id":"ef63deac-f2bd-3495-8597-4dacdbeeca25","version":0,"sources":[{"property":"","dataset":"OpenStreetMap","license":"ODbL-1.0","record_id":"w260005779@1","update_time":"2014-02-04T21:25:23.000Z","confidence":null,"between":null}],"subtype":"forest","class":"forest","source_tags":[["landuse","forest"]]}}
{"type":"Feature","geometry":{"type":"Polygon","coordinates":[[[12.160685,46.5260508],[12.160406,46.5270694],[12.1607708,46.5273942],[12.1619923,46.5278497],[12.1615647,46.5283247],[12.161135,46.5286792],[12.1611304,46.5282067],[12.1611275,46.5279093],[12.1605985,46.5279263],[12.1599688,46.5280864],[12.1596469,46.5273483],[12.1596759,46.5269667],[12.1598829,46.5258424],[12.1601056,46.5254458],[12.1601592,46.5247446],[12.160524,46.5244936],[12.1608566,46.525165],[12.160685,46.5260508]]]},"properties":{"id":"5971fe65-b1e6-3157-8916-08a288bdb4bb","version":0,"sources":[{"property":"","dataset":"OpenStreetMap","license":"ODbL-1.0","record_id":"w708948184@1","update_time":"2019-07-30T17:04:27.000Z","confidence":null,"between":null}],"subtype":"rock","class":"bare_rock","source_tags":[["natural","bare_rock"]]}}
{"type":"Feature","geometry":{"type":"Polygon","coordinates":[[[12.1681979,46.5193875],[12.1676372,46.5192651],[12.166316,46.5189015],[12.1649781,46.518852],[12.1648671,46.5184438],[12.1652463,46.5178701],[12.1657935,46.518446],[12.1665847,46.5188214],[12.1672939,46.5190201],[12.1680907,46.5192434],[12.1681979,46.5193875]]]},"properties":{"id":"ad1acd5a-906b-39cd-ad9d-d29977305725","version":0,"sources":[{"property":"","dataset":"OpenStreetMap","license":"ODbL-1.0","record_id":"w708948182@1","update_time":"2019-07-30T17:04:27.000Z","confidence":null,"between":null}],"subtype":"rock","class":"scree","source_tags":[["natural","scree"]]}}
{"type":"Feature","geometry":{"type":"Polygon","coordinates":[[[12.1680197,46.5207338],[12.1673245,46.5208723],[12.1663616,46.5209265],[12.1654244,46.5208084],[12.1653649,46.5206441],[12.1659238,46.5206707],[12.1668615,46.5208224],[12.1677579,46.5206342],[12.1680197,46.5207338]]]},"properties":{"id":"aba59584-da86-378d-bbe1-af030832159f","version":0,"sources":[{"property":"","dataset":"OpenStreetMap","license":"ODbL-1.0","record_id":"w708948181@1","update_time":"2019-07-30T17:04:27.000Z","confidence":null,"between":null}],"subtype":"rock","class":"scree","source_tags":[["natural","scree"]]}}
{"type":"Feature","geometry":{"type":"Polygon","coordinates":[[[12.1678304,46.5201451],[12.1668004,46.5201451],[12.1660065,46.5199531],[12.1666074,46.5199531],[12.1677016,46.5199531],[12.1681201,46.5199757],[12.1678304,46.5201451]]]},"properties":{"id":"e4ae6a07-89d7-3b9c-85ea-367a63932a1a","version":0,"sources":[{"property":"","dataset":"OpenStreetMap","license":"ODbL-1.0","record_id":"w708948180@1","update_time":"2019-07-30T17:04:27.000Z","confidence":null,"between":null}],"subtype":"rock","class":"scree","source_tags":[["natural","scree"]]}}
{"type":"Feature","geometry":{"type":"Polygon","coordinates":[[[12.167139,46.5233766],[12.1670616,46.5232646],[12.1672939,46.5232161],[12.1671653,46.5230541],[12.1670902,46.5229397],[12.1667789,46.5227289],[12.1668218,46.5224484],[12.1670171,46.5223221],[12.1673604,46.5223664],[12.1676587,46.5225074],[12.1679162,46.5223746],[12.1683689,46.5216134],[12.1681737,46.5212967],[12.1676608,46.5210376],[12.1680449,46.5209867],[12.1682584,46.5207719],[12.1680197,46.5207338],[12.1677579,46.5206342],[12.1675841,46.5205644],[12.1673368,46.5203813],[12.1680664,46.5202337],[12.1678304,46.5201451],[12.1681201,46.5199757],[12.1677016,46.5199531],[12.1682831,46.5195021],[12.1681979,46.5193875],[12.1680907,46.5192434],[12.1679376,46.5190377],[12.1675514,46.518831],[12.1677231,46.518639],[12.1670386,46.5185128],[12.1675536,46.518247],[12.167854,46.5182618],[12.1680664,46.517886],[12.1687337,46.5175973],[12.1683904,46.5181732],[12.168517,46.5183733],[12.1682617,46.5187047],[12.1689483,46.5188376],[12.169268,46.5190968],[12.1695277,46.5190443],[12.1699976,46.5191558],[12.1698045,46.5194216],[12.1701263,46.5195988],[12.170062,46.519835],[12.170813,46.5197317],[12.1712443,46.5196497],[12.1710941,46.5200188],[12.1714374,46.5200779],[12.1718022,46.5200484],[12.1718429,46.5203961],[12.1721648,46.5206619],[12.172403,46.5202551],[12.1722742,46.5200779],[12.1720361,46.5201156],[12.1722077,46.5197907],[12.1729802,46.519584],[12.1730875,46.5198645],[12.1726583,46.5201598],[12.1727227,46.520337],[12.173154,46.520196],[12.1736904,46.5201074],[12.1739887,46.5200122],[12.1742054,46.5201665],[12.1742462,46.5204256],[12.1745488,46.5205947],[12.1745466,46.5208095],[12.1742891,46.5209276],[12.1743535,46.521334],[12.1741175,46.5215333],[12.1741175,46.520928],[12.1738278,46.5207139],[12.1733235,46.5207803],[12.1730253,46.5207276],[12.172712,46.5208246],[12.1727013,46.5209944],[12.1730768,46.5210387],[12.1725747,46.5211705],[12.1721648,46.5213414],[12.1721219,46.5210018],[12.1719288,46.5210609],[12.1719502,46.5213488],[12.1715232,46.5212665],[12.1717035,46.5210092],[12.171491,46.5208974],[12.1718665,46.5207202],[12.1714481,46.520639],[12.1716713,46.5203669],[12.1713387,46.5202562],[12.1710082,46.5204027],[12.170858,46.5206242],[12.1711692,46.5208457],[12.1713516,46.5209859],[12.1708452,46.5208468],[12.1705769,46.5206696],[12.1701821,46.5206759],[12.1697315,46.5205651],[12.1695255,46.520677],[12.1691522,46.5205282],[12.1686264,46.5205651],[12.1686672,46.5207582],[12.1690213,46.5210018],[12.1694182,46.521083],[12.1697615,46.5214521],[12.1699675,46.5215175],[12.1700641,46.5216946],[12.1690534,46.5216146],[12.1691178,46.5218729],[12.1685621,46.5221154],[12.1688947,46.5223148],[12.169592,46.5223295],[12.169901,46.5224266],[12.1698259,46.5225595],[12.1704589,46.5225595],[12.1708988,46.5224561],[12.170298,46.5230172],[12.1699547,46.5232386],[12.1696135,46.523363],[12.1696972,46.5235487],[12.170019,46.523593],[12.1703409,46.5236299],[12.1707593,46.5234675],[12.170931,46.5232091],[12.1714031,46.52315],[12.171682,46.5229581],[12.1718773,46.5231932],[12.1717163,46.5234368],[12.1718773,46.5236214],[12.1715232,46.5234885],[12.171049,46.5236225],[12.1713065,46.5239916],[12.1711563,46.5244714],[12.171446,46.5244271],[12.1716949,46.5241677],[12.1717464,46.5237259],[12.1720146,46.5237259],[12.1718859,46.5241245],[12.1720811,46.5241972],[12.1720597,46.5244408],[12.1716927,46.5244271],[12.1709975,46.5245884],[12.1702873,46.5245674],[12.1699118,46.5244493],[12.1697937,46.5243164],[12.1702658,46.5242426],[12.1709417,46.524309],[12.1703731,46.5239842],[12.1706306,46.5237701],[12.1699461,46.5236952],[12.1686994,46.5239178],[12.1682295,46.5238945],[12.1678625,46.5240359],[12.167235,46.5235155],[12.167139,46.5233766]]]},"properties":{"id":"9ac7df8b-6b55-38fc-8b6a-6dd67e28a14f","version":0,"sources":[{"property":"","dataset":"OpenStreetMap","license":"ODbL-1.0","record_id":"w708948177@1","update_time":"2019-07-30T17:04:27.000Z","confidence":null,"between":null}],"subtype":"rock","class":"bare_rock","source_tags":[["natural","bare_rock"]]}}
{"type":"Feature","geometry":{"type":"Polygon","coordinates":[[[12.1724974,46.5259364],[12.172403,46.5257879],[12.1723257,46.5256374],[12.1723922,46.5255001],[12.1719953,46.5254964],[12.1723869,46.5250867],[12.1722152,46.5246512],[12.1715211,46.5247073],[12.1710174,46.5247307],[12.1699332,46.5247811],[12.1691715,46.5246412],[12.1693002,46.5244936],[12.1690556,46.5244482],[12.1690878,46.5243227],[12.1684762,46.5242636],[12.1678625,46.5240359],[12.1682295,46.5238945],[12.1686994,46.5239178],[12.1699461,46.5236952],[12.1706306,46.5237701],[12.1703731,46.5239842],[12.1709417,46.524309],[12.1702658,46.5242426],[12.1697937,46.5243164],[12.1699118,46.5244493],[12.1702873,46.5245674],[12.1709975,46.5245884],[12.1716927,46.5244271],[12.1720597,46.5244408],[12.1720811,46.5241972],[12.1718859,46.5241245],[12.1720146,46.5237259],[12.1717464,46.5237259],[12.1716949,46.5241677],[12.171446,46.5244271],[12.1711563,46.5244714],[12.1713065,46.5239916],[12.171049,46.5236225],[12.1715232,46.5234885],[12.1718773,46.5236214],[12.1717163,46.5234368],[12.1718773,46.5231932],[12.171682,46.5229581],[12.1714031,46.52315],[12.170931,46.5232091],[12.1707593,46.5234675],[12.1703409,46.5236299],[12.170019,46.523593],[12.1696972,46.5235487],[12.1696135,46.523363],[12.1699547,46.5232386],[12.170298,46.5230172],[12.1708988,46.5224561],[12.1704589,46.5225595],[12.1698259,46.5225595],[12.169901,46.5224266],[12.169592,46.5223295],[12.1688947,46.5223148],[12.1685621,46.5221154],[12.1691178,46.5218729],[12.1690534,46.5216146],[12.1700641,46.5216946],[12.1699675,46.5215175],[12.1697615,46.5214521],[12.1694182,46.521083],[12.1690213,46.5210018],[12.1686672,46.5207582],[12.1686264,46.5205651],[12.1691522,46.5205282],[12.1695255,46.520677],[12.1697315,46.5205651],[12.1701821,46.5206759],[12.1705769,46.5206696],[12.1708452,46.5208468],[12.1713516,46.5209859],[12.1711692,46.5208457],[12.170858,46.5206242],[12.1710082,46.5204027],[12.1713387,46.5202562],[12.1716713,46.5203669],[12.1714481,46.520639],[12.1718665,46.5207202],[12.171491,46.5208974],[12.1717035,46.5210092],[12.1715232,46.5212665],[12.1719502,46.5213488],[12.1719288,46.5210609],[12.1721219,46.5210018],[12.1721648,46.5213414],[12.1725747,46.5211705],[12.1730768,46.5210387],[12.1727013,46.5209944],[12.172712,46.5208246],[12.1730253,46.5207276],[12.1733235,46.5207803],[12.1738278,46.5207139],[12.1741175,46.520928],[12.1741175,46.5215333],[12.1743535,46.521334],[12.1742891,46.5209276],[12.1745466,46.5208095],[12.1745488,46.5205947],[12.1742462,46.5204256],[12.1742054,46.5201665],[12.1739887,46.5200122],[12.1736904,46.5201074],[12.173154,46.520196],[12.1727227,46.520337],[12.1726583,46.5201598],[12.1730875,46.5198645],[12.1729802,46.519584],[12.1722077,46.5197907],[12.1720361,46.5201156],[12.1722742,46.5200779],[12.172403,46.5202551],[12.1721648,46.5206619],[12.1718429,46.5203961],[12.1718022,46.5200484],[12.1714374,46.5200779],[12.1710941,46.5200188],[12.1712443,46.5196497],[12.170813,46.5197317],[12.170062,46.519835],[12.1701263,46.5195988],[12.1698045,46.5194216],[12.1699976,46.5191558],[12.1695277,46.5190443],[12.169268,46.5190968],[12.1689483,46.5188376],[12.1682617,46.5187047],[12.168517,46.5183733],[12.1683904,46.5181732],[12.1687337,46.5175973],[12.1680664,46.517886],[12.167854,46.5182618],[12.1675536,46.518247],[12.1670386,46.5185128],[12.1677231,46.518639],[12.1675514,46.518831],[12.1679376,46.5190377],[12.1680907,46.5192434],[12.1672939,46.5190201],[12.1665847,46.5188214],[12.1657935,46.518446],[12.1652463,46.5178701],[12.1648671,46.5184438],[12.1649781,46.518852],[12.166316,46.5189015],[12.1676372,46.5192651],[12.1681979,46.5193875],[12.1682831,46.5195021],[12.1677016,46.5199531],[12.1666074,46.5199531],[12.1660065,46.5199531],[12.1668004,46.5201451],[12.1678304,46.5201451],[12.1680664,46.5202337],[12.1673368,46.5203813],[12.1675841,46.5205644],[12.1677579,46.5206342],[12.1668615,46.5208224],[12.1659238,46.5206707],[12.1653649,46.5206441],[12.1654244,46.5208084],[12.1663616,46.5209265],[12.1673245,46.5208723],[12.1680197,46.5207338],[12.1682584,46.5207719],[12.1680449,46.5209867],[12.1676608,46.5210376],[12.1681737,46.5212967],[12.1683689,46.5216134],[12.1679162,46.5223746],[12.1676587,46.5225074],[12.1673604,46.5223664],[12.1670171,46.5223221],[12.1668218,46.5224484],[12.1667789,46.5227289],[12.1670902,46.5229397],[12.1664337,46.5227621],[12.1650571,46.5223897],[12.1644294,46.5220095],[12.1640968,46.5220021],[12.1640915,46.522231],[12.1646386,46.5224562],[12.1646895,46.5224761],[12.1652288,46.5226877],[12.1657491,46.5228917],[12.1671653,46.5230541],[12.1672939,46.5232161],[12.1670616,46.5232646],[12.1660923,46.5234671],[12.1686264,46.5244629],[12.1690164,46.5247265],[12.1675321,46.5245072],[12.1661159,46.5241972],[12.1669506,46.5245301],[12.1686028,46.5248549],[12.1693753,46.5248549],[12.1697852,46.5249649],[12.1701263,46.5248549],[12.1709203,46.5248844],[12.1709868,46.5251125],[12.1704289,46.5252897],[12.1704106,46.5254676],[12.170499,46.5256768],[12.170504,46.5258138],[12.1705072,46.5258737],[12.1704804,46.5260545],[12.1707078,46.5260426],[12.1705126,46.5263903],[12.1697615,46.5262722],[12.1690749,46.5259327],[12.1676394,46.5249944],[12.1654056,46.5240577],[12.1641611,46.523349],[12.163026,46.5229127],[12.1622299,46.5225517],[12.1626612,46.5229718],[12.1636912,46.5233113],[12.1652147,46.5240938],[12.1671652,46.5250026],[12.1661298,46.5252262],[12.1699761,46.5266708],[12.1704482,46.5269218],[12.1702572,46.5266775],[12.1706199,46.526597],[12.1710705,46.5267889],[12.1714567,46.527158],[12.1721219,46.5272466],[12.1729394,46.5277699],[12.1727034,46.527888],[12.17283,46.5281914],[12.1725103,46.5283605],[12.1722099,46.5282276],[12.1719073,46.52859],[12.1722313,46.5287738],[12.1724008,46.5285457],[12.1731089,46.52859],[12.1725532,46.5290986],[12.1722742,46.5290691],[12.1717786,46.5294167],[12.1712228,46.5290838],[12.1708344,46.52921],[12.1711134,46.5297563],[12.1708795,46.5302648],[12.1696993,46.5300581],[12.1695899,46.5302877],[12.1689698,46.5301615],[12.1683132,46.5306719],[12.1675407,46.5308195],[12.1664571,46.5312328],[12.1663841,46.5314532],[12.1657597,46.5316093],[12.1659228,46.5313425],[12.1661888,46.5312255],[12.1661888,46.5310852],[12.1657833,46.5311875],[12.1652616,46.5311272],[12.1653348,46.5309258],[12.1655389,46.5309325],[12.1656953,46.5309376],[12.1658563,46.5307309],[12.1655451,46.5305316],[12.1647078,46.5305556],[12.1652125,46.5302877],[12.1647619,46.529712],[12.1645104,46.5296687],[12.1641718,46.5296105],[12.1638178,46.5295496],[12.1641203,46.5293053],[12.1649765,46.5295201],[12.1659013,46.5293496],[12.1659657,46.5288181],[12.1649979,46.5285457],[12.1640538,46.5288115],[12.1633242,46.5284276],[12.1637555,46.527268],[12.1637749,46.5262132],[12.1631976,46.5259098],[12.1625089,46.5258736],[12.1620582,46.5261246],[12.1632835,46.5266184],[12.1626183,46.5283605],[12.1620797,46.5286638],[12.162423,46.5288705],[12.1623372,46.5293281],[12.1629616,46.5296005],[12.1629166,46.5300515],[12.1636247,46.5302877],[12.1634959,46.5305387],[12.1631311,46.53065],[12.1624337,46.5307164],[12.1622513,46.531329],[12.1616425,46.5312899],[12.1616532,46.5309208],[12.161554,46.5307533],[12.1610524,46.5308544],[12.1610282,46.5306942],[12.1616746,46.5304854],[12.1612423,46.5303855],[12.1611522,46.5301836],[12.1604837,46.5297841],[12.160425,46.5295849],[12.1608269,46.5296033],[12.1611141,46.5296164],[12.1605669,46.5290849],[12.1601346,46.5287273],[12.1604596,46.5284586],[12.161135,46.5286792],[12.1615647,46.5283247],[12.1619923,46.5278497],[12.1614145,46.526907],[12.1610733,46.526205],[12.160685,46.5260508],[12.1608566,46.525165],[12.160524,46.5244936],[12.160685,46.5240359],[12.1601592,46.5238513],[12.1601163,46.5230762],[12.1611163,46.5227355],[12.1592258,46.5219984],[12.1599468,46.5220711],[12.1601485,46.5218951],[12.1610712,46.522028],[12.1615239,46.5218644],[12.1624144,46.5222778],[12.1633264,46.5218349],[12.163335,46.5212602],[12.1629402,46.5206464],[12.1633135,46.5193038],[12.1631204,46.5174508],[12.1646782,46.5170436],[12.1658455,46.5157601],[12.1640753,46.5163507],[12.1635925,46.5161218],[12.1642383,46.5155522],[12.165985,46.5149627],[12.1659871,46.5143119],[12.1673712,46.5142306],[12.1677359,46.5144374],[12.1686565,46.5144459],[12.1681866,46.5139648],[12.1678432,46.5133151],[12.1678432,46.5127761],[12.1686157,46.5132486],[12.1693238,46.5130271],[12.1689354,46.5126517],[12.168002,46.5123785],[12.1682273,46.512157],[12.1733364,46.5136917],[12.1728193,46.5123342],[12.1711348,46.5121644],[12.1710082,46.5111074],[12.1698281,46.5107161],[12.1710061,46.5104218],[12.1701585,46.5099714],[12.1714352,46.5098533],[12.1704718,46.5087741],[12.1732162,46.5098976],[12.1749565,46.5101992],[12.1755787,46.5097045],[12.1765872,46.5102878],[12.1768447,46.5111148],[12.1774434,46.5120385],[12.1763491,46.5119647],[12.1761989,46.5123486],[12.176907,46.5126735],[12.1773597,46.5132856],[12.1787094,46.51353],[12.17916,46.5136924],[12.1795462,46.5142092],[12.1796535,46.5147113],[12.1784111,46.5145555],[12.1780228,46.5147113],[12.1773576,46.5142388],[12.1766065,46.5132346],[12.1764349,46.5134266],[12.1749994,46.5121633],[12.1754264,46.512895],[12.174611,46.5126144],[12.1746131,46.5129459],[12.1740102,46.5129836],[12.1737527,46.5132789],[12.1743106,46.5135447],[12.1750831,46.5137367],[12.1771022,46.5148361],[12.1764799,46.5143045],[12.1781086,46.5148885],[12.1790763,46.5152791],[12.1787759,46.5155891],[12.1783897,46.5155891],[12.1778962,46.5158549],[12.177467,46.5157073],[12.1771644,46.5159369],[12.1774434,46.5162027],[12.1766709,46.5164242],[12.1767353,46.5165866],[12.1776151,46.5166752],[12.1777758,46.5166088],[12.1783661,46.5163651],[12.1784519,46.5161879],[12.1789454,46.515996],[12.178969,46.5155744],[12.1792029,46.5153758],[12.1798488,46.5159583],[12.1799539,46.5165571],[12.1804475,46.5169853],[12.1802136,46.517553],[12.1792909,46.5180108],[12.1783875,46.5180189],[12.1779176,46.5180846],[12.1778103,46.5177893],[12.176392,46.5175316],[12.1749758,46.5168967],[12.1731969,46.5152938],[12.172594,46.5143569],[12.1720361,46.513973],[12.1701692,46.5132789],[12.1720146,46.5149476],[12.1746131,46.5170215],[12.1740338,46.516859],[12.1719288,46.5155087],[12.1720811,46.5158992],[12.1738385,46.5170591],[12.1752118,46.5174135],[12.1765636,46.5180189],[12.1747826,46.5179451],[12.1753191,46.5182699],[12.1745037,46.5181813],[12.1738836,46.517804],[12.1739458,46.5180632],[12.1744415,46.518439],[12.1754693,46.5186095],[12.178497,46.5192806],[12.1786472,46.5196792],[12.1784541,46.5198121],[12.1779176,46.5198417],[12.1774863,46.5200565],[12.1776172,46.5203141],[12.1774219,46.5204404],[12.1777438,46.5206323],[12.1791192,46.5207423],[12.1787115,46.5210672],[12.1782802,46.5211343],[12.177894,46.5215182],[12.1776151,46.5218726],[12.1784304,46.521533],[12.1787738,46.5217102],[12.1791468,46.5219941],[12.1797823,46.5224779],[12.1803616,46.522596],[12.1807908,46.5232899],[12.1807264,46.5227141],[12.1830675,46.5234147],[12.1820997,46.5238362],[12.1825096,46.5241234],[12.1813938,46.5242267],[12.182722,46.524663],[12.1842047,46.5247435],[12.1848484,46.5249501],[12.1851467,46.5257112],[12.1851038,46.5253126],[12.1854471,46.5252978],[12.1857067,46.5259098],[12.1852561,46.525836],[12.1850845,46.5263232],[12.184739,46.5262279],[12.1846317,46.5255931],[12.1841167,46.5253569],[12.183709,46.525726],[12.184076,46.5259836],[12.1838592,46.5262722],[12.1833228,46.5261246],[12.1831747,46.5254816],[12.1826383,46.5252307],[12.1822735,46.5262789],[12.1803638,46.5264265],[12.1802973,46.5266708],[12.180941,46.5266118],[12.1821426,46.5265822],[12.1828507,46.5267889],[12.1823808,46.5270466],[12.1810697,46.5271137],[12.1797608,46.5268627],[12.1798162,46.5266437],[12.1798467,46.5265232],[12.1786901,46.5268989],[12.178173,46.5267446],[12.1781764,46.5263868],[12.1781944,46.5245154],[12.1777867,46.5267299],[12.1767997,46.5267889],[12.1765422,46.5263756],[12.1763705,46.5269218],[12.175922,46.5270613],[12.1757289,46.5274009],[12.1749114,46.5271728],[12.1742462,46.5272909],[12.1739694,46.527578],[12.1733471,46.527578],[12.1728944,46.527468],[12.1728944,46.527158],[12.173278,46.5268759],[12.1735166,46.5267004],[12.1733686,46.5264117],[12.1723172,46.5264117],[12.1724974,46.5259364]]]},"properties":{"id":"219f12fe-6080-3267-9ca3-b96e24f817d0","version":0,"sources":[{"property":"","dataset":"OpenStreetMap","license":"ODbL-1.0","record_id":"w260005781@6","update_time":"2025-06-24T18:29:40.000Z","confidence":null,"between":null}],"subtype":"shrub","class":"scrub","source_tags":[["natural","scrub"]]}}
{"type":"Feature","geometry":{"type":"LineString","coordinates":[[12.1691393,46.5139734],[12.1735811,46.5189791],[12.1787095,46.5243534]]},"properties":{"id":"032db899-ccb3-359c-87f4-cb72bf59cf14","version":0,"sources":[{"property":"","dataset":"OpenStreetMap","license":"ODbL-1.0","record_id":"w1424463404@1","update_time":"2025-08-23T20:04:59.000Z","confidence":null,"between":null}],"subtype":"physical","class":"valley","names":{"primary":"Val Orita","common":null,"rules":null},"source_tags":[["natural","valley"]]}}
{"type":"Feature","geometry":{"type":"Polygon","coordinates":[[[12.1784734,46.5200565],[12.1789261,46.5201074],[12.1790334,46.5203437],[12.1789025,46.520588],[12.1782159,46.520588],[12.178396,46.5202163],[12.1784734,46.5200565]]]},"properties":{"id":"e6921bee-7c09-3c86-b765-cc6d9a89a014","version":0,"sources":[{"property":"","dataset":"OpenStreetMap","license":"ODbL-1.0","record_id":"w260005783@2","update_time":"2019-07-30T17:04:27.000Z","confidence":null,"between":null}],"subtype":"shrub","class":"scrub","source_tags":[["natural","scrub"]]}}
{"type":"Feature","geometry":{"type":"Point","coordinates":[12.18879,46.51721]},"properties":{"id":"1ed16edf-38a5-3377-951e-093f21bf7e99","version":0,"sources":[{"property":"","dataset":"OpenStreetMap","license":"ODbL-1.0","record_id":"n13093022338@1","update_time":"2025-08-23T20:04:59.000Z","confidence":null,"between":null}],"subtype":"physical","class":"saddle","names":{"primary":"Sella di Punta Nera","common":[["ldl","Sela de Ponta Negra"]],"rules":null},"source_tags":[["ele","2627"],["natural","saddle"]],"elevation":2627}}
{"type":"Feature","geometry":{"type":"Point","coordinates":[12.1917987,46.5161809]},"properties":{"id":"27d7ab0c-7a7a-38de-a9fc-e0ec35e30a0d","version":0,"sources":[{"property":"","dataset":"OpenStreetMap","license":"ODbL-1.0","record_id":"n10067387262@4","update_time":"2025-10-16T09:46:55.000Z","confidence":null,"between":null}],"subtype":"physical","class":"peak","names":{"primary":"Punta Nera","common":[["ldl","Ponta Negra"]],"rules":null},"source_tags":[["ele","2847"],["natural","peak"]],"wikidata":"Q31638715","elevation":2847}}
{"type":"Feature","geometry":{"type":"LineString","coordinates":[[12.193011,46.5115368],[12.1923566,46.5121127],[12.1921313,46.5127772],[12.1925819,46.5130726],[12.1922815,46.5138552],[12.1925282,46.514505],[12.1923244,46.5147634],[12.1921527,46.5155829],[12.1917987,46.5161809],[12.192539,46.5167273],[12.1924961,46.5171112],[12.1925336,46.5177018],[12.1926624,46.5178642],[12.1928716,46.5182186],[12.1930003,46.5196361],[12.1932685,46.5202341],[12.1935904,46.5205441],[12.1939981,46.5208247]]},"properties":{"id":"12a77444-5817-3ac9-9f5d-7b5270be7f05","version":0,"sources":[{"property":"","dataset":"OpenStreetMap","license":"ODbL-1.0","record_id":"w1099720067@1","update_time":"2025-10-16T09:46:55.000Z","confidence":null,"between":null}],"subtype":"physical","class":"ridge","source_tags":[["natural","ridge"]]}}
{"type":"Feature","geometry":{"type":"Polygon","coordinates":[[[12.1887785,46.521585],[12.1884084,46.520928],[12.188226,46.5200052],[12.1879685,46.5194146],[12.1883011,46.5182703],[12.1892452,46.5168971],[12.1895134,46.5173622],[12.1906614,46.5180636],[12.1915197,46.5187428],[12.1908545,46.5196066],[12.1916163,46.520522],[12.1921849,46.521371],[12.1908975,46.5215112],[12.1904732,46.5218243],[12.1898192,46.5216515],[12.1887785,46.521585]]]},"properties":{"id":"503508f2-a2ab-36a2-9927-d3bafcb53ed5","version":0,"sources":[{"property":"","dataset":"OpenStreetMap","license":"ODbL-1.0","record_id":"w708948168@1","update_time":"2019-07-30T17:04:27.000Z","confidence":null,"between":null}],"subtype":"rock","class":"scree","source_tags":[["natural","scree"]]}}
{"type":"Feature","geometry":{"type":"LineString","coordinates":[[12.1922707,46.5205958],[12.1923888,46.5200126],[12.1925926,46.5197837],[12.1924317,46.5195992],[12.1922171,46.5196139],[12.1919703,46.5192743],[12.1919596,46.5190455],[12.1922493,46.5187502],[12.1921742,46.518071]]},"properties":{"id":"8ab47eb5-da3a-36bb-a345-e4a369ce9c49","version":0,"sources":[{"property":"","dataset":"OpenStreetMap","license":"ODbL-1.0","record_id":"w1099720068@1","update_time":"2022-10-01T19:35:19.000Z","confidence":null,"between":null}],"subtype":"physical","class":"cliff","source_tags":[["natural","cliff"]]}}
{"type":"Feature","geometry":{"type":"Point","coordinates":[12.1867,46.51934]},"properties":{"id":"24d67ced-9807-3dba-b655-a17df416a5d4","version":0,"sources":[{"property":"","dataset":"OpenStreetMap","license":"ODbL-1.0","record_id":"n13093022339@1","update_time":"2025-08-23T20:04:59.000Z","confidence":null,"between":null}],"subtype":"physical","class":"peak","names":{"primary":"Croda Rotta","common":[["ldl","Croda Rota"]],"rules":null},"source_tags":[["ele","2627"],["natural","peak"]],"elevation":2627}}
{"type":"Feature","geometry":{"type":"Polygon","coordinates":[[[12.1830675,46.5234147],[12.1807264,46.5227141],[12.1807908,46.5232899],[12.1803616,46.522596],[12.1797823,46.5224779],[12.1791468,46.5219941],[12.1787738,46.5217102],[12.1789563,46.5214023],[12.1797502,46.52112],[12.1807694,46.5213931],[12.1817243,46.5216958],[12.1833444,46.5214226],[12.1845889,46.521275],[12.186445,46.5209059],[12.1875179,46.521179],[12.187475,46.5218287],[12.1876681,46.5221609],[12.1886873,46.522338],[12.1891808,46.5235561],[12.1889877,46.5235672],[12.1887088,46.5238551],[12.1887517,46.5240691],[12.1888965,46.5242389],[12.1891192,46.5242795],[12.1893284,46.5242537],[12.189669,46.5242149],[12.1899131,46.5242112],[12.1901679,46.5240359],[12.191568,46.5240544],[12.1916217,46.5240691],[12.1914715,46.5244788],[12.1908921,46.5247815],[12.1907365,46.5252835],[12.1904254,46.5258851],[12.189846,46.5261434],[12.1893954,46.5263464],[12.1893583,46.52638],[12.1892402,46.5264869],[12.1891433,46.5264904],[12.1889555,46.5261028],[12.1884137,46.5260733],[12.1881992,46.5263538],[12.1878129,46.526745],[12.1862251,46.5271547],[12.1850717,46.5272913],[12.1850845,46.5263232],[12.1852561,46.525836],[12.1857067,46.5259098],[12.1854471,46.5252978],[12.1851038,46.5253126],[12.1851467,46.5257112],[12.1848484,46.5249501],[12.1849698,46.5247188],[12.1845353,46.524346],[12.1837842,46.52394],[12.1830675,46.5234147]]]},"properties":{"id":"02b7a921-0cd0-3332-85dc-98a32a7a5ddf","version":0,"sources":[{"property":"","dataset":"OpenStreetMap","license":"ODbL-1.0","record_id":"w708948172@1","update_time":"2019-07-30T17:04:27.000Z","confidence":null,"between":null}],"subtype":"rock","class":"scree","source_tags":[["natural","scree"]]}}
{"type":"Feature","geometry":{"type":"Polygon","coordinates":[[[12.1916217,46.5240691],[12.191568,46.5240544],[12.1901679,46.5240359],[12.1897978,46.5238532],[12.1896529,46.5237111],[12.1894893,46.5235745],[12.1891808,46.5235561],[12.1886873,46.522338],[12.1889394,46.5221387],[12.1887785,46.521585],[12.1898192,46.5216515],[12.1904732,46.5218243],[12.1912301,46.5220243],[12.1923566,46.5224525],[12.1920025,46.5229618],[12.1914607,46.5234601],[12.1916217,46.5240691]]]},"properties":{"id":"23e86c89-5c04-3a43-b07f-a85f3a2c17a3","version":0,"sources":[{"property":"","dataset":"OpenStreetMap","license":"ODbL-1.0","record_id":"w708948171@1","update_time":"2019-07-30T17:04:27.000Z","confidence":null,"between":null}],"subtype":"rock","class":"scree","source_tags":[["natural","scree"]]}}
{"type":"Feature","geometry":{"type":"Point","coordinates":[12.19469,46.52173]},"properties":{"id":"fce1ea9f-5518-3e47-b521-56232f92c611","version":0,"sources":[{"property":"","dataset":"OpenStreetMap","license":"ODbL-1.0","record_id":"n13093022322@1","update_time":"2025-08-23T20:04:59.000Z","confidence":null,"between":null}],"subtype":"physical","class":"saddle","names":{"primary":"Ra Seleta","common":null,"rules":null},"source_tags":[["ele","2633"],["natural","saddle"]],"elevation":2633}}
{"type":"Feature","geometry":{"type":"Polygon","coordinates":[[[12.1901679,46.5240359],[12.1899131,46.5242112],[12.189669,46.5242149],[12.1893284,46.5242537],[12.1891192,46.5242795],[12.1888965,46.5242389],[12.1887517,46.5240691],[12.1887088,46.5238551],[12.1889877,46.5235672],[12.1891808,46.5235561],[12.1894893,46.5235745],[12.1896529,46.5237111],[12.1897978,46.5238532],[12.1901679,46.5240359]]]},"properties":{"id":"a860539a-a076-3865-94c9-9d5e1a9b5f77","version":0,"sources":[{"property":"","dataset":"OpenStreetMap","license":"ODbL-1.0","record_id":"w708948170@1","update_time":"2019-07-30T17:04:27.000Z","confidence":null,"between":null}],"subtype":"rock","class":"bare_rock","source_tags":[["natural","bare_rock"]]}}
{"type":"Feature","geometry":{"type":"Polygon","coordinates":[[[12.1931452,46.5264424],[12.1929198,46.5258076],[12.1922439,46.525564],[12.1914768,46.5257005],[12.1914831,46.525767],[12.1910906,46.5256304],[12.1915626,46.5251358],[12.1925926,46.5250399],[12.1928179,46.5246929],[12.1932256,46.524966],[12.1937084,46.5254717],[12.1937674,46.5260807],[12.1938264,46.526579],[12.1935421,46.5271842],[12.1932524,46.5273762],[12.1932256,46.5272175],[12.1931452,46.5264424]]]},"properties":{"id":"1ad211e1-31fa-3ca4-8199-30e67cfc9f1d","version":0,"sources":[{"property":"","dataset":"OpenStreetMap","license":"ODbL-1.0","record_id":"w907302995@1","update_time":"2021-02-15T11:11:58.000Z","confidence":null,"between":null}],"subtype":"rock","class":"scree","source_tags":[["natural","scree"]]}}
{"type":"Feature","geometry":{"type":"Point","coordinates":[12.18966,46.52613]},"properties":{"id":"d889e22e-16f0-3acd-9897-cae5a438bf9a","version":0,"sources":[{"property":"","dataset":"OpenStreetMap","license":"ODbL-1.0","record_id":"n13093022337@1","update_time":"2025-08-23T20:04:59.000Z","confidence":null,"between":null}],"subtype":"physical","class":"saddle","names":{"primary":"Forcella Faloria","common":null,"rules":null},"source_tags":[["ele","2309"],["natural","saddle"]],"elevation":2309}}
{"type":"Feature","geometry":{"type":"Polygon","coordinates":[[[12.17911,46.5271736],[12.1786901,46.5268989],[12.1798467,46.5265232],[12.1798162,46.5266437],[12.1797608,46.5268627],[12.1796697,46.5268779],[12.1791655,46.5271584],[12.17911,46.5271736]]]},"properties":{"id":"ba551bd2-8b85-3bd0-a2ad-2f2fd13f7e90","version":0,"sources":[{"property":"","dataset":"OpenStreetMap","license":"ODbL-1.0","record_id":"w907302983@1","update_time":"2021-02-15T11:11:58.000Z","confidence":null,"between":null}],"subtype":"rock","class":"scree","source_tags":[["natural","scree"]]}}
{"type":"Feature","geometry":{"type":"Polygon","coordinates":[[[12.1825096,46.5241234],[12.1820997,46.5238362],[12.1830675,46.5234147],[12.1837842,46.52394],[12.1845353,46.524346],[12.1849698,46.5247188],[12.1848484,46.5249501],[12.1842047,46.5247435],[12.182722,46.524663],[12.1813938,46.5242267],[12.1825096,46.5241234]]]},"properties":{"id":"a477b631-8f1f-3c36-933a-ce8c09ceef1e","version":0,"sources":[{"property":"","dataset":"OpenStreetMap","license":"ODbL-1.0","record_id":"w907302996@1","update_time":"2021-02-15T11:11:58.000Z","confidence":null,"between":null}],"subtype":"grass","class":"grassland","source_tags":[["natural","grassland"]]}}
{"type":"Feature","geometry":{"type":"Polygon","coordinates":[[[12.1777385,46.5272064],[12.1775079,46.5269517],[12.1776044,46.5268225],[12.1777867,46.5267299],[12.1781944,46.5245154],[12.1781764,46.5263868],[12.178173,46.5267446],[12.1779853,46.5270957],[12.1777385,46.5272064]]]},"properties":{"id":"a6d977cc-d861-377e-b288-95d046d41b1e","version":0,"sources":[{"property":"","dataset":"OpenStreetMap","license":"ODbL-1.0","record_id":"w907302984@1","update_time":"2021-02-15T11:11:58.000Z","confidence":null,"between":null}],"subtype":"rock","class":"scree","source_tags":[["natural","scree"]]}}
{"type":"Feature","geometry":{"type":"Polygon","coordinates":[[[12.1728295,46.5299925],[12.1722056,46.5296507],[12.1717786,46.5294167],[12.1722742,46.5290691],[12.1725532,46.5290986],[12.1731089,46.52859],[12.1724008,46.5285457],[12.1722313,46.5287738],[12.1719073,46.52859],[12.1722099,46.5282276],[12.1725103,46.5283605],[12.17283,46.5281914],[12.1727034,46.527888],[12.1729394,46.5277699],[12.1731842,46.5280147],[12.1739703,46.5280759],[12.1738668,46.5282809],[12.1735387,46.5289303],[12.1728295,46.5299925]]]},"properties":{"id":"837ae2c2-5cc0-35f7-a093-4ad71ba78328","version":0,"sources":[{"property":"","dataset":"OpenStreetMap","license":"ODbL-1.0","record_id":"w708948174@1","update_time":"2019-07-30T17:04:27.000Z","confidence":null,"between":null}],"subtype":"rock","class":"bare_rock","source_tags":[["natural","bare_rock"]]}}
{"type":"Feature","geometry":{"type":"Polygon","coordinates":[[[12.1742028,46.5276157],[12.1747969,46.5278054],[12.1756845,46.5280888],[12.174353,46.5299039],[12.1734947,46.5310406],[12.1727877,46.5319123],[12.1728295,46.5299925],[12.1735387,46.5289303],[12.1738668,46.5282809],[12.1739703,46.5280759],[12.1742028,46.5276157]]]},"properties":{"id":"5dda25bd-2eca-3bb2-b3a8-1e7b31b0246f","version":0,"sources":[{"property":"","dataset":"OpenStreetMap","license":"ODbL-1.0","record_id":"w260459116@2","update_time":"2019-07-30T17:04:27.000Z","confidence":null,"between":null}],"subtype":"shrub","class":"scrub","source_tags":[["natural","scrub"]]}}
{"type":"Feature","geometry":{"type":"Polygon","coordinates":[[[12.1791011,46.5279298],[12.1795142,46.5275201],[12.1800023,46.5271658],[12.1805951,46.5274278],[12.1816252,46.5277781],[12.1815848,46.5280036],[12.1814185,46.5283948],[12.1807587,46.5283505],[12.1803993,46.5286679],[12.180112,46.528561],[12.1793479,46.5282767],[12.1783482,46.5282841],[12.1783233,46.5279335],[12.1782589,46.52776],[12.1791011,46.5279298]]]},"properties":{"id":"f3d4bcb5-3176-3cc1-ae51-73b73d65d815","version":0,"sources":[{"property":"","dataset":"OpenStreetMap","license":"ODbL-1.0","record_id":"w856555230@1","update_time":"2020-10-07T23:01:07.000Z","confidence":null,"between":null}],"subtype":"rock","class":"bare_rock","source_tags":[["natural","bare_rock"]]}}
{"type":"Feature","geometry":{"type":"Point","coordinates":[12.1837323,46.52734]},"properties":{"id":"1352bb03-3430-302e-9e49-b07f55848e49","version":0,"sources":[{"property":"","dataset":"OpenStreetMap","license":"ODbL-1.0","record_id":"n2050428501@3","update_time":"2023-02-21T08:29:35.000Z","confidence":null,"between":null}],"subtype":"physical","class":"peak","names":{"primary":"Monte Faloria","common":null,"rules":null},"source_tags":[["ele","2352"],["natural","peak"],["wikipedia","it:Monte Faloria"]],"wikidata":"Q16579617","elevation":2352}}
{"type":"Feature","geometry":{"type":"Polygon","coordinates":[[[12.187337,46.5305465],[12.1870029,46.5305686],[12.1867347,46.5308933],[12.1867132,46.5304136],[12.1864467,46.5302139],[12.1864231,46.5298231],[12.1862772,46.5296393],[12.186622,46.5296312],[12.1869063,46.5294024],[12.1864718,46.5288709],[12.1857423,46.5287343],[12.1845031,46.5290923],[12.1836662,46.5288303],[12.1832371,46.5292658],[12.1828347,46.5300833],[12.1831727,46.5312255],[12.1834494,46.5318524],[12.1825285,46.5327534],[12.1822386,46.5331005],[12.1806829,46.5341559],[12.1801901,46.5341667],[12.1808231,46.5333106],[12.181139,46.5328401],[12.1816273,46.5327681],[12.1822281,46.5321334],[12.1824856,46.5318824],[12.1823783,46.5308934],[12.1818204,46.5295205],[12.1818658,46.5295023],[12.1822822,46.5293359],[12.1828558,46.5285497],[12.1828723,46.5284206],[12.1825611,46.527808],[12.1817565,46.5278227],[12.1816252,46.5277781],[12.1805951,46.5274278],[12.1800023,46.5271658],[12.1795142,46.5275201],[12.1791011,46.5279298],[12.1782589,46.52776],[12.1776366,46.5274389],[12.1783179,46.5273909],[12.17911,46.5271736],[12.1791655,46.5271584],[12.1796697,46.5268779],[12.1797608,46.5268627],[12.1810697,46.5271137],[12.1823808,46.5270466],[12.1828507,46.5267889],[12.1821426,46.5265822],[12.180941,46.5266118],[12.1802973,46.5266708],[12.1803638,46.5264265],[12.1822735,46.5262789],[12.1826383,46.5252307],[12.1831747,46.5254816],[12.1833228,46.5261246],[12.1838592,46.5262722],[12.184076,46.5259836],[12.183709,46.525726],[12.1841167,46.5253569],[12.1846317,46.5255931],[12.184739,46.5262279],[12.1850845,46.5263232],[12.1850717,46.5272913],[12.1844728,46.5277884],[12.1843958,46.5278523],[12.1841598,46.5283837],[12.1845889,46.528572],[12.1860856,46.5284169],[12.1865898,46.528225],[12.1866703,46.5276124],[12.1871155,46.5274832],[12.1871638,46.5276862],[12.1872604,46.528166],[12.1873389,46.5282237],[12.1875715,46.5283948],[12.1881455,46.5283358],[12.1884084,46.5282841],[12.1882421,46.5287528],[12.1876627,46.5292104],[12.1877427,46.5293138],[12.1873565,46.5297567],[12.187337,46.5305465]]]},"properties":{"id":"c551758e-d28d-3c01-82a1-050af8c0c350","version":0,"sources":[{"property":"","dataset":"OpenStreetMap","license":"ODbL-1.0","record_id":"w708948201@3","update_time":"2020-10-07T23:01:07.000Z","confidence":null,"between":null}],"subtype":"rock","class":"scree","source_tags":[["natural","scree"]]}}
{"type":"Feature","geometry":{"type":"Polygon","coordinates":[[[12.1803564,46.52955],[12.1812121,46.5294741],[12.1812308,46.5294725],[12.1818658,46.5295023],[12.1818204,46.5295205],[12.181618,46.529627],[12.180726,46.5300962],[12.1801896,46.5298895],[12.1802472,46.5297722],[12.1803564,46.52955]]]},"properties":{"id":"362732cc-811e-31a0-9942-9198403d30d8","version":0,"sources":[{"property":"","dataset":"OpenStreetMap","license":"ODbL-1.0","record_id":"w856555228@1","update_time":"2020-10-07T23:01:07.000Z","confidence":null,"between":null}],"subtype":"rock","class":"bare_rock","source_tags":[["natural","bare_rock"]]}}
{"type":"Feature","geometry":{"type":"Polygon","coordinates":[[[12.1801794,46.5293212],[12.1797877,46.529251],[12.1790153,46.5291698],[12.1784725,46.5290297],[12.1783662,46.5285387],[12.1783482,46.5282841],[12.1793479,46.5282767],[12.180112,46.528561],[12.1803993,46.5286679],[12.1802825,46.529015],[12.1801794,46.5293212]]]},"properties":{"id":"da6d79ee-d3e1-32f7-848d-3974bd642c7a","version":0,"sources":[{"property":"","dataset":"OpenStreetMap","license":"ODbL-1.0","record_id":"w856555229@1","update_time":"2020-10-07T23:01:07.000Z","confidence":null,"between":null}],"subtype":"shrub","class":"scrub","source_tags":[["natural","scrub"]]}}
{"type":"Feature","geometry":{"type":"Polygon","coordinates":[[[12.1783227,46.5309372],[12.1779638,46.5309007],[12.1776795,46.530742],[12.1776688,46.5304394],[12.1780389,46.5301904],[12.1778517,46.529698],[12.1785164,46.5292326],[12.1784725,46.5290297],[12.1790153,46.5291698],[12.1797877,46.529251],[12.1801794,46.5293212],[12.1795464,46.5293544],[12.179185,46.529395],[12.1787256,46.5294466],[12.178452,46.5299596],[12.1784306,46.5301215],[12.1783227,46.5309372]]]},"properties":{"id":"d18a7586-ad92-357c-ba66-23e34ed21398","version":0,"sources":[{"property":"","dataset":"OpenStreetMap","license":"ODbL-1.0","record_id":"w708948196@2","update_time":"2020-02-16T18:24:14.000Z","confidence":null,"between":null}],"subtype":"rock","class":"scree","source_tags":[["natural","scree"]]}}
{"type":"Feature","geometry":{"type":"Polygon","coordinates":[[[12.1788807,46.5317791],[12.1791378,46.53124],[12.1793313,46.5308343],[12.1790094,46.5298748],[12.1801896,46.5298895],[12.180726,46.5300962],[12.181618,46.529627],[12.1818204,46.5295205],[12.1823783,46.5308934],[12.1824856,46.5318824],[12.1822281,46.5321334],[12.1802325,46.5323843],[12.1788807,46.5317791]]]},"properties":{"id":"43e04cc3-7ecf-3302-a6ad-5c75eae90d99","version":0,"sources":[{"property":"","dataset":"OpenStreetMap","license":"ODbL-1.0","record_id":"w324145101@3","update_time":"2020-10-07T23:01:07.000Z","confidence":null,"between":null}],"subtype":"shrub","class":"scrub","source_tags":[["natural","scrub"]]}}
{"type":"Feature","geometry":{"type":"Polygon","coordinates":[[[12.1845033,46.5310292],[12.18417,46.5317865],[12.1834941,46.5318086],[12.1834494,46.5318524],[12.1831727,46.5312255],[12.1828347,46.5300833],[12.1838379,46.5301479],[12.1842992,46.5305464],[12.1845033,46.5310292]]]},"properties":{"id":"1add480e-45e7-3b27-b7d8-114055ca148d","version":0,"sources":[{"property":"","dataset":"OpenStreetMap","license":"ODbL-1.0","record_id":"w708948198@1","update_time":"2019-07-30T17:04:27.000Z","confidence":null,"between":null}],"subtype":"rock","class":"bare_rock","source_tags":[["natural","bare_rock"]]}}
{"type":"Feature","geometry":{"type":"Polygon","coordinates":[[[12.176091,46.5306869],[12.1766286,46.530008],[12.1774225,46.5296389],[12.1778517,46.529698],[12.1780389,46.5301904],[12.1776688,46.5304394],[12.1776795,46.530742],[12.1779638,46.5309007],[12.1783227,46.5309372],[12.1780436,46.5316169],[12.1771778,46.5309799],[12.176091,46.5306869]]]},"properties":{"id":"3d09f75f-ba74-36e5-98eb-c85ccf7066e8","version":0,"sources":[{"property":"","dataset":"OpenStreetMap","license":"ODbL-1.0","record_id":"w260459126@2","update_time":"2019-07-30T17:04:27.000Z","confidence":null,"between":null}],"subtype":"shrub","class":"scrub","source_tags":[["natural","scrub"]]}}
{"type":"Feature","geometry":{"type":"Polygon","coordinates":[[[12.1830094,46.5362014],[12.1824641,46.5362658],[12.182555,46.5355004],[12.1827006,46.5342738],[12.182765,46.5332995],[12.1834838,46.5324286],[12.1837091,46.5332405],[12.1832156,46.5342442],[12.1829581,46.5353513],[12.1830094,46.5362014]]]},"properties":{"id":"3f936c4a-d86e-3278-a428-fab3c8f43ce0","version":0,"sources":[{"property":"","dataset":"OpenStreetMap","license":"ODbL-1.0","record_id":"w708948194@1","update_time":"2019-07-30T17:04:27.000Z","confidence":null,"between":null}],"subtype":"rock","class":"bare_rock","source_tags":[["natural","bare_rock"]]}}
{"type":"Feature","geometry":{"type":"Polygon","coordinates":[[[12.178709,46.5341409],[12.1781951,46.5333332],[12.1780234,46.5330634],[12.1784086,46.5322072],[12.1788807,46.5317791],[12.1802325,46.5323843],[12.1822281,46.5321334],[12.1816273,46.5327681],[12.181139,46.5328401],[12.1804256,46.5329453],[12.1796746,46.5334324],[12.1792025,46.5334324],[12.178933,46.5338193],[12.178709,46.5341409]]]},"properties":{"id":"ba9a89f2-24f2-39b9-b9d0-cabf5065fca1","version":0,"sources":[{"property":"","dataset":"OpenStreetMap","license":"ODbL-1.0","record_id":"w324145093@3","update_time":"2020-10-07T23:01:07.000Z","confidence":null,"between":null}],"subtype":"forest","class":"forest","source_tags":[["landuse","forest"]]}}
{"type":"Feature","geometry":{"type":"Polygon","coordinates":[[[12.1830094,46.5362014],[12.1829581,46.5353513],[12.1832156,46.5342442],[12.1837091,46.5332405],[12.1834838,46.5324286],[12.182765,46.5332995],[12.1827006,46.5342738],[12.182555,46.5355004],[12.1824641,46.5362658],[12.1813267,46.5358755],[12.1810187,46.535984],[12.1822386,46.5331005],[12.1825285,46.5327534],[12.1834494,46.5318524],[12.1834941,46.5318086],[12.18417,46.5317865],[12.1845033,46.5310292],[12.1847102,46.530559],[12.1848781,46.5301774],[12.1854467,46.5296902],[12.1860261,46.5294836],[12.1860814,46.5295179],[12.1862772,46.5296393],[12.1864231,46.5298231],[12.1864467,46.5302139],[12.1857691,46.5305686],[12.1860051,46.5312107],[12.1854682,46.5321924],[12.185333,46.5331601],[12.1856549,46.533721],[12.1854467,46.5343845],[12.1849161,46.5338789],[12.1849,46.5333512],[12.1846855,46.5331445],[12.1842992,46.5333475],[12.1842027,46.5335874],[12.1840417,46.5339527],[12.1841007,46.5343365],[12.1842129,46.5350414],[12.1830094,46.5362014]]]},"properties":{"id":"47fe12dd-a26c-3820-b7c6-be5d49dfa63b","version":0,"sources":[{"property":"","dataset":"OpenStreetMap","license":"ODbL-1.0","record_id":"w324145090@2","update_time":"2019-07-30T17:04:27.000Z","confidence":null,"between":null}],"subtype":"shrub","class":"scrub","source_tags":[["natural","scrub"]]}}
{"type":"Feature","geometry":{"type":"Polygon","coordinates":[[[12.1846855,46.5331445],[12.1849,46.5333512],[12.1849161,46.5338789],[12.1854467,46.5343845],[12.1850824,46.5345173],[12.1848088,46.5347498],[12.1844387,46.5352185],[12.1842241,46.5352406],[12.1842129,46.5350414],[12.1841007,46.5343365],[12.1840417,46.5339527],[12.1842027,46.5335874],[12.1842992,46.5333475],[12.1846855,46.5331445]]]},"properties":{"id":"99561f49-ba20-3502-b03b-da2d88faf4d5","version":0,"sources":[{"property":"","dataset":"OpenStreetMap","license":"ODbL-1.0","record_id":"w708948202@1","update_time":"2019-07-30T17:04:27.000Z","confidence":null,"between":null}],"subtype":"rock","class":"bare_rock","source_tags":[["natural","bare_rock"]]}}
{"type":"Feature","geometry":{"type":"Polygon","coordinates":[[[12.193901,46.5311591],[12.1920128,46.5313805],[12.191745,46.5311591],[12.1921742,46.5308122],[12.1925068,46.5305686],[12.1929007,46.530308],[12.1930647,46.5301995],[12.1933758,46.5295131],[12.1948028,46.5292769],[12.1955967,46.5296386],[12.1946633,46.5304431],[12.194556,46.5307974],[12.1942556,46.5309893],[12.193901,46.5311591]]]},"properties":{"id":"2444a5c3-9e06-316b-a7f9-fd0e7d79b726","version":0,"sources":[{"property":"","dataset":"OpenStreetMap","license":"ODbL-1.0","record_id":"w907302988@1","update_time":"2021-02-15T11:11:58.000Z","confidence":null,"between":null}],"subtype":"grass","class":"grassland","source_tags":[["natural","grassland"]]}}
{"type":"Feature","geometry":{"type":"Point","coordinates":[12.19282,46.52991]},"properties":{"id":"e96f2a82-77df-3a8b-8435-54727bcd29d2","version":0,"sources":[{"property":"","dataset":"OpenStreetMap","license":"ODbL-1.0","record_id":"n13093022324@1","update_time":"2025-08-23T20:04:59.000Z","confidence":null,"between":null}],"subtype":"physical","class":"peak","names":{"primary":"Col Siro","common":null,"rules":null},"source_tags":[["ele","2298"],["natural","peak"]],"elevation":2298}}
{"type":"Feature","geometry":{"type":"Polygon","coordinates":[[[12.1860814,46.5295179],[12.1860261,46.5294836],[12.1854467,46.5296902],[12.1848781,46.5301774],[12.1847102,46.530559],[12.1845033,46.5310292],[12.1842992,46.5305464],[12.1838379,46.5301479],[12.1828347,46.5300833],[12.1832371,46.5292658],[12.1836662,46.5288303],[12.1845031,46.5290923],[12.1857423,46.5287343],[12.1862143,46.5292695],[12.1860814,46.5295179]]]},"properties":{"id":"f3b574f0-83d8-38ac-8da1-0e58920bd52b","version":0,"sources":[{"property":"","dataset":"OpenStreetMap","license":"ODbL-1.0","record_id":"w708948199@1","update_time":"2019-07-30T17:04:27.000Z","confidence":null,"between":null}],"subtype":"grass","class":"grassland","source_tags":[["natural","grassland"]]}}
{"type":"Feature","geometry":{"type":"Polygon","coordinates":[[[12.1866703,46.5276124],[12.1865898,46.528225],[12.1860856,46.5284169],[12.1845889,46.528572],[12.1841598,46.5283837],[12.1843958,46.5278523],[12.1844728,46.5277884],[12.1851146,46.5278449],[12.1866703,46.5276124]]]},"properties":{"id":"04d836df-9b48-358d-9839-ae8ad0422471","version":0,"sources":[{"property":"","dataset":"OpenStreetMap","license":"ODbL-1.0","record_id":"w708948160@1","update_time":"2019-07-30T17:04:27.000Z","confidence":null,"between":null}],"subtype":"grass","class":"grassland","source_tags":[["natural","grassland"]]}}
{"type":"Feature","geometry":{"type":"Polygon","coordinates":[[[12.1866703,46.5276124],[12.1851146,46.5278449],[12.1844728,46.5277884],[12.1850717,46.5272913],[12.1862251,46.5271547],[12.1878129,46.526745],[12.1881992,46.5263538],[12.1884137,46.5260733],[12.1889555,46.5261028],[12.1891433,46.5264904],[12.1892402,46.5264869],[12.1891057,46.5266085],[12.1892399,46.5268336],[12.1889824,46.5269407],[12.1883547,46.5268853],[12.1881992,46.5270994],[12.1881777,46.5274647],[12.1883708,46.5280331],[12.1888214,46.5284133],[12.189095,46.5289927],[12.1890092,46.5291256],[12.1886069,46.529037],[12.1882421,46.5287528],[12.1884084,46.5282841],[12.1881455,46.5283358],[12.1875715,46.5283948],[12.1873389,46.5282237],[12.1879792,46.5280737],[12.1876037,46.5276161],[12.1871638,46.5276862],[12.1871155,46.5274832],[12.1866703,46.5276124]]]},"properties":{"id":"86a12c69-fbaa-3ec3-b509-e76f85c3c2c7","version":0,"sources":[{"property":"","dataset":"OpenStreetMap","license":"ODbL-1.0","record_id":"w708948159@1","update_time":"2019-07-30T17:04:27.000Z","confidence":null,"between":null}],"subtype":"rock","class":"bare_rock","source_tags":[["natural","bare_rock"]]}}
{"type":"Feature","geometry":{"type":"Polygon","coordinates":[[[12.1873389,46.5282237],[12.1872604,46.528166],[12.1871638,46.5276862],[12.1876037,46.5276161],[12.1879792,46.5280737],[12.1873389,46.5282237]]]},"properties":{"id":"a36de464-4ace-3133-a217-73ae33a9e770","version":0,"sources":[{"property":"","dataset":"OpenStreetMap","license":"ODbL-1.0","record_id":"w708948158@1","update_time":"2019-07-30T17:04:27.000Z","confidence":null,"between":null}],"subtype":"grass","class":"grassland","source_tags":[["natural","grassland"]]}}
{"type":"Feature","geometry":{"type":"Polygon","coordinates":[[[12.1877921,46.5293818],[12.1877427,46.5293138],[12.1876627,46.5292104],[12.1882421,46.5287528],[12.1886069,46.529037],[12.1890092,46.5291256],[12.189095,46.5289927],[12.1888214,46.5284133],[12.1883708,46.5280331],[12.1881777,46.5274647],[12.1881992,46.5270994],[12.1883547,46.5268853],[12.1889824,46.5269407],[12.1892399,46.5268336],[12.1891057,46.5266085],[12.1892402,46.5264869],[12.1893583,46.52638],[12.1893954,46.5263464],[12.189846,46.5261434],[12.1902806,46.5264202],[12.1907741,46.526686],[12.1913266,46.526686],[12.1917826,46.5268668],[12.1920025,46.5270403],[12.1921581,46.526841],[12.1922439,46.5265088],[12.1920079,46.5262394],[12.1915144,46.5260955],[12.1914831,46.525767],[12.1914768,46.5257005],[12.1922439,46.525564],[12.1929198,46.5258076],[12.1931452,46.5264424],[12.1932256,46.5272175],[12.1932524,46.5273762],[12.1935421,46.5271842],[12.1938264,46.526579],[12.1937674,46.5260807],[12.1937084,46.5254717],[12.194615,46.5252761],[12.1946611,46.5255617],[12.1947038,46.5258258],[12.194733,46.5260069],[12.1951139,46.5264867],[12.1961492,46.5263686],[12.1971255,46.5261951],[12.1977532,46.5266048],[12.1977103,46.5273356],[12.1972811,46.5281992],[12.1961009,46.5286568],[12.1955754,46.5287792],[12.1947062,46.5289816],[12.1936333,46.5293433],[12.1925604,46.5294688],[12.1922493,46.5298748],[12.1922493,46.5302291],[12.1925068,46.5305686],[12.1921742,46.5308122],[12.191745,46.5311591],[12.1920128,46.5313805],[12.190397,46.5314772],[12.1898885,46.5297272],[12.1892877,46.5296386],[12.1883221,46.530111],[12.1877921,46.5293818]]]},"properties":{"id":"6c6ea948-1812-3cd9-8174-453a741e7d24","version":0,"sources":[{"property":"","dataset":"OpenStreetMap","license":"ODbL-1.0","record_id":"w708948200@1","update_time":"2019-07-30T17:04:27.000Z","confidence":null,"between":null}],"subtype":"grass","class":"grassland","source_tags":[["natural","grassland"]]}}
{"type":"Feature","geometry":{"type":"Polygon","coordinates":[[[12.1925068,46.5305686],[12.1922493,46.5302291],[12.1922493,46.5298748],[12.1925604,46.5294688],[12.1936333,46.5293433],[12.1947062,46.5289816],[12.1955754,46.5287792],[12.1960701,46.5290785],[12.196337,46.52924],[12.197426,46.5288414],[12.1984506,46.5284133],[12.1993411,46.5284243],[12.1998346,46.5287786],[12.1996415,46.5289742],[12.1992612,46.5289254],[12.1983755,46.5288119],[12.1975922,46.5293285],[12.1959722,46.529299],[12.1948028,46.5292769],[12.1933758,46.5295131],[12.1930647,46.5301995],[12.1929007,46.530308],[12.1925068,46.5305686]]]},"properties":{"id":"639a1047-03ae-349e-b47f-fd1ffe9acc15","version":0,"sources":[{"property":"","dataset":"OpenStreetMap","license":"ODbL-1.0","record_id":"w708948157@2","update_time":"2021-02-15T11:11:58.000Z","confidence":null,"between":null}],"subtype":"rock","class":"bare_rock","source_tags":[["natural","bare_rock"]]}}
{"type":"Feature","geometry":{"type":"Polygon","coordinates":[[[12.1971255,46.5261951],[12.1986759,46.5263169],[12.1997595,46.5265753],[12.2007143,46.5266602],[12.2017765,46.5273097],[12.2020715,46.5277526],[12.2029191,46.5276973],[12.2036701,46.5273503],[12.2043612,46.527262],[12.2044694,46.5274315],[12.2046393,46.5280618],[12.2047698,46.5285461],[12.2040617,46.5283911],[12.2043711,46.5286068],[12.2048771,46.5289595],[12.2050273,46.5294024],[12.2058535,46.5305169],[12.2053492,46.5310557],[12.2050059,46.5308343],[12.2048853,46.5306621],[12.2043085,46.5298378],[12.2033858,46.5290702],[12.202431,46.5284723],[12.2020125,46.5291662],[12.2013581,46.5294466],[12.2002852,46.5293212],[12.1998346,46.5287786],[12.1993411,46.5284243],[12.1984506,46.5284133],[12.197426,46.5288414],[12.196337,46.52924],[12.1960701,46.5290785],[12.1955754,46.5287792],[12.1961009,46.5286568],[12.1972811,46.5281992],[12.1977103,46.5273356],[12.1977532,46.5266048],[12.1971255,46.5261951]]]},"properties":{"id":"d8f96375-b0c2-302c-a135-98c0a9ae8579","version":0,"sources":[{"property":"","dataset":"OpenStreetMap","license":"ODbL-1.0","record_id":"w907302993@1","update_time":"2021-02-15T11:11:58.000Z","confidence":null,"between":null}],"subtype":"rock","class":"bare_rock","source_tags":[["natural","bare_rock"]]}}
{"type":"Feature","geometry":{"type":"Polygon","coordinates":[[[12.2053492,46.5310557],[12.2058535,46.5305169],[12.2062826,46.5315503],[12.2060895,46.5320226],[12.2056603,46.5321334],[12.2055142,46.5327584],[12.2060573,46.5331002],[12.2059393,46.5335726],[12.2050059,46.5338383],[12.2046411,46.5343771],[12.2038793,46.5347018],[12.2035784,46.5346366],[12.203227,46.5345604],[12.2035607,46.5338085],[12.2037437,46.5333962],[12.2029068,46.5320825],[12.2010679,46.5315134],[12.2011113,46.5307679],[12.2007143,46.5303102],[12.1997166,46.5305095],[12.1988904,46.5303914],[12.1987724,46.5300076],[12.1986866,46.5296017],[12.1985257,46.5293507],[12.1983755,46.5288119],[12.1992612,46.5289254],[12.1996415,46.5289742],[12.1998346,46.5287786],[12.2002852,46.5293212],[12.2013581,46.5294466],[12.2020125,46.5291662],[12.2023828,46.5299746],[12.2025061,46.5302438],[12.203654,46.5304726],[12.2041154,46.530635],[12.2048853,46.5306621],[12.2050059,46.5308343],[12.2053492,46.5310557]]]},"properties":{"id":"5cb21117-fbc8-3dc2-b9f3-4899c6c502dd","version":0,"sources":[{"property":"","dataset":"OpenStreetMap","license":"ODbL-1.0","record_id":"w907302990@1","update_time":"2021-02-15T11:11:58.000Z","confidence":null,"between":null}],"subtype":"grass","class":"grassland","source_tags":[["natural","grassland"]]}}
{"type":"Feature","geometry":{"type":"Polygon","coordinates":[[[12.1996088,46.531661],[12.1982999,46.5317053],[12.1968558,46.532481],[12.195446,46.5311739],[12.1947056,46.5311668],[12.193901,46.5311591],[12.1942556,46.5309893],[12.194556,46.5307974],[12.1946633,46.5304431],[12.1955967,46.5296386],[12.1948028,46.5292769],[12.1959722,46.529299],[12.1975922,46.5293285],[12.1983755,46.5288119],[12.1985257,46.5293507],[12.1986866,46.5296017],[12.1987724,46.5300076],[12.1988904,46.5303914],[12.1997166,46.5305095],[12.2007143,46.5303102],[12.2011113,46.5307679],[12.2010679,46.5315134],[12.2000594,46.53203],[12.1996088,46.531661]]]},"properties":{"id":"64c3c288-2d9b-39e3-80bd-c1649adc03ee","version":0,"sources":[{"property":"","dataset":"OpenStreetMap","license":"ODbL-1.0","record_id":"w907302989@1","update_time":"2021-02-15T11:11:58.000Z","confidence":null,"between":null}],"subtype":"shrub","class":"scrub","source_tags":[["natural","scrub"]]}}
{"type":"Feature","geometry":{"type":"Polygon","coordinates":[[[12.1870067,46.5341491],[12.1866776,46.5338555],[12.1860046,46.5332553],[12.1863694,46.5328419],[12.1863694,46.531661],[12.187335,46.5306277],[12.187337,46.5305465],[12.1873565,46.5297567],[12.1877427,46.5293138],[12.1877921,46.5293818],[12.1883221,46.530111],[12.1892877,46.5296386],[12.1898885,46.5297272],[12.190397,46.5314772],[12.1920128,46.5313805],[12.193901,46.5311591],[12.1947056,46.5311668],[12.195446,46.5311739],[12.1968558,46.532481],[12.1982999,46.5317053],[12.1996088,46.531661],[12.2000594,46.53203],[12.2010679,46.5315134],[12.2029068,46.5320825],[12.2037437,46.5333962],[12.2035607,46.5338085],[12.203227,46.5345604],[12.2031708,46.5346871],[12.2024627,46.5359713],[12.2026558,46.5368857],[12.2032995,46.5370038],[12.2035443,46.536855],[12.204587,46.5362215],[12.2060675,46.5358385],[12.2063177,46.5352546],[12.2066684,46.5344362],[12.2073095,46.5350069],[12.2077627,46.5354104],[12.2088141,46.5357204],[12.2087433,46.5366732],[12.209666,46.5380754],[12.210123,46.5376975],[12.2114749,46.5393359],[12.2087336,46.5396065],[12.2076533,46.537933],[12.2060987,46.5379285],[12.2040634,46.5382998],[12.2018736,46.5373167],[12.1994747,46.5364163],[12.1992226,46.5357204],[12.1978493,46.5359565],[12.1973128,46.5352185],[12.194931,46.5335948],[12.190103,46.5340081],[12.1894593,46.533211],[12.1887448,46.533721],[12.1877212,46.5329748],[12.1870067,46.5341491]]]},"properties":{"id":"c103e2f6-3e1d-3294-bf9a-87cf8cbbcc24","version":0,"sources":[{"property":"","dataset":"OpenStreetMap","license":"ODbL-1.0","record_id":"w324145102@3","update_time":"2021-02-15T11:11:58.000Z","confidence":null,"between":null}],"subtype":"shrub","class":"scrub","source_tags":[["natural","scrub"]]}}
{"type":"Feature","geometry":{"type":"Polygon","coordinates":[[[12.1971255,46.5261951],[12.1961492,46.5263686],[12.1951139,46.5264867],[12.194733,46.5260069],[12.1947038,46.5258258],[12.1949208,46.5256895],[12.1954894,46.5255787],[12.1958542,46.525468],[12.1958327,46.5245674],[12.1962297,46.5250768],[12.1970129,46.525564],[12.1981931,46.5257928],[12.1990085,46.5254754],[12.1996736,46.5251211],[12.2000706,46.5253647],[12.2004247,46.5257338],[12.2017658,46.5264055],[12.2026455,46.5263538],[12.2037721,46.5263391],[12.2041757,46.5269714],[12.2043612,46.527262],[12.2036701,46.5273503],[12.2029191,46.5276973],[12.2020715,46.5277526],[12.2017765,46.5273097],[12.2007143,46.5266602],[12.1997595,46.5265753],[12.1986759,46.5263169],[12.1971255,46.5261951]]]},"properties":{"id":"ed043b54-2899-3003-a8de-ae642823914d","version":0,"sources":[{"property":"","dataset":"OpenStreetMap","license":"ODbL-1.0","record_id":"w907302994@1","update_time":"2021-02-15T11:11:58.000Z","confidence":null,"between":null}],"subtype":"rock","class":"scree","source_tags":[["natural","scree"]]}}
{"type":"Feature","geometry":{"type":"LineString","coordinates":[[12.1973991,46.5134565],[12.1990728,46.517532],[12.2032785,46.5206918]]},"properties":{"id":"a216d3e3-b758-3e30-9637-85847d1f38f8","version":0,"sources":[{"property":"","dataset":"OpenStreetMap","license":"ODbL-1.0","record_id":"w1424463406@1","update_time":"2025-08-23T20:04:59.000Z","confidence":null,"between":null}],"subtype":"physical","class":"valley","names":{"primary":"Tonde de Sorapis","common":null,"rules":null},"source_tags":[["natural","valley"]]}}
{"type":"Feature","geometry":{"type":"Polygon","coordinates":[[[12.1787738,46.5217102],[12.1784304,46.521533],[12.1776151,46.5218726],[12.177894,46.5215182],[12.1782802,46.5211343],[12.1787115,46.5210672],[12.1791192,46.5207423],[12.1789025,46.520588],[12.1790334,46.5203437],[12.1789261,46.5201074],[12.1784734,46.5200565],[12.178396,46.5202163],[12.1776172,46.5203141],[12.1774863,46.5200565],[12.1779176,46.5198417],[12.1784541,46.5198121],[12.1786472,46.5196792],[12.1796107,46.5198797],[12.1808231,46.519769],[12.1802223,46.5196509],[12.1802544,46.5190824],[12.1804583,46.5184622],[12.1806943,46.5172515],[12.1807051,46.5165427],[12.1805656,46.5159225],[12.1799648,46.5152654],[12.179997,46.5138589],[12.1794981,46.5131612],[12.17916,46.5136924],[12.1787094,46.51353],[12.1773597,46.5132856],[12.1787846,46.512349],[12.1794168,46.5119687],[12.180233,46.5114777],[12.1797824,46.510732],[12.1803403,46.5098828],[12.1811986,46.5097425],[12.1817565,46.5102668],[12.1822071,46.5112267],[12.1827655,46.5121205],[12.1836555,46.5134786],[12.1839886,46.5137079],[12.1840852,46.5135602],[12.1842885,46.5134713],[12.1847182,46.5131763],[12.1842139,46.5124232],[12.1834414,46.5121426],[12.1834838,46.5117509],[12.1833765,46.5113227],[12.1835053,46.5111381],[12.1838271,46.5111602],[12.1841705,46.512061],[12.1844494,46.5118691],[12.1842236,46.5112115],[12.1856145,46.5119398],[12.1861977,46.5122452],[12.1863693,46.51099],[12.1870989,46.5105765],[12.1855765,46.5099866],[12.1866279,46.5099718],[12.1873349,46.5103993],[12.188087,46.5102081],[12.1880645,46.5094844],[12.1874851,46.5089971],[12.188558,46.5091005],[12.188558,46.508879],[12.1880216,46.5088494],[12.1887082,46.5086574],[12.1882587,46.5083473],[12.1870131,46.5079486],[12.1880114,46.5081036],[12.1879041,46.5077344],[12.1883654,46.5076975],[12.1875393,46.5071954],[12.1877115,46.5070181],[12.1880012,46.5072471],[12.1883123,46.506996],[12.1887415,46.5071658],[12.1886658,46.5064126],[12.1881938,46.5060213],[12.1892135,46.5057037],[12.1899967,46.5050982],[12.1900284,46.5046551],[12.1897387,46.504441],[12.1887624,46.5046404],[12.1893847,46.5049431],[12.1890419,46.5050022],[12.1889882,46.5051794],[12.1890848,46.5052533],[12.1887517,46.5055265],[12.1882581,46.505497],[12.1877968,46.5056299],[12.1874535,46.5061025],[12.187078,46.5060877],[12.187078,46.5057333],[12.1869605,46.505593],[12.1863055,46.50546],[12.1862631,46.5056963],[12.1859836,46.505689],[12.1857583,46.5056299],[12.1857481,46.5058514],[12.1863269,46.5059326],[12.1866488,46.5061173],[12.1874004,46.5063388],[12.1877866,46.5068409],[12.1875178,46.5068335],[12.1872389,46.5065899],[12.1867561,46.5067597],[12.186799,46.5069222],[12.186402,46.5072101],[12.1861773,46.5069148],[12.1850395,46.5065529],[12.1856516,46.5063979],[12.1859836,46.5060286],[12.1854686,46.5060656],[12.185533,46.5056373],[12.1857583,46.5054527],[12.1858545,46.5051585],[12.1863913,46.5053268],[12.1867132,46.50512],[12.1869599,46.5048914],[12.1875061,46.5046777],[12.1881299,46.5044336],[12.1881508,46.5042859],[12.1887093,46.5043376],[12.1892023,46.5042342],[12.1896851,46.5039754],[12.1896805,46.503919],[12.1896443,46.503471],[12.1904597,46.5038698],[12.1908223,46.503303],[12.1913265,46.5033621],[12.1917021,46.5035615],[12.191584,46.503015],[12.1914338,46.5028747],[12.1911978,46.5024759],[12.1902719,46.5022894],[12.1904704,46.5017651],[12.1910154,46.5020771],[12.191157,46.5022968],[12.1917042,46.5024815],[12.1924102,46.5017226],[12.1925518,46.5013589],[12.1932685,46.5015971],[12.1932685,46.5017153],[12.1926033,46.501767],[12.1926483,46.5020753],[12.1933328,46.5026458],[12.1936118,46.5033769],[12.194159,46.5039824],[12.1942341,46.5048464],[12.1940517,46.5050384],[12.1934294,46.5048612],[12.1933114,46.5051492],[12.193571,46.5056052],[12.1941321,46.506105],[12.194792,46.5066929],[12.1951613,46.5069329],[12.1957778,46.5073335],[12.1955453,46.5085853],[12.1962701,46.5089524],[12.1970019,46.5094108],[12.1986866,46.5104662],[12.199648,46.5106748],[12.1992514,46.5114748],[12.1993061,46.5120489],[12.2001677,46.5132724],[12.199836,46.5132841],[12.1988985,46.5133171],[12.1970343,46.5133827],[12.1957898,46.512157],[12.1952104,46.5123638],[12.1948671,46.512792],[12.1952426,46.5129101],[12.1956289,46.5132203],[12.1953714,46.5135673],[12.1949851,46.5148372],[12.1948027,46.5161293],[12.1950173,46.517185],[12.1954679,46.5180119],[12.1954465,46.5196287],[12.1976459,46.5206623],[12.201004,46.5217622],[12.2015726,46.5214596],[12.2022056,46.5214374],[12.2022271,46.521777],[12.2020125,46.5221018],[12.202431,46.5225447],[12.2039759,46.5228696],[12.2052848,46.5225595],[12.2055268,46.5234356],[12.2074842,46.523999],[12.2117007,46.5233974],[12.2132773,46.5227589],[12.2133417,46.5236299],[12.2146082,46.5238809],[12.2134575,46.5247229],[12.2125804,46.5253647],[12.2125053,46.5269222],[12.2127735,46.5276456],[12.2147584,46.5272248],[12.2159279,46.5269517],[12.2162793,46.5265258],[12.2170973,46.5255344],[12.2173669,46.5248454],[12.2183413,46.5249217],[12.2184612,46.5255557],[12.2184437,46.524972],[12.2190928,46.5252908],[12.2201443,46.525778],[12.2211523,46.5259036],[12.2212381,46.5267598],[12.2217317,46.5271437],[12.2215385,46.5275275],[12.2226972,46.5285314],[12.2220164,46.5289447],[12.222231,46.5296239],[12.2226655,46.5311591],[12.2233736,46.5314661],[12.2234268,46.5322958],[12.2242207,46.5324729],[12.2249503,46.5316167],[12.2254438,46.5315281],[12.2265382,46.5304653],[12.2270317,46.5303472],[12.2272034,46.5309081],[12.2260017,46.5317791],[12.2253795,46.5317939],[12.2239203,46.5331815],[12.2241778,46.5337424],[12.2223968,46.5347904],[12.2219514,46.5342433],[12.2218501,46.5341188],[12.2208094,46.5327312],[12.2182667,46.5319045],[12.2158742,46.5314322],[12.2147477,46.532185],[12.2128808,46.5330633],[12.2120225,46.5332848],[12.2115934,46.5335062],[12.2116565,46.532979],[12.2117114,46.5325208],[12.2114915,46.5319082],[12.2109979,46.5311738],[12.211175,46.53048],[12.2114056,46.5297714],[12.2111696,46.5291625],[12.2104883,46.529096],[12.2097319,46.5295168],[12.2100699,46.5305095],[12.2103488,46.5314026],[12.2104722,46.5318492],[12.2100162,46.5319857],[12.2097362,46.5318332],[12.2092438,46.531565],[12.2078705,46.5303102],[12.2070765,46.5292916],[12.2060466,46.5288488],[12.2047698,46.5285461],[12.2046393,46.5280618],[12.2044694,46.5274315],[12.2043612,46.527262],[12.2041757,46.5269714],[12.2037721,46.5263391],[12.2026455,46.5263538],[12.2017658,46.5264055],[12.2004247,46.5257338],[12.2000706,46.5253647],[12.1996736,46.5251211],[12.1990085,46.5254754],[12.1981931,46.5257928],[12.1970129,46.525564],[12.1962297,46.5250768],[12.1958327,46.5245674],[12.1958542,46.525468],[12.1954894,46.5255787],[12.1949208,46.5256895],[12.1947038,46.5258258],[12.1946611,46.5255617],[12.194615,46.5252761],[12.1937084,46.5254717],[12.1932256,46.524966],[12.1928179,46.5246929],[12.1925926,46.5250399],[12.1915626,46.5251358],[12.1910906,46.5256304],[12.1914831,46.525767],[12.1915144,46.5260955],[12.1920079,46.5262394],[12.1922439,46.5265088],[12.1921581,46.526841],[12.1920025,46.5270403],[12.1917826,46.5268668],[12.1913266,46.526686],[12.1907741,46.526686],[12.1902806,46.5264202],[12.189846,46.5261434],[12.1904254,46.5258851],[12.1907365,46.5252835],[12.1908921,46.5247815],[12.1914715,46.5244788],[12.1916217,46.5240691],[12.1914607,46.5234601],[12.1920025,46.5229618],[12.1923566,46.5224525],[12.1912301,46.5220243],[12.1904732,46.5218243],[12.1908975,46.5215112],[12.1921849,46.521371],[12.1916163,46.520522],[12.1908545,46.5196066],[12.1915197,46.5187428],[12.1906614,46.5180636],[12.1895134,46.5173622],[12.1892452,46.5168971],[12.1883011,46.5182703],[12.1879685,46.5194146],[12.188226,46.5200052],[12.1884084,46.520928],[12.1887785,46.521585],[12.1889394,46.5221387],[12.1886873,46.522338],[12.1876681,46.5221609],[12.187475,46.5218287],[12.1875179,46.521179],[12.186445,46.5209059],[12.1845889,46.521275],[12.1833444,46.5214226],[12.1817243,46.5216958],[12.1807694,46.5213931],[12.1797502,46.52112],[12.1789563,46.5214023],[12.1787738,46.5217102]]]},"properties":{"id":"e89de54e-6465-337a-bad8-cee1d3833e7c","version":0,"sources":[{"property":"","dataset":"OpenStreetMap","license":"ODbL-1.0","record_id":"w708948169@5","update_time":"2021-02-17T08:30:49.000Z","confidence":null,"between":null}],"subtype":"rock","class":"bare_rock","source_tags":[["natural","bare_rock"]]}}
{"type":"Feature","geometry":{"type":"Polygon","coordinates":[[[12.1970343,46.5133827],[12.1988985,46.5133171],[12.1983325,46.5137888],[12.1990786,46.5141102],[12.1995664,46.5143204],[12.2002101,46.5157601],[12.201165,46.5172662],[12.2020233,46.5177609],[12.2033,46.5180783],[12.2048342,46.5175246],[12.2058213,46.5170374],[12.2064972,46.5177535],[12.2075057,46.5185435],[12.2082138,46.5194811],[12.2082569,46.5203901],[12.2082782,46.5208394],[12.2062182,46.521179],[12.2044158,46.5217549],[12.2031069,46.5215481],[12.2026133,46.5209723],[12.2000813,46.5205589],[12.1978283,46.5187576],[12.1972051,46.5145391],[12.1970343,46.5133827]]]},"properties":{"id":"ef8d5f05-53e2-3f8f-a7e9-7c577c00a761","version":0,"sources":[{"property":"","dataset":"OpenStreetMap","license":"ODbL-1.0","record_id":"w708948167@4","update_time":"2022-10-01T19:35:19.000Z","confidence":null,"between":null}],"subtype":"rock","class":"bare_rock","source_tags":[["natural","bare_rock"]]}}
{"type":"Feature","geometry":{"type":"Polygon","coordinates":[[[12.1970343,46.5133827],[12.1972051,46.5145391],[12.1978283,46.5187576],[12.2000813,46.5205589],[12.2026133,46.5209723],[12.2031069,46.5215481],[12.2044158,46.5217549],[12.2062182,46.521179],[12.2082782,46.5208394],[12.2095222,46.5212086],[12.2097797,46.5218139],[12.2091575,46.5225079],[12.2107239,46.5227441],[12.2114105,46.5226112],[12.2132773,46.5227589],[12.2117007,46.5233974],[12.2074842,46.523999],[12.2055268,46.5234356],[12.2052848,46.5225595],[12.2039759,46.5228696],[12.202431,46.5225447],[12.2020125,46.5221018],[12.2022271,46.521777],[12.2022056,46.5214374],[12.2015726,46.5214596],[12.201004,46.5217622],[12.1976459,46.5206623],[12.1954465,46.5196287],[12.1954679,46.5180119],[12.1950173,46.517185],[12.1948027,46.5161293],[12.1949851,46.5148372],[12.1953714,46.5135673],[12.1956289,46.5132203],[12.1952426,46.5129101],[12.1948671,46.512792],[12.1952104,46.5123638],[12.1957898,46.512157],[12.1970343,46.5133827]]]},"properties":{"id":"849aee72-ab63-34c5-956c-325c96de0847","version":0,"sources":[{"property":"","dataset":"OpenStreetMap","license":"ODbL-1.0","record_id":"w842112572@1","update_time":"2020-08-29T10:23:28.000Z","confidence":null,"between":null}],"subtype":"rock","class":"scree","source_tags":[["natural","scree"]]}}
{"type":"Feature","geometry":{"type":"Polygon","coordinates":[[[12.194792,46.5066929],[12.1949208,46.5061834],[12.1950924,46.5059471],[12.1952319,46.5057034],[12.1950817,46.5050683],[12.1948564,46.5048172],[12.1953285,46.5042855],[12.1955967,46.5044185],[12.1956932,46.50512],[12.195704,46.5056886],[12.1951892,46.5062555],[12.194792,46.5066929]]]},"properties":{"id":"06710691-9a0d-3d4e-b370-c0fe2e9da3a7","version":0,"sources":[{"property":"","dataset":"OpenStreetMap","license":"ODbL-1.0","record_id":"w907476540@1","update_time":"2021-02-15T18:04:52.000Z","confidence":null,"between":null}],"subtype":"rock","class":"bare_rock","source_tags":[["natural","bare_rock"]]}}
{"type":"Feature","geometry":{"type":"Polygon","coordinates":[[[12.199648,46.5106748],[12.1986866,46.5104662],[12.1970019,46.5094108],[12.1962701,46.5089524],[12.197077,46.5082935],[12.1982258,46.5080112],[12.1988001,46.5081053],[12.1992514,46.5086512],[12.2002771,46.5094324],[12.2006327,46.5106183],[12.2001842,46.510644],[12.199648,46.5106748]]]},"properties":{"id":"730ebf50-91b2-32dc-bae0-02f84a5bdd80","version":0,"sources":[{"property":"","dataset":"OpenStreetMap","license":"ODbL-1.0","record_id":"w708948164@1","update_time":"2019-07-30T17:04:27.000Z","confidence":null,"between":null}],"subtype":"rock","class":"scree","source_tags":[["natural","scree"]]}}
{"type":"Feature","geometry":{"type":"Point","coordinates":[12.1973642,46.5104998]},"properties":{"id":"b20c683d-5504-3c5e-a394-74be36111d92","version":0,"sources":[{"property":"","dataset":"OpenStreetMap","license":"ODbL-1.0","record_id":"n434032395@2","update_time":"2022-10-01T19:35:19.000Z","confidence":null,"between":null}],"subtype":"physical","class":"saddle","names":{"primary":"Forcella Sora la Cengia del Banco","common":null,"rules":null},"source_tags":[["ele","2416"],["natural","saddle"]],"elevation":2416}}
{"type":"Feature","geometry":{"type":"Polygon","coordinates":[[[12.1995664,46.5143204],[12.1990786,46.5141102],[12.1983325,46.5137888],[12.1988985,46.5133171],[12.199836,46.5132841],[12.2001677,46.5132724],[12.2003636,46.5134831],[12.2008241,46.5139783],[12.201549,46.5145618],[12.2013575,46.5156723],[12.2017678,46.5166981],[12.2023968,46.5173286],[12.2031627,46.517385],[12.2041884,46.5170651],[12.2052414,46.5164157],[12.2058213,46.5170374],[12.2048342,46.5175246],[12.2033,46.5180783],[12.2020233,46.5177609],[12.201165,46.5172662],[12.2002101,46.5157601],[12.1995664,46.5143204]]]},"properties":{"id":"c8c0dbdf-aff9-312f-9bf6-3450bd62d86f","version":0,"sources":[{"property":"","dataset":"OpenStreetMap","license":"ODbL-1.0","record_id":"w708948166@2","update_time":"2022-10-01T19:35:19.000Z","confidence":null,"between":null}],"subtype":"rock","class":"scree","source_tags":[["natural","scree"]]}}
{"type":"Feature","geometry":{"type":"LineString","coordinates":[[12.1955752,46.5117362],[12.1953714,46.5126296],[12.1950281,46.5137519],[12.1944809,46.5148372],[12.1938801,46.5153097],[12.1936333,46.5155238],[12.1930754,46.5170669],[12.1927965,46.5174582],[12.1925336,46.5177018],[12.1922493,46.5176206],[12.1919274,46.5174065],[12.1915412,46.5172515],[12.1906185,46.5171998]]},"properties":{"id":"13ca488e-4cef-3470-88ba-054d70832dc7","version":0,"sources":[{"property":"","dataset":"OpenStreetMap","license":"ODbL-1.0","record_id":"w1099720069@1","update_time":"2022-10-01T19:35:19.000Z","confidence":null,"between":null}],"subtype":"physical","class":"cliff","source_tags":[["natural","cliff"]]}}
{"type":"Feature","geometry":{"type":"Polygon","coordinates":[[[12.1783661,46.5163651],[12.1777758,46.5166088],[12.1776151,46.5166752],[12.1767353,46.5165866],[12.1766709,46.5164242],[12.1774434,46.5162027],[12.1771644,46.5159369],[12.177467,46.5157073],[12.1778962,46.5158549],[12.1783897,46.5155891],[12.1787759,46.5155891],[12.1790763,46.5152791],[12.1792029,46.5153758],[12.178969,46.5155744],[12.1789454,46.515996],[12.1784519,46.5161879],[12.1783661,46.5163651]]]},"properties":{"id":"a9c50eb4-e5e4-3e47-b851-f217edb6529c","version":0,"sources":[{"property":"","dataset":"OpenStreetMap","license":"ODbL-1.0","record_id":"w842112566@1","update_time":"2020-08-29T10:23:28.000Z","confidence":null,"between":null}],"subtype":"rock","class":"bare_rock","source_tags":[["natural","bare_rock"]]}}
{"type":"Feature","geometry":{"type":"Polygon","coordinates":[[[12.1804475,46.5169853],[12.1799539,46.5165571],[12.1798488,46.5159583],[12.1792029,46.5153758],[12.1790763,46.5152791],[12.1781086,46.5148885],[12.1764799,46.5143045],[12.1771022,46.5148361],[12.1750831,46.5137367],[12.1743106,46.5135447],[12.1737527,46.5132789],[12.1740102,46.5129836],[12.1746131,46.5129459],[12.174611,46.5126144],[12.1754264,46.512895],[12.1749994,46.5121633],[12.1764349,46.5134266],[12.1766065,46.5132346],[12.1773576,46.5142388],[12.1780228,46.5147113],[12.1784111,46.5145555],[12.1796535,46.5147113],[12.1795462,46.5142092],[12.17916,46.5136924],[12.1794981,46.5131612],[12.179997,46.5138589],[12.1799648,46.5152654],[12.1805656,46.5159225],[12.1807051,46.5165427],[12.1806943,46.5172515],[12.1804583,46.5184622],[12.1802544,46.5190824],[12.1802223,46.5196509],[12.1808231,46.519769],[12.1796107,46.5198797],[12.1786472,46.5196792],[12.178497,46.5192806],[12.1754693,46.5186095],[12.1744415,46.518439],[12.1739458,46.5180632],[12.1738836,46.517804],[12.1745037,46.5181813],[12.1753191,46.5182699],[12.1747826,46.5179451],[12.1765636,46.5180189],[12.1752118,46.5174135],[12.1738385,46.5170591],[12.1720811,46.5158992],[12.1719288,46.5155087],[12.1740338,46.516859],[12.1746131,46.5170215],[12.1720146,46.5149476],[12.1701692,46.5132789],[12.1720361,46.513973],[12.172594,46.5143569],[12.1731969,46.5152938],[12.1749758,46.5168967],[12.176392,46.5175316],[12.1778103,46.5177893],[12.1779176,46.5180846],[12.1783875,46.5180189],[12.1792909,46.5180108],[12.1802136,46.517553],[12.1804475,46.5169853]]]},"properties":{"id":"8a05cbba-d8a0-325d-b379-fbe950515181","version":0,"sources":[{"property":"","dataset":"OpenStreetMap","license":"ODbL-1.0","record_id":"w842112567@1","update_time":"2020-08-29T10:23:28.000Z","confidence":null,"between":null}],"subtype":"rock","class":"scree","source_tags":[["natural","scree"]]}}
{"type":"Feature","geometry":{"type":"Polygon","coordinates":[[[12.1841705,46.512061],[12.1838271,46.5111602],[12.1836126,46.5102262],[12.1830556,46.5089752],[12.1840733,46.5102959],[12.1841717,46.5108952],[12.1842236,46.5112115],[12.1844494,46.5118691],[12.1841705,46.512061]]]},"properties":{"id":"234468cb-908b-3f1a-a2de-54fabd67316b","version":0,"sources":[{"property":"","dataset":"OpenStreetMap","license":"ODbL-1.0","record_id":"w907476665@1","update_time":"2021-02-15T18:05:17.000Z","confidence":null,"between":null}],"subtype":"rock","class":"scree","source_tags":[["natural","scree"]]}}
{"type":"Feature","geometry":{"type":"Polygon","coordinates":[[[12.1820143,46.5070403],[12.1824211,46.5074464],[12.183215,46.507476],[12.1839446,46.5091005],[12.1831083,46.5086128],[12.1819287,46.5079043],[12.1818857,46.507476],[12.1820143,46.5070403]]]},"properties":{"id":"0fc4a34d-2f40-368c-b8f2-a9d0e6263393","version":0,"sources":[{"property":"","dataset":"OpenStreetMap","license":"ODbL-1.0","record_id":"w842112543@1","update_time":"2020-08-29T10:23:28.000Z","confidence":null,"between":null}],"subtype":"shrub","class":"scrub","source_tags":[["natural","scrub"]]}}
{"type":"Feature","geometry":{"type":"Polygon","coordinates":[[[12.1794168,46.5119687],[12.1788602,46.5116258],[12.1785802,46.5110048],[12.1787529,46.510784],[12.1782369,46.5099563],[12.1768421,46.5092629],[12.1772611,46.5090414],[12.17754,46.5088125],[12.1773469,46.5081258],[12.1752226,46.5070329],[12.1762209,46.5071732],[12.1768432,46.5074612],[12.1762848,46.5074095],[12.1776366,46.5080815],[12.1788495,46.5083325],[12.1805119,46.509322],[12.1807485,46.5093515],[12.1806514,46.5091522],[12.1808129,46.50913],[12.1814882,46.5093442],[12.1816175,46.5095878],[12.1811986,46.5097425],[12.1803403,46.5098828],[12.1797824,46.510732],[12.180233,46.5114777],[12.1794168,46.5119687]]]},"properties":{"id":"23caf95b-ff11-38b0-ade7-cac50f7e9320","version":0,"sources":[{"property":"","dataset":"OpenStreetMap","license":"ODbL-1.0","record_id":"w842112564@1","update_time":"2020-08-29T10:23:28.000Z","confidence":null,"between":null}],"subtype":"rock","class":"scree","source_tags":[["natural","scree"]]}}
{"type":"Feature","geometry":{"type":"Polygon","coordinates":[[[12.1785158,46.5096617],[12.1788162,46.5091743],[12.1793537,46.5095435],[12.1790319,46.5104887],[12.1785158,46.5096617]]]},"properties":{"id":"a0f3c585-5d14-3db2-bf93-1deb2761c572","version":0,"sources":[{"property":"","dataset":"OpenStreetMap","license":"ODbL-1.0","record_id":"w260459122@1","update_time":"2014-02-07T13:43:00.000Z","confidence":null,"between":null}],"subtype":"shrub","class":"scrub","source_tags":[["natural","scrub"]]}}
{"type":"Feature","geometry":{"type":"Polygon","coordinates":[[[12.1768421,46.5092629],[12.1782369,46.5099563],[12.1787529,46.510784],[12.1785802,46.5110048],[12.1788602,46.5116258],[12.1781521,46.5113304],[12.1780437,46.5104436],[12.1775288,46.5100744],[12.1768421,46.5092629]]]},"properties":{"id":"6c06c5f8-e20a-37b7-9b72-08d5a90c95e3","version":0,"sources":[{"property":"","dataset":"OpenStreetMap","license":"ODbL-1.0","record_id":"w260459115@1","update_time":"2014-02-07T13:42:58.000Z","confidence":null,"between":null}],"subtype":"shrub","class":"scrub","source_tags":[["natural","scrub"]]}}
{"type":"Feature","geometry":{"type":"Polygon","coordinates":[[[12.169716,46.5051233],[12.1704805,46.5052828],[12.1714573,46.505785],[12.1708774,46.5052902],[12.1721654,46.5054379],[12.1735596,46.5055413],[12.1744716,46.5058474],[12.1753835,46.505785],[12.1774489,46.5066301],[12.1780175,46.5071359],[12.1791284,46.5076753],[12.177819,46.5075572],[12.1790099,46.5078633],[12.1805012,46.5080519],[12.1814566,46.508783],[12.1819442,46.5087531],[12.1830171,46.5096022],[12.1836126,46.5102262],[12.1838271,46.5111602],[12.1835053,46.5111381],[12.1833765,46.5113227],[12.1834838,46.5117509],[12.1834414,46.5121426],[12.1842139,46.5124232],[12.1847182,46.5131763],[12.1842885,46.5134713],[12.1840852,46.5135602],[12.1839886,46.5137079],[12.1836555,46.5134786],[12.1827655,46.5121205],[12.1822071,46.5112267],[12.1817565,46.5102668],[12.1811986,46.5097425],[12.1816175,46.5095878],[12.1814882,46.5093442],[12.1808129,46.50913],[12.1806514,46.5091522],[12.1807485,46.5093515],[12.1805119,46.509322],[12.1788495,46.5083325],[12.1776366,46.5080815],[12.1762848,46.5074095],[12.1768432,46.5074612],[12.1762209,46.5071732],[12.1752226,46.5070329],[12.1773469,46.5081258],[12.17754,46.5088125],[12.1772611,46.5090414],[12.1763169,46.5085393],[12.175148,46.5080741],[12.1738708,46.5080889],[12.1731197,46.5078156],[12.1708023,46.50738],[12.1703624,46.5070551],[12.1709096,46.5069148],[12.1697187,46.5059843],[12.1699118,46.5056594],[12.1704703,46.5055413],[12.169716,46.5051233]]]},"properties":{"id":"bf1eb4f0-f8b2-32ef-acd1-4f53f50f101f","version":0,"sources":[{"property":"","dataset":"OpenStreetMap","license":"ODbL-1.0","record_id":"w260459127@3","update_time":"2020-08-29T10:23:28.000Z","confidence":null,"between":null}],"subtype":"shrub","class":"scrub","source_tags":[["natural","scrub"]]}}
{"type":"Feature","geometry":{"type":"Polygon","coordinates":[[[12.1773597,46.5132856],[12.176907,46.5126735],[12.1761989,46.5123486],[12.1763491,46.5119647],[12.1774434,46.5120385],[12.1768447,46.5111148],[12.1765872,46.5102878],[12.1755787,46.5097045],[12.1745788,46.5089155],[12.1739887,46.5086718],[12.1726905,46.5085389],[12.1720811,46.50856],[12.1713516,46.5082351],[12.1696457,46.5078954],[12.1693002,46.5076602],[12.1666878,46.5073132],[12.1670258,46.5071732],[12.1678524,46.5072249],[12.1684205,46.5074169],[12.1695368,46.5074981],[12.1697836,46.5077197],[12.1721225,46.5080298],[12.1726375,46.5079929],[12.1738708,46.5080889],[12.175148,46.5080741],[12.1763169,46.5085393],[12.1772611,46.5090414],[12.1768421,46.5092629],[12.1775288,46.5100744],[12.1780437,46.5104436],[12.1781521,46.5113304],[12.1788602,46.5116258],[12.1794168,46.5119687],[12.1787846,46.512349],[12.1773597,46.5132856]]]},"properties":{"id":"61e19b1a-e222-3252-847c-5101f7f8498b","version":0,"sources":[{"property":"","dataset":"OpenStreetMap","license":"ODbL-1.0","record_id":"w842112565@1","update_time":"2020-08-29T10:23:28.000Z","confidence":null,"between":null}],"subtype":"rock","class":"scree","source_tags":[["natural","scree"]]}}
{"type":"Feature","geometry":{"type":"Polygon","coordinates":[[[12.1727047,46.5052103],[12.1727013,46.5048324],[12.1715963,46.5042671],[12.170105,46.5034437],[12.1715748,46.5039422],[12.1724438,46.5041677],[12.1717679,46.5031856],[12.1733075,46.5031372],[12.1740264,46.5030634],[12.1741337,46.502528],[12.1741926,46.5022624],[12.1746974,46.5025431],[12.1764359,46.5040904],[12.1765213,46.5043819],[12.1778941,46.5053563],[12.1782003,46.5063942],[12.1791718,46.5073322],[12.1809313,46.5076202],[12.1815097,46.5077267],[12.1819287,46.5079043],[12.1831083,46.5086128],[12.1830556,46.5089752],[12.1836126,46.5102262],[12.1830171,46.5096022],[12.1819442,46.5087531],[12.1814566,46.508783],[12.1805012,46.5080519],[12.1790099,46.5078633],[12.177819,46.5075572],[12.1791284,46.5076753],[12.1780175,46.5071359],[12.1774489,46.5066301],[12.1753835,46.505785],[12.1744716,46.5058474],[12.1735596,46.5055413],[12.1721654,46.5054379],[12.1727047,46.5052103]]]},"properties":{"id":"1ee86d9c-da6e-39d1-a090-dcab1c890af0","version":0,"sources":[{"property":"","dataset":"OpenStreetMap","license":"ODbL-1.0","record_id":"w396618168@2","update_time":"2020-08-29T10:23:28.000Z","confidence":null,"between":null}],"subtype":"rock","class":"scree","source_tags":[["natural","scree"]]}}
{"type":"Feature","geometry":{"type":"Polygon","coordinates":[[[12.1817141,46.507092],[12.1816057,46.5072101],[12.1815097,46.5077267],[12.1809313,46.5076202],[12.1791718,46.5073322],[12.1798043,46.5068483],[12.1807694,46.5061468],[12.1814126,46.506324],[12.181713,46.5066785],[12.1817141,46.507092]]]},"properties":{"id":"1f2a6051-6121-3d08-a698-58f7e0cc0d2c","version":0,"sources":[{"property":"","dataset":"OpenStreetMap","license":"ODbL-1.0","record_id":"w260459123@2","update_time":"2020-08-29T10:23:28.000Z","confidence":null,"between":null}],"subtype":"shrub","class":"scrub","source_tags":[["natural","scrub"]]}}
{"type":"Feature","geometry":{"type":"Polygon","coordinates":[[[12.1830556,46.5089752],[12.1838706,46.5092112],[12.1837413,46.5093442],[12.1837842,46.5095066],[12.1841704,46.5096469],[12.1840095,46.509809],[12.1840959,46.5100752],[12.1843958,46.5100083],[12.1844601,46.5101412],[12.1850615,46.5102081],[12.1855652,46.5108427],[12.1857481,46.5106806],[12.1854477,46.5103336],[12.1854477,46.5098832],[12.1851044,46.5096543],[12.1851688,46.5093294],[12.1848254,46.5091891],[12.1852546,46.5089823],[12.1849435,46.5087534],[12.1843314,46.5085171],[12.1844601,46.5084433],[12.1853935,46.5086205],[12.1859836,46.5086279],[12.1860914,46.5087903],[12.1865844,46.5089306],[12.1873462,46.5089823],[12.1873784,46.5088199],[12.1862738,46.5087313],[12.1866172,46.5083399],[12.1863597,46.5078304],[12.1864664,46.5076606],[12.1862524,46.507284],[12.1859407,46.5072323],[12.186048,46.5074169],[12.1857261,46.5073947],[12.1855545,46.5073135],[12.1857052,46.5071585],[12.1850395,46.5069222],[12.1851253,46.5071068],[12.1848576,46.507284],[12.1841061,46.5075129],[12.1846752,46.5077123],[12.1856403,46.507535],[12.1858661,46.5076532],[12.1853721,46.5077935],[12.1853726,46.5079707],[12.1849107,46.5080741],[12.1852009,46.5082587],[12.1849113,46.508399],[12.1846216,46.5082513],[12.1839666,46.5080593],[12.1847933,46.5079559],[12.1835058,46.5076163],[12.1833551,46.5072618],[12.1835594,46.5070255],[12.1843426,46.5070255],[12.1846211,46.5067375],[12.1836662,46.5059474],[12.1831405,46.5055856],[12.1844607,46.5058588],[12.1851366,46.5054379],[12.1856194,46.5052754],[12.1857583,46.5054527],[12.185533,46.5056373],[12.1854686,46.5060656],[12.1859836,46.5060286],[12.1856516,46.5063979],[12.1850395,46.5065529],[12.1861773,46.5069148],[12.186402,46.5072101],[12.186799,46.5069222],[12.1867561,46.5067597],[12.1872389,46.5065899],[12.1875178,46.5068335],[12.1877866,46.5068409],[12.1874004,46.5063388],[12.1866488,46.5061173],[12.1863269,46.5059326],[12.1857481,46.5058514],[12.1857583,46.5056299],[12.1859836,46.505689],[12.1862631,46.5056963],[12.1863055,46.50546],[12.1869605,46.505593],[12.187078,46.5057333],[12.187078,46.5060877],[12.1874535,46.5061025],[12.1877968,46.5056299],[12.1882581,46.505497],[12.1887517,46.5055265],[12.1890848,46.5052533],[12.1889882,46.5051794],[12.1890419,46.5050022],[12.1893847,46.5049431],[12.1887624,46.5046404],[12.1897387,46.504441],[12.1900284,46.5046551],[12.1899967,46.5050982],[12.1892135,46.5057037],[12.1881938,46.5060213],[12.1886658,46.5064126],[12.1887415,46.5071658],[12.1883123,46.506996],[12.1880012,46.5072471],[12.1877115,46.5070181],[12.1875393,46.5071954],[12.1883654,46.5076975],[12.1879041,46.5077344],[12.1880114,46.5081036],[12.1870131,46.5079486],[12.1882587,46.5083473],[12.1887082,46.5086574],[12.1880216,46.5088494],[12.188558,46.508879],[12.188558,46.5091005],[12.1874851,46.5089971],[12.1880645,46.5094844],[12.188087,46.5102081],[12.1873349,46.5103993],[12.1866279,46.5099718],[12.1855765,46.5099866],[12.1870989,46.5105765],[12.1863693,46.51099],[12.1861977,46.5122452],[12.1856145,46.5119398],[12.1842236,46.5112115],[12.1841717,46.5108952],[12.1840733,46.5102959],[12.1830556,46.5089752]]]},"properties":{"id":"a17069d3-d374-34c5-9359-a578d1ae6683","version":0,"sources":[{"property":"","dataset":"OpenStreetMap","license":"ODbL-1.0","record_id":"w260459133@3","update_time":"2021-02-15T18:05:17.000Z","confidence":null,"between":null}],"subtype":"shrub","class":"scrub","source_tags":[["natural","scrub"]]}}
{"type":"Feature","geometry":{"type":"Polygon","coordinates":[[[12.1831083,46.5086128],[12.1839446,46.5091005],[12.183215,46.507476],[12.1824211,46.5074464],[12.1820143,46.5070403],[12.1821733,46.5068274],[12.1821963,46.5067966],[12.1825826,46.5071068],[12.1833551,46.5072618],[12.1835058,46.5076163],[12.1847933,46.5079559],[12.1839666,46.5080593],[12.1846216,46.5082513],[12.1849113,46.508399],[12.1852009,46.5082587],[12.1849107,46.5080741],[12.1853726,46.5079707],[12.1853721,46.5077935],[12.1858661,46.5076532],[12.1856403,46.507535],[12.1846752,46.5077123],[12.1841061,46.5075129],[12.1848576,46.507284],[12.1851253,46.5071068],[12.1850395,46.5069222],[12.1857052,46.5071585],[12.1855545,46.5073135],[12.1857261,46.5073947],[12.186048,46.5074169],[12.1859407,46.5072323],[12.1862524,46.507284],[12.1864664,46.5076606],[12.1863597,46.5078304],[12.1866172,46.5083399],[12.1862738,46.5087313],[12.1873784,46.5088199],[12.1873462,46.5089823],[12.1865844,46.5089306],[12.1860914,46.5087903],[12.1859836,46.5086279],[12.1853935,46.5086205],[12.1844601,46.5084433],[12.1843314,46.5085171],[12.1849435,46.5087534],[12.1852546,46.5089823],[12.1848254,46.5091891],[12.1851688,46.5093294],[12.1851044,46.5096543],[12.1854477,46.5098832],[12.1854477,46.5103336],[12.1857481,46.5106806],[12.1855652,46.5108427],[12.1850615,46.5102081],[12.1844601,46.5101412],[12.1843958,46.5100083],[12.1840959,46.5100752],[12.1840095,46.509809],[12.1841704,46.5096469],[12.1837842,46.5095066],[12.1837413,46.5093442],[12.1838706,46.5092112],[12.1830556,46.5089752],[12.1831083,46.5086128]]]},"properties":{"id":"77232dc9-e8e7-3808-a3ff-bc0da1894bed","version":0,"sources":[{"property":"","dataset":"OpenStreetMap","license":"ODbL-1.0","record_id":"w842112542@1","update_time":"2020-08-29T10:23:28.000Z","confidence":null,"between":null}],"subtype":"rock","class":"bare_rock","source_tags":[["natural","bare_rock"]]}}
{"type":"Feature","geometry":{"type":"Polygon","coordinates":[[[12.194792,46.5066929],[12.1941321,46.506105],[12.1944058,46.5056738],[12.1948242,46.5053932],[12.1948564,46.5048172],[12.1950817,46.5050683],[12.1952319,46.5057034],[12.1950924,46.5059471],[12.1949208,46.5061834],[12.194792,46.5066929]]]},"properties":{"id":"1f3c1460-19e1-36c6-a4bc-41aeb5c58123","version":0,"sources":[{"property":"","dataset":"OpenStreetMap","license":"ODbL-1.0","record_id":"w907476541@1","update_time":"2021-02-15T18:04:52.000Z","confidence":null,"between":null}],"subtype":"grass","class":"grassland","source_tags":[["natural","grassland"]]}}
{"type":"Feature","geometry":{"type":"Polygon","coordinates":[[[12.189685,46.5030445],[12.1902344,46.5031387],[12.1910691,46.5031332],[12.1907221,46.5027659],[12.1902719,46.5022894],[12.1911978,46.5024759],[12.1914338,46.5028747],[12.191584,46.503015],[12.1917021,46.5035615],[12.1913265,46.5033621],[12.1908223,46.503303],[12.1904597,46.5038698],[12.1896443,46.503471],[12.189685,46.5030445]]]},"properties":{"id":"414ff022-c206-3d65-aa6b-1f0ebb60e65c","version":0,"sources":[{"property":"","dataset":"OpenStreetMap","license":"ODbL-1.0","record_id":"w261751855@2","update_time":"2021-02-15T18:04:52.000Z","confidence":null,"between":null}],"subtype":"shrub","class":"scrub","source_tags":[["natural","scrub"]]}}
{"type":"Feature","geometry":{"type":"Polygon","coordinates":[[[12.1902719,46.5022894],[12.1907221,46.5027659],[12.1910691,46.5031332],[12.1902344,46.5031387],[12.189685,46.5030445],[12.1900458,46.5025804],[12.1902719,46.5022894]]]},"properties":{"id":"5c24000a-150a-3bf1-96dd-1bc4a2173fc4","version":0,"sources":[{"property":"","dataset":"OpenStreetMap","license":"ODbL-1.0","record_id":"w907476543@1","update_time":"2021-02-15T18:04:52.000Z","confidence":null,"between":null}],"subtype":"rock","class":"bare_rock","source_tags":[["natural","bare_rock"]]}}
{"type":"Feature","geometry":{"type":"Polygon","coordinates":[[[12.1908652,46.4986806],[12.1912729,46.4993594],[12.1912085,46.4995514],[12.1917686,46.5005466],[12.1924745,46.500866],[12.192732,46.5006814],[12.1925067,46.5004746],[12.193099,46.5003472],[12.1937835,46.500733],[12.1940324,46.5009528],[12.1942448,46.5016414],[12.1944401,46.5018094],[12.1943521,46.5021879],[12.1947061,46.5024021],[12.1950173,46.5033252],[12.1947383,46.5034876],[12.1942255,46.5033824],[12.194365,46.503951],[12.1951267,46.5041061],[12.1943628,46.5049941],[12.1944937,46.5052876],[12.1940731,46.5054815],[12.193571,46.5056052],[12.1933114,46.5051492],[12.1934294,46.5048612],[12.1940517,46.5050384],[12.1942341,46.5048464],[12.194159,46.5039824],[12.1936118,46.5033769],[12.1933328,46.5026458],[12.1926483,46.5020753],[12.1926033,46.501767],[12.1932685,46.5017153],[12.1932685,46.5015971],[12.1925518,46.5013589],[12.1924102,46.5017226],[12.1917042,46.5024815],[12.191157,46.5022968],[12.1910154,46.5020771],[12.1904704,46.5017651],[12.1905541,46.5014058],[12.1907263,46.5015018],[12.1915202,46.5011842],[12.1917241,46.5009479],[12.1908121,46.4993379],[12.1908652,46.4986806]]]},"properties":{"id":"f4b1b7d4-669b-32ed-9599-ac07c643257b","version":0,"sources":[{"property":"","dataset":"OpenStreetMap","license":"ODbL-1.0","record_id":"w261751876@1","update_time":"2014-02-15T21:26:36.000Z","confidence":null,"between":null}],"subtype":"shrub","class":"scrub","source_tags":[["natural","scrub"]]}}
{"type":"Feature","geometry":{"type":"Polygon","coordinates":[[[12.1961116,46.5020328],[12.1954164,46.5023338],[12.1959185,46.501863],[12.1957468,46.501538],[12.1952447,46.5017134],[12.1948993,46.5016857],[12.1944916,46.501014],[12.1940324,46.5009528],[12.1937835,46.500733],[12.193099,46.5003472],[12.1925067,46.5004746],[12.1925767,46.500305],[12.1927376,46.5002755],[12.1928825,46.5002275],[12.1929898,46.500161],[12.1931507,46.5001499],[12.1933063,46.5001204],[12.1934726,46.5001241],[12.1936228,46.5000871],[12.1935906,46.5000281],[12.1934726,46.4999579],[12.1933545,46.4998804],[12.1933277,46.4997733],[12.1932741,46.4996699],[12.1932473,46.4995628],[12.1931292,46.4994889],[12.1928342,46.4994114],[12.192684,46.4993782],[12.1923675,46.4993745],[12.1922119,46.499404],[12.1920564,46.4994188],[12.1919222,46.4993597],[12.1918096,46.4992785],[12.1917399,46.4991788],[12.1915843,46.4991677],[12.1915818,46.4990051],[12.1920025,46.4990492],[12.192051,46.4990495],[12.1921636,46.4991271],[12.1922709,46.4992046],[12.1926143,46.4992748],[12.1927698,46.4992378],[12.1929308,46.4992378],[12.1930488,46.4993154],[12.1931292,46.4994114],[12.1932955,46.4994262],[12.1934511,46.4994631],[12.1935906,46.4995222],[12.1937515,46.4995074],[12.1938642,46.4994225],[12.1940358,46.4994299],[12.1941163,46.4995259],[12.1941163,46.4996366],[12.1940466,46.4997363],[12.1939124,46.499788],[12.1937891,46.4998508],[12.1937837,46.4998804],[12.1938105,46.4999874],[12.1939232,46.500065],[12.194068,46.5001167],[12.1942021,46.5001832],[12.1943362,46.500257],[12.1944006,46.5003567],[12.1946527,46.5006078],[12.1949853,46.5006226],[12.1951355,46.5006558],[12.1952696,46.5007149],[12.1954306,46.5007444],[12.1955486,46.5008183],[12.1956237,46.5009106],[12.1959507,46.5011983],[12.1961601,46.501254],[12.1962728,46.5013315],[12.196364,46.5014202],[12.1964927,46.5014829],[12.1966429,46.5015272],[12.1968039,46.5015457],[12.1967717,46.5014792],[12.1965464,46.5013242],[12.1964605,46.5012318],[12.1963962,46.5011285],[12.1965356,46.5011506],[12.1966537,46.5012245],[12.1967878,46.5012909],[12.1970184,46.5013869],[12.197174,46.5013537],[12.1973188,46.5012983],[12.1974369,46.5013722],[12.1974851,46.5014755],[12.1975924,46.5015568],[12.1976139,46.5016676],[12.1976085,46.5017783],[12.1976622,46.5018817],[12.1976246,46.5019851],[12.1974744,46.5019482],[12.197174,46.5018928],[12.1970184,46.5018891],[12.1968951,46.5018226],[12.1966912,46.5016528],[12.1965356,46.5016639],[12.1965893,46.5017673],[12.1965678,46.5018743],[12.1965464,46.5019814],[12.1961116,46.5020328]]]},"properties":{"id":"8228f051-df27-37a4-9518-46f003865692","version":0,"sources":[{"property":"","dataset":"OpenStreetMap","license":"ODbL-1.0","record_id":"w907476537@1","update_time":"2021-02-15T18:04:52.000Z","confidence":null,"between":null}],"subtype":"rock","class":"bare_rock","source_tags":[["natural","bare_rock"]]}}
{"type":"Feature","geometry":{"type":"Polygon","coordinates":[[[12.1928825,46.5002275],[12.1927376,46.5002755],[12.1925767,46.500305],[12.1924372,46.5002496],[12.1922817,46.5002312],[12.1921529,46.5001647],[12.1920295,46.5000871],[12.1919115,46.5000059],[12.1918203,46.4999173],[12.1917399,46.4998213],[12.1916379,46.49974],[12.1915521,46.499644],[12.1913858,46.4993302],[12.1914609,46.4992341],[12.1915843,46.4991677],[12.1917399,46.4991788],[12.1918096,46.4992785],[12.1919222,46.4993597],[12.1920564,46.4994188],[12.1922119,46.499404],[12.1923675,46.4993745],[12.192684,46.4993782],[12.1928342,46.4994114],[12.1931292,46.4994889],[12.1932473,46.4995628],[12.1932741,46.4996699],[12.1933277,46.4997733],[12.1933545,46.4998804],[12.1934726,46.4999579],[12.1935906,46.5000281],[12.1936228,46.5000871],[12.1934726,46.5001241],[12.1933063,46.5001204],[12.1931507,46.5001499],[12.1929898,46.500161],[12.1928825,46.5002275]]]},"properties":{"id":"912ee5d7-41ef-3a2a-829a-13b05ae39613","version":0,"sources":[{"property":"","dataset":"OpenStreetMap","license":"ODbL-1.0","record_id":"w436848005@1","update_time":"2016-08-12T09:54:51.000Z","confidence":null,"between":null}],"subtype":"shrub","class":"scrub","source_tags":[["natural","scrub"]]}}
{"type":"Feature","geometry":{"type":"Polygon","coordinates":[[[12.1840637,46.4995373],[12.1829801,46.4988431],[12.1817457,46.4980233],[12.181102,46.4977427],[12.1825831,46.4979938],[12.1843958,46.4989834],[12.1861344,46.499493],[12.1841383,46.4975876],[12.1839773,46.4973217],[12.1835804,46.4969894],[12.1833551,46.4963985],[12.1845894,46.4973217],[12.1849649,46.4974177],[12.1861558,46.4986511],[12.1868317,46.4992345],[12.1871638,46.4998032],[12.1874325,46.5007042],[12.1882801,46.5013467],[12.1893954,46.5019375],[12.1898895,46.5024249],[12.1898353,46.5021443],[12.1900397,46.5022181],[12.1897602,46.5016938],[12.1901148,46.5016938],[12.1898996,46.5010365],[12.1893417,46.500335],[12.1899967,46.5007855],[12.1901791,46.5007485],[12.1905541,46.5014058],[12.1907263,46.5015018],[12.1904704,46.5017651],[12.1902719,46.5022894],[12.1900458,46.5025804],[12.189685,46.5030445],[12.1896443,46.503471],[12.1896805,46.503919],[12.1896851,46.5039754],[12.1892023,46.5042342],[12.1890306,46.5038797],[12.1892994,46.5030896],[12.1888809,46.5026686],[12.18755,46.501583],[12.1865308,46.5006599],[12.1855867,46.500106],[12.1840637,46.4995373]]]},"properties":{"id":"50435a32-e6b5-34b9-8547-2f15dd2c2b9d","version":0,"sources":[{"property":"","dataset":"OpenStreetMap","license":"ODbL-1.0","record_id":"w842112563@2","update_time":"2021-02-15T18:04:52.000Z","confidence":null,"between":null}],"subtype":"rock","class":"scree","source_tags":[["natural","scree"]]}}
{"type":"Feature","geometry":{"type":"Polygon","coordinates":[[[12.1815097,46.5077267],[12.1816057,46.5072101],[12.1817141,46.507092],[12.181713,46.5066785],[12.1814126,46.506324],[12.1807694,46.5061468],[12.1800398,46.5056299],[12.1799111,46.5049357],[12.179107,46.5033037],[12.1792781,46.5028754],[12.1788275,46.5018341],[12.1788168,46.5014132],[12.1792459,46.5011695],[12.1793317,46.5018711],[12.1797824,46.5026022],[12.1805334,46.5037616],[12.1806412,46.5043228],[12.1805017,46.5051277],[12.1806734,46.5057997],[12.1811025,46.5060065],[12.1821427,46.5061616],[12.1827655,46.5064496],[12.1825981,46.5065516],[12.1821963,46.5067966],[12.1821733,46.5068274],[12.1820143,46.5070403],[12.1818857,46.507476],[12.1819287,46.5079043],[12.1815097,46.5077267]]]},"properties":{"id":"d11b0cb2-b9af-3b54-b450-29712a2a5632","version":0,"sources":[{"property":"","dataset":"OpenStreetMap","license":"ODbL-1.0","record_id":"w842112541@1","update_time":"2020-08-29T10:23:28.000Z","confidence":null,"between":null}],"subtype":"rock","class":"scree","source_tags":[["natural","scree"]]}}
{"type":"Feature","geometry":{"type":"Polygon","coordinates":[[[12.1785163,46.4981563],[12.1783983,46.4979643],[12.1779692,46.4978682],[12.1771329,46.4972626],[12.1778082,46.4967013],[12.1780872,46.4963763],[12.1784418,46.4963468],[12.17871,46.4969746],[12.1796756,46.4974768],[12.1795892,46.4985329],[12.179858,46.4991976],[12.179557,46.4997146],[12.179335,46.5007526],[12.1792459,46.5011695],[12.1788168,46.5014132],[12.1791172,46.500719],[12.1790635,46.4996998],[12.1787667,46.4994302],[12.178291,46.4989982],[12.1782916,46.4988284],[12.1781891,46.498433],[12.1779268,46.4981858],[12.1785163,46.4981563]]]},"properties":{"id":"ef746099-61fd-36b6-98c6-6311f4c3e83b","version":0,"sources":[{"property":"","dataset":"OpenStreetMap","license":"ODbL-1.0","record_id":"w842112540@1","update_time":"2020-08-29T10:23:28.000Z","confidence":null,"between":null}],"subtype":"shrub","class":"scrub","source_tags":[["natural","scrub"]]}}
{"type":"Feature","geometry":{"type":"Polygon","coordinates":[[[12.1673964,46.4972331],[12.1672355,46.4965868],[12.1673369,46.4960438],[12.1677559,46.4957375],[12.1683615,46.4954973],[12.1696061,46.4954456],[12.1702605,46.4952646],[12.170717,46.4952943],[12.1712105,46.4952463],[12.1718967,46.495106],[12.1732705,46.4950838],[12.1743112,46.4948696],[12.1743106,46.4947145],[12.1745574,46.4944856],[12.1752119,46.4942123],[12.1762418,46.4940202],[12.1770894,46.4935919],[12.1775727,46.4935328],[12.1775084,46.4931708],[12.1771967,46.4931191],[12.1770572,46.4926907],[12.1773474,46.4925282],[12.1781087,46.4923953],[12.1786773,46.492447],[12.1791606,46.4922476],[12.1788704,46.4914646],[12.1790211,46.4913169],[12.1790742,46.4909845],[12.1796101,46.4907075],[12.1801404,46.4905207],[12.1808217,46.4901707],[12.18225,46.4913531],[12.1824549,46.4915226],[12.1826046,46.4918683],[12.1825901,46.4919266],[12.1830273,46.4923369],[12.1834409,46.4926169],[12.1840846,46.4934515],[12.1834838,46.493001],[12.1840846,46.493939],[12.1835911,46.4945151],[12.1851188,46.4947439],[12.1859085,46.4948622],[12.1863382,46.4951429],[12.1860318,46.49511],[12.185651,46.4950691],[12.1859407,46.4952832],[12.1856832,46.4954236],[12.1862738,46.4956082],[12.1862197,46.4956969],[12.1865206,46.4957486],[12.1866172,46.4956304],[12.1876502,46.4959567],[12.188698,46.4962877],[12.1899211,46.4971666],[12.1902724,46.49773],[12.1908652,46.4986806],[12.1908121,46.4993379],[12.1917241,46.5009479],[12.1915202,46.5011842],[12.1907263,46.5015018],[12.1905541,46.5014058],[12.1901791,46.5007485],[12.1899967,46.5007855],[12.1893417,46.500335],[12.1898996,46.5010365],[12.1901148,46.5016938],[12.1897602,46.5016938],[12.1900397,46.5022181],[12.1898353,46.5021443],[12.1898895,46.5024249],[12.1893954,46.5019375],[12.1882801,46.5013467],[12.1874325,46.5007042],[12.1871638,46.4998032],[12.1868317,46.4992345],[12.1861558,46.4986511],[12.1849649,46.4974177],[12.1845894,46.4973217],[12.1833551,46.4963985],[12.1835804,46.4969894],[12.1839773,46.4973217],[12.1841383,46.4975876],[12.1861344,46.499493],[12.1843958,46.4989834],[12.1825831,46.4979938],[12.181102,46.4977427],[12.1817457,46.4980233],[12.1829801,46.4988431],[12.1840637,46.4995373],[12.1855867,46.500106],[12.1865308,46.5006599],[12.18755,46.501583],[12.1888809,46.5026686],[12.1892994,46.5030896],[12.1890306,46.5038797],[12.1892023,46.5042342],[12.1887093,46.5043376],[12.1881508,46.5042859],[12.1881299,46.5044336],[12.1875061,46.5046777],[12.1869599,46.5048914],[12.1864884,46.5048767],[12.1862733,46.5050391],[12.1859514,46.5048619],[12.1858545,46.5051585],[12.1857583,46.5054527],[12.1856194,46.5052754],[12.1851366,46.5054379],[12.1844607,46.5058588],[12.1831405,46.5055856],[12.1836662,46.5059474],[12.1846211,46.5067375],[12.1843426,46.5070255],[12.1835594,46.5070255],[12.1833551,46.5072618],[12.1825826,46.5071068],[12.1821963,46.5067966],[12.1825981,46.5065516],[12.1827655,46.5064496],[12.1821427,46.5061616],[12.1811025,46.5060065],[12.1806734,46.5057997],[12.1805017,46.5051277],[12.1806412,46.5043228],[12.1805334,46.5037616],[12.1797824,46.5026022],[12.1793317,46.5018711],[12.1792459,46.5011695],[12.179335,46.5007526],[12.179557,46.4997146],[12.179858,46.4991976],[12.1795892,46.4985329],[12.1796756,46.4974768],[12.17871,46.4969746],[12.1784418,46.4963468],[12.1780872,46.4963763],[12.1778082,46.4967013],[12.1771329,46.4972626],[12.1779692,46.4978682],[12.1783983,46.4979643],[12.1785163,46.4981563],[12.1779268,46.4981858],[12.1772182,46.4975802],[12.1769505,46.497499],[12.1758556,46.4976688],[12.1753513,46.4976467],[12.1750187,46.4979126],[12.1747934,46.4984517],[12.1743428,46.4990204],[12.1742039,46.4996038],[12.1748256,46.4998328],[12.1756196,46.4999583],[12.1769714,46.4996924],[12.178291,46.4989982],[12.1787667,46.4994302],[12.1790635,46.4996998],[12.1791172,46.500719],[12.1788168,46.5014132],[12.1788275,46.5018341],[12.1792781,46.5028754],[12.179107,46.5033037],[12.1799111,46.5049357],[12.1800398,46.5056299],[12.1807694,46.5061468],[12.1798043,46.5068483],[12.1791718,46.5073322],[12.1782003,46.5063942],[12.1778941,46.5053563],[12.1765213,46.5043819],[12.1764359,46.5040904],[12.1746974,46.5025431],[12.1741926,46.5022624],[12.1741337,46.502528],[12.1740264,46.5030634],[12.1733075,46.5031372],[12.1717679,46.5031856],[12.1724438,46.5041677],[12.1715748,46.5039422],[12.1696114,46.5027274],[12.1682167,46.5024837],[12.167691,46.501723],[12.168045,46.5009993],[12.1686351,46.5002829],[12.1693003,46.5000466],[12.1693969,46.4993154],[12.1693969,46.4988871],[12.1701908,46.4981559],[12.170223,46.4975503],[12.1686566,46.4977054],[12.167809,46.4980082],[12.1672404,46.4977128],[12.1673964,46.4972331]]]},"properties":{"id":"b4930bcf-f6fa-3f53-8aec-57b9cc53cfe5","version":0,"sources":[{"property":"","dataset":"OpenStreetMap","license":"ODbL-1.0","record_id":"w260459120@6","update_time":"2021-02-27T18:14:59.000Z","confidence":null,"between":null}],"subtype":"forest","class":"forest","source_tags":[["landuse","forest"],["leaf_type","needleleaved"]]}}
{"type":"Feature","geometry":{"type":"Polygon","coordinates":[[[12.188698,46.4962877],[12.1876502,46.4959567],[12.1873753,46.4957724],[12.1865791,46.4952386],[12.1863382,46.4951429],[12.1859085,46.4948622],[12.1852648,46.494319],[12.1848196,46.4939128],[12.184428,46.4933773],[12.1840846,46.4934515],[12.1834409,46.4926169],[12.1830273,46.4923369],[12.1825901,46.4919266],[12.1826046,46.4918683],[12.1827757,46.491944],[12.1840095,46.4930224],[12.1847176,46.4929116],[12.185106,46.4933899],[12.1855578,46.4937825],[12.1863323,46.4944557],[12.1873033,46.4952681],[12.188639,46.4959328],[12.1895592,46.4964622],[12.1897817,46.4965902],[12.1903717,46.4968853],[12.1908566,46.4974743],[12.1908867,46.4976681],[12.1907708,46.4978657],[12.1911248,46.4982941],[12.1911334,46.4987612],[12.1915089,46.4989975],[12.1915818,46.4990051],[12.1915843,46.4991677],[12.1914609,46.4992341],[12.1913858,46.4993302],[12.1915521,46.499644],[12.1916379,46.49974],[12.1917399,46.4998213],[12.1918203,46.4999173],[12.1919115,46.5000059],[12.1920295,46.5000871],[12.1921529,46.5001647],[12.1922817,46.5002312],[12.1924372,46.5002496],[12.1925767,46.500305],[12.1925067,46.5004746],[12.192732,46.5006814],[12.1924745,46.500866],[12.1917686,46.5005466],[12.1912085,46.4995514],[12.1912729,46.4993594],[12.1908652,46.4986806],[12.1902724,46.49773],[12.1899211,46.4971666],[12.188698,46.4962877]]]},"properties":{"id":"bb5a9d84-7058-37ec-a713-ffb0d391229b","version":0,"sources":[{"property":"","dataset":"OpenStreetMap","license":"ODbL-1.0","record_id":"w911578344@1","update_time":"2021-02-27T18:14:59.000Z","confidence":null,"between":null}],"subtype":"rock","class":"scree","source_tags":[["natural","scree"]]}}
{"type":"Feature","geometry":{"type":"Polygon","coordinates":[[[12.1986865,46.4972619],[12.1986114,46.4972545],[12.1987565,46.4972253],[12.1989335,46.4973324],[12.1989872,46.497554],[12.1991803,46.4977312],[12.1992983,46.4979306],[12.1992983,46.4981522],[12.1994807,46.4983294],[12.1995022,46.4985584],[12.1992769,46.4987356],[12.198955,46.4987799],[12.1986868,46.4986544],[12.1983756,46.4985732],[12.1981289,46.4987282],[12.1980752,46.4989424],[12.1980967,46.4991714],[12.1977963,46.4990901],[12.1977531,46.4990935],[12.1972759,46.4992194],[12.1971257,46.4992711],[12.1969916,46.4993375],[12.1969863,46.499452],[12.1971096,46.4995222],[12.1972062,46.4996071],[12.1973564,46.499644],[12.1975173,46.4996477],[12.1978285,46.4996034],[12.1979894,46.4995997],[12.1981557,46.4996108],[12.198322,46.499596],[12.1984722,46.4995628],[12.198617,46.4995185],[12.1987351,46.4994483],[12.1987887,46.4993449],[12.1988692,46.4992489],[12.1990301,46.4992452],[12.1991803,46.4992858],[12.1993359,46.4993006],[12.1994646,46.4993597],[12.1994807,46.4994705],[12.1993627,46.499548],[12.1992125,46.499596],[12.1990676,46.4996514],[12.1989067,46.4996699],[12.1987887,46.4997474],[12.1987887,46.4998582],[12.1987565,46.4999653],[12.19866,46.5001351],[12.1985741,46.5002348],[12.1985741,46.5003456],[12.198676,46.5004823],[12.19866,46.500593],[12.1985473,46.5007112],[12.1983542,46.5008404],[12.1983166,46.5009475],[12.1981825,46.5011469],[12.1983113,46.501206],[12.1984293,46.5012798],[12.1984346,46.5013943],[12.1984078,46.5016159],[12.1983488,46.50183],[12.1982844,46.5020183],[12.1982844,46.5021291],[12.19844,46.5021144],[12.1985258,46.502022],[12.1986653,46.5020737],[12.1986117,46.5021771],[12.1985473,46.5022768],[12.198617,46.5023728],[12.1987458,46.502443],[12.198896,46.5024061],[12.1989335,46.502299],[12.199073,46.5022547],[12.1992071,46.5023064],[12.1993466,46.5023507],[12.1995075,46.5024245],[12.1993573,46.5024725],[12.1992018,46.5024504],[12.1992661,46.5025501],[12.1993895,46.5026239],[12.1993627,46.5027347],[12.1992018,46.5027236],[12.1990623,46.5026682],[12.1989067,46.5026424],[12.1985795,46.5026387],[12.1984239,46.5026239],[12.1982576,46.5026239],[12.1981235,46.502683],[12.1980538,46.5027864],[12.1979089,46.5028344],[12.1977534,46.5028602],[12.1975871,46.5028676],[12.1974422,46.5028196],[12.1972974,46.502779],[12.1971311,46.5027679],[12.1969755,46.5027421],[12.1969165,46.5026387],[12.196938,46.5025316],[12.1969058,46.5024245],[12.1966376,46.5023027],[12.1965678,46.502203],[12.1965625,46.5020922],[12.1965464,46.5019814],[12.1965678,46.5018743],[12.1965893,46.5017673],[12.1965356,46.5016639],[12.1966912,46.5016528],[12.1968951,46.5018226],[12.1970184,46.5018891],[12.197174,46.5018928],[12.1974744,46.5019482],[12.1976246,46.5019851],[12.1976622,46.5018817],[12.1976085,46.5017783],[12.1976139,46.5016676],[12.1975924,46.5015568],[12.1974851,46.5014755],[12.1974369,46.5013722],[12.1973188,46.5012983],[12.197174,46.5013537],[12.1970184,46.5013869],[12.1967878,46.5012909],[12.1966537,46.5012245],[12.1965356,46.5011506],[12.1963962,46.5011285],[12.1964605,46.5012318],[12.1965464,46.5013242],[12.1967717,46.5014792],[12.1968039,46.5015457],[12.1966429,46.5015272],[12.1964927,46.5014829],[12.196364,46.5014202],[12.1962728,46.5013315],[12.1961601,46.501254],[12.1959507,46.5011983],[12.1956237,46.5009106],[12.1955486,46.5008183],[12.1954306,46.5007444],[12.1952696,46.5007149],[12.1951355,46.5006558],[12.1949853,46.5006226],[12.1946527,46.5006078],[12.1944006,46.5003567],[12.1943362,46.500257],[12.1942021,46.5001832],[12.194068,46.5001167],[12.1939232,46.500065],[12.1938105,46.4999874],[12.1937837,46.4998804],[12.1937891,46.4998508],[12.1939124,46.499788],[12.1940466,46.4997363],[12.1941163,46.4996366],[12.1941163,46.4995259],[12.1940358,46.4994299],[12.1938642,46.4994225],[12.1937515,46.4995074],[12.1935906,46.4995222],[12.1934511,46.4994631],[12.1932955,46.4994262],[12.1931292,46.4994114],[12.1930488,46.4993154],[12.1929308,46.4992378],[12.1927698,46.4992378],[12.1926143,46.4992748],[12.1922709,46.4992046],[12.1921636,46.4991271],[12.192051,46.4990495],[12.1920025,46.4990492],[12.1915818,46.4990051],[12.1915089,46.4989975],[12.1911334,46.4987612],[12.1911248,46.4982941],[12.1907708,46.4978657],[12.1908867,46.4976681],[12.1908566,46.4974743],[12.190903,46.497373],[12.1910157,46.4972918],[12.191477,46.4971957],[12.1916379,46.4971884],[12.1917989,46.4971957],[12.191933,46.4972548],[12.1920403,46.4973398],[12.1921261,46.4974358],[12.192169,46.4975466],[12.1922226,46.4976537],[12.1923675,46.497698],[12.1925231,46.4976684],[12.1926411,46.4975946],[12.1927698,46.4975318],[12.1930917,46.4975059],[12.193258,46.4975023],[12.1937354,46.4975281],[12.1938963,46.4975281],[12.1940412,46.4974875],[12.1941485,46.4974025],[12.1942128,46.4973065],[12.1942558,46.4970813],[12.1943201,46.4969816],[12.1943738,46.4968782],[12.1944113,46.4967748],[12.1943577,46.4966714],[12.1942504,46.4965864],[12.1939768,46.496472],[12.1938427,46.4964055],[12.1937301,46.4963279],[12.1938105,46.4962356],[12.1939339,46.4961691],[12.1940895,46.4961654],[12.194245,46.4961839],[12.1945669,46.4961802],[12.1947117,46.4962245],[12.1947383,46.4962427],[12.1948673,46.4963021],[12.194937,46.4963981],[12.1950121,46.4964941],[12.1951355,46.4966972],[12.1951677,46.4968043],[12.1951784,46.4969151],[12.1952375,46.4970185],[12.1952696,46.4971256],[12.1952857,46.4973508],[12.1952482,46.4975761],[12.195275,46.4978014],[12.1952267,46.4980155],[12.1952482,46.4981226],[12.1953018,46.498226],[12.195393,46.4983184],[12.1954413,46.4984254],[12.1955537,46.4985544],[12.1957042,46.4985325],[12.1958329,46.4984734],[12.1958329,46.4983627],[12.1957202,46.4981411],[12.1957578,46.498034],[12.1959241,46.4978494],[12.1960743,46.4978272],[12.1962352,46.4978346],[12.196364,46.4979048],[12.1964766,46.4979823],[12.1966376,46.4979897],[12.1967556,46.4979158],[12.1968146,46.4978198],[12.1970667,46.4976869],[12.1972277,46.4976943],[12.1973725,46.497746],[12.1974851,46.4978235],[12.1975656,46.4979232],[12.1977104,46.4979786],[12.1978338,46.4980414],[12.1980377,46.4982113],[12.1981501,46.4982811],[12.1982898,46.4982371],[12.1985741,46.4980377],[12.1986868,46.4979638],[12.1987619,46.4978715],[12.1988155,46.4977681],[12.1987672,46.4974358],[12.1987297,46.4973287],[12.1986865,46.4972619]]]},"properties":{"id":"9c2633f1-230d-311d-8d39-dc7429b374c3","version":0,"sources":[{"property":"","dataset":"OpenStreetMap","license":"ODbL-1.0","record_id":"w261751862@3","update_time":"2021-02-15T18:04:52.000Z","confidence":null,"between":null}],"subtype":"shrub","class":"scrub","source_tags":[["natural","scrub"]]}}
{"type":"Feature","geometry":{"type":"Polygon","coordinates":[[[12.1948993,46.5016857],[12.1952447,46.5017134],[12.1957468,46.501538],[12.1959185,46.501863],[12.1954164,46.5023338],[12.1961116,46.5020328],[12.1960043,46.5025793],[12.1963262,46.5023282],[12.1965086,46.5027122],[12.1961223,46.5030815],[12.1963283,46.503183],[12.1966502,46.502895],[12.1976136,46.5035024],[12.1968197,46.5034064],[12.1966588,46.5036132],[12.1967768,46.5038716],[12.1976158,46.5038255],[12.1977209,46.5040341],[12.1973454,46.504492],[12.197251,46.5048224],[12.1975815,46.5047209],[12.1977424,46.5049498],[12.1973454,46.5050163],[12.1961974,46.5050606],[12.1952426,46.5035098],[12.1958112,46.5034286],[12.1958756,46.5027861],[12.1953735,46.5027842],[12.1951803,46.5024815],[12.1945881,46.5020328],[12.1948993,46.5016857]]]},"properties":{"id":"c29354db-10e8-30ac-a725-35da9d5db6e1","version":0,"sources":[{"property":"","dataset":"OpenStreetMap","license":"ODbL-1.0","record_id":"w261751859@1","update_time":"2014-02-15T21:26:34.000Z","confidence":null,"between":null}],"subtype":"shrub","class":"scrub","source_tags":[["natural","scrub"]]}}
{"type":"Feature","geometry":{"type":"Polygon","coordinates":[[[12.194792,46.5066929],[12.1951892,46.5062555],[12.195704,46.5056886],[12.1956932,46.50512],[12.1955967,46.5044185],[12.1953285,46.5042855],[12.1948564,46.5048172],[12.1948242,46.5053932],[12.1944058,46.5056738],[12.1941321,46.506105],[12.193571,46.5056052],[12.1940731,46.5054815],[12.1944937,46.5052876],[12.1943628,46.5049941],[12.1951267,46.5041061],[12.194365,46.503951],[12.1942255,46.5033824],[12.1947383,46.5034876],[12.1950173,46.5033252],[12.1947061,46.5024021],[12.1943521,46.5021879],[12.1944401,46.5018094],[12.1942448,46.5016414],[12.1940324,46.5009528],[12.1944916,46.501014],[12.1948993,46.5016857],[12.1945881,46.5020328],[12.1951803,46.5024815],[12.1953735,46.5027842],[12.1958756,46.5027861],[12.1958112,46.5034286],[12.1952426,46.5035098],[12.1961974,46.5050606],[12.1968172,46.505771],[12.1960924,46.506411],[12.1957778,46.5073335],[12.1951613,46.5069329],[12.194792,46.5066929]]]},"properties":{"id":"467ece48-6e8f-3d93-8561-114703901f45","version":0,"sources":[{"property":"","dataset":"OpenStreetMap","license":"ODbL-1.0","record_id":"w907476542@1","update_time":"2021-02-15T18:04:52.000Z","confidence":null,"between":null}],"subtype":"rock","class":"scree","source_tags":[["natural","scree"]]}}
{"type":"Feature","geometry":{"type":"Polygon","coordinates":[[[12.1968172,46.505771],[12.1961974,46.5050606],[12.1973454,46.5050163],[12.1977424,46.5049498],[12.1975815,46.5047209],[12.197251,46.5048224],[12.1973454,46.504492],[12.1977209,46.5040341],[12.198193,46.5037626],[12.1982467,46.5037317],[12.1997301,46.5039166],[12.1993608,46.5045003],[12.1996344,46.5052439],[12.1993335,46.5057616],[12.1984582,46.5057239],[12.1968172,46.505771]]]},"properties":{"id":"579f94f7-0874-3d8c-bd63-1197ba1b3c34","version":0,"sources":[{"property":"","dataset":"OpenStreetMap","license":"ODbL-1.0","record_id":"w907476539@1","update_time":"2021-02-15T18:04:52.000Z","confidence":null,"between":null}],"subtype":"rock","class":"bare_rock","source_tags":[["natural","bare_rock"]]}}
{"type":"Feature","geometry":{"type":"Polygon","coordinates":[[[12.1977209,46.5040341],[12.1976158,46.5038255],[12.1967768,46.5038716],[12.1966588,46.5036132],[12.1968197,46.5034064],[12.1976136,46.5035024],[12.1966502,46.502895],[12.1963283,46.503183],[12.1961223,46.5030815],[12.1965086,46.5027122],[12.1963262,46.5023282],[12.1960043,46.5025793],[12.1961116,46.5020328],[12.1965464,46.5019814],[12.1965625,46.5020922],[12.1965678,46.502203],[12.1966376,46.5023027],[12.1969058,46.5024245],[12.196938,46.5025316],[12.1969165,46.5026387],[12.1969755,46.5027421],[12.1971311,46.5027679],[12.1972974,46.502779],[12.1974422,46.5028196],[12.1975871,46.5028676],[12.1977534,46.5028602],[12.1979089,46.5028344],[12.1980538,46.5027864],[12.1981235,46.502683],[12.1982576,46.5026239],[12.1984239,46.5026239],[12.1985795,46.5026387],[12.1989067,46.5026424],[12.1990623,46.5026682],[12.1992018,46.5027236],[12.1993627,46.5027347],[12.1993895,46.5026239],[12.1995933,46.5025706],[12.200072,46.503286],[12.199941,46.5035276],[12.1997301,46.5039166],[12.1982467,46.5037317],[12.198193,46.5037626],[12.1977209,46.5040341]]]},"properties":{"id":"993ae890-4961-3e2c-b8ae-f2e31c269e75","version":0,"sources":[{"property":"","dataset":"OpenStreetMap","license":"ODbL-1.0","record_id":"w907476538@1","update_time":"2021-02-15T18:04:52.000Z","confidence":null,"between":null}],"subtype":"rock","class":"scree","source_tags":[["natural","scree"]]}}
{"type":"Feature","geometry":{"type":"Polygon","coordinates":[[[12.2222936,46.4807759],[12.2233307,46.4810854],[12.223894,46.4814178],[12.2248111,46.4809821],[12.2248171,46.4810158],[12.2249375,46.4816887],[12.2250688,46.4824226],[12.2245645,46.4839001],[12.2237768,46.4847352],[12.223605,46.4849174],[12.2233522,46.4851855],[12.2235238,46.4854736],[12.2246933,46.4856804],[12.2259807,46.4855548],[12.2254014,46.4872095],[12.2232985,46.4893222],[12.2218179,46.4894256],[12.2213459,46.4906813],[12.2208524,46.4914938],[12.2195892,46.4912726],[12.219668,46.4930738],[12.2208672,46.4936742],[12.2223426,46.4941135],[12.2214317,46.4947216],[12.2203588,46.4946846],[12.219243,46.4948028],[12.2191572,46.4943301],[12.2188246,46.4941824],[12.2182452,46.4942267],[12.2175908,46.4941824],[12.2171616,46.4945],[12.2169149,46.4948471],[12.2168291,46.4951278],[12.2172046,46.4953346],[12.2173655,46.495726],[12.2176444,46.4956965],[12.2185564,46.4956153],[12.2193873,46.495262],[12.2205855,46.4954631],[12.2210027,46.495459],[12.2225138,46.4954443],[12.2224254,46.4958629],[12.222295,46.4964798],[12.2227326,46.4971294],[12.2253173,46.4976001],[12.2259327,46.4984474],[12.2266724,46.498973],[12.2272045,46.4993511],[12.2274291,46.4991382],[12.2272682,46.4999653],[12.2268498,46.4999432],[12.2256052,46.4997807],[12.2229874,46.5010805],[12.2193289,46.501915],[12.218256,46.5012577],[12.216196,46.5020332],[12.2137391,46.5027274],[12.2119582,46.5029415],[12.211132,46.5033772],[12.2123229,46.5042855],[12.2139323,46.5052677],[12.2165716,46.5047655],[12.21802,46.5036062],[12.2195542,46.5030006],[12.2226226,46.5024098],[12.2253692,46.5013316],[12.2275793,46.5005119],[12.2287488,46.4999136],[12.2289262,46.4993298],[12.2297345,46.4993982],[12.2300782,46.4993456],[12.2309313,46.4992152],[12.2312115,46.4991723],[12.2337415,46.4989369],[12.2344396,46.4990989],[12.2349587,46.4992193],[12.235169,46.4995714],[12.2356561,46.5003866],[12.2366544,46.5013939],[12.2368712,46.5016476],[12.2371964,46.5020281],[12.2376117,46.5025141],[12.2378853,46.5034836],[12.2382408,46.5042555],[12.2398119,46.5043826],[12.2410146,46.5044799],[12.241608,46.5045279],[12.2428896,46.5045534],[12.2439701,46.5045748],[12.2438872,46.5053859],[12.2426963,46.5061243],[12.2439838,46.5074461],[12.2445738,46.507867],[12.2460758,46.5069883],[12.2464514,46.5069883],[12.2468161,46.5073944],[12.2451424,46.5084651],[12.2445524,46.5085168],[12.243458,46.5081993],[12.2437584,46.5087309],[12.2452068,46.5098976],[12.2463763,46.5092404],[12.2474379,46.5076972],[12.2497827,46.5081845],[12.2492355,46.5091777],[12.2486932,46.5100342],[12.2478354,46.5110569],[12.2468586,46.5115368],[12.2467084,46.5119503],[12.2465367,46.5130874],[12.2463651,46.5141211],[12.24688,46.5147708],[12.2511008,46.5150152],[12.2502918,46.5144755],[12.2501631,46.5134861],[12.2507639,46.5130283],[12.2513647,46.5135304],[12.2526307,46.5135156],[12.2526307,46.5138996],[12.2543688,46.5150956],[12.2541113,46.5154353],[12.2558923,46.5158487],[12.2541113,46.5161883],[12.2548194,46.516587],[12.2539182,46.5165427],[12.2523947,46.516779],[12.2526307,46.5163803],[12.2515149,46.5165132],[12.2515578,46.5171186],[12.2527594,46.5180341],[12.2521586,46.5184327],[12.2501845,46.5185656],[12.2502918,46.5183294],[12.2516222,46.5181965],[12.2504785,46.5175697],[12.2505643,46.5167871],[12.2497339,46.5162326],[12.2500558,46.515642],[12.2481675,46.5159373],[12.2467084,46.5167347],[12.2482319,46.517222],[12.2485108,46.5188166],[12.2496265,46.5193094],[12.2480178,46.519924],[12.2443485,46.5200274],[12.2422242,46.5199978],[12.2407973,46.5191562],[12.2399497,46.5177092],[12.2391558,46.5171481],[12.2385335,46.5169561],[12.2381794,46.5175246],[12.2384798,46.5182112],[12.2394025,46.5186247],[12.2399175,46.519075],[12.2404003,46.5204113],[12.2431683,46.5211347],[12.2435596,46.5215279],[12.2439618,46.521932],[12.2441764,46.5222126],[12.2450991,46.5224045],[12.2472877,46.5239105],[12.2474594,46.5254164],[12.248189,46.524501],[12.2486181,46.5250768],[12.2492404,46.5255345],[12.2524805,46.5267894],[12.2524741,46.5271518],[12.2498412,46.5261102],[12.2499914,46.5265531],[12.2482319,46.5259479],[12.2483606,46.5263317],[12.2477169,46.5268632],[12.2490473,46.5273946],[12.246659,46.5274175],[12.2443695,46.5268484],[12.2444339,46.5265089],[12.2454424,46.5264203],[12.2454209,46.5253573],[12.2444982,46.5253425],[12.2431829,46.5252473],[12.2423739,46.5241614],[12.2416015,46.5241614],[12.2401852,46.5234971],[12.2407217,46.5246339],[12.2405071,46.5251359],[12.2406573,46.5254311],[12.2413869,46.5253425],[12.2423096,46.5256673],[12.2424598,46.5262579],[12.2419877,46.5270551],[12.2428245,46.5277637],[12.2437687,46.5285166],[12.2430391,46.5285609],[12.2430391,46.5293138],[12.2427108,46.5293957],[12.2417946,46.5281623],[12.2404857,46.5275866],[12.2409513,46.5263398],[12.2403355,46.5259036],[12.2398848,46.5269665],[12.2400565,46.5278228],[12.2412796,46.5291071],[12.2435541,46.5304948],[12.24314,46.531861],[12.2421164,46.5307605],[12.2407431,46.5301405],[12.2407431,46.5309967],[12.2410436,46.5314248],[12.24158,46.5324139],[12.2406788,46.5321777],[12.2406788,46.5315872],[12.2399707,46.5312329],[12.2397561,46.5303619],[12.2391553,46.5306277],[12.2396209,46.5298239],[12.2390909,46.5296091],[12.237782,46.5282214],[12.2368958,46.5288495],[12.2358508,46.5285314],[12.2364516,46.5280885],[12.2366018,46.5271584],[12.2366168,46.5262808],[12.236016,46.5261922],[12.2360589,46.5250554],[12.23525,46.5243386],[12.2351212,46.525313],[12.2348208,46.5263317],[12.2330334,46.5267237],[12.2324176,46.5259774],[12.2337479,46.5253278],[12.2340698,46.5236152],[12.2332115,46.5223897],[12.2323532,46.5230689],[12.231452,46.5230984],[12.2304649,46.5225374],[12.2323961,46.5223012],[12.2329326,46.5218435],[12.2326928,46.5206804],[12.2318837,46.5205454],[12.2310199,46.5203634],[12.229953,46.5199549],[12.2294194,46.5195465],[12.2288669,46.519244],[12.2284178,46.5188324],[12.2284226,46.518477],[12.2284484,46.516587],[12.2301006,46.5164098],[12.2315168,46.5164984],[12.2328901,46.5173031],[12.2335505,46.5171805],[12.2336002,46.5166804],[12.2335364,46.5164722],[12.2335227,46.5156911],[12.233386,46.5149288],[12.2330167,46.5140912],[12.2330714,46.5134606],[12.2325107,46.5128018],[12.2321962,46.5121713],[12.2316765,46.5115501],[12.230979,46.5105619],[12.2301175,46.5093854],[12.2292832,46.50899],[12.2284901,46.5090277],[12.2280388,46.5093759],[12.2273003,46.5093383],[12.2267943,46.5088677],[12.2261652,46.50819],[12.2250848,46.5078888],[12.2242916,46.5079359],[12.2241275,46.50851],[12.2239908,46.5090559],[12.2246745,46.5097148],[12.2251942,46.5101571],[12.2253446,46.510816],[12.2249365,46.5109383],[12.2244968,46.5110701],[12.223895,46.510976],[12.2233617,46.5103924],[12.2228557,46.5100065],[12.2221582,46.5101289],[12.2211189,46.5102418],[12.2201752,46.5100724],[12.2192316,46.5101289],[12.2182743,46.5098183],[12.2172486,46.5095454],[12.2166332,46.5093571],[12.2160725,46.5094418],[12.2161683,46.509903],[12.2165238,46.5104771],[12.2172213,46.5107219],[12.2178093,46.5108724],[12.2189034,46.5109477],[12.219765,46.5110701],[12.2199017,46.5114183],[12.2203804,46.5115124],[12.2209274,46.511776],[12.2210368,46.5123124],[12.2209684,46.512783],[12.2209821,46.5131501],[12.2213513,46.5135924],[12.22183,46.5139971],[12.2218984,46.5143924],[12.2221309,46.5149476],[12.2218437,46.5153805],[12.221324,46.5158887],[12.2209958,46.5163499],[12.2206949,46.5168486],[12.220859,46.5172062],[12.2213513,46.5172627],[12.2215702,46.5176391],[12.2209548,46.5177521],[12.2204761,46.5178368],[12.219806,46.5180344],[12.2193273,46.5179026],[12.2189308,46.5175638],[12.2185068,46.5172815],[12.2179051,46.5171874],[12.2171666,46.5171874],[12.2169615,46.5168675],[12.2167153,46.516331],[12.21584,46.5159734],[12.2150469,46.5155687],[12.2137887,46.5151735],[12.2132417,46.5148159],[12.2126673,46.5146841],[12.2120109,46.5143453],[12.211286,46.5144394],[12.2105886,46.51459],[12.2098501,46.5144865],[12.2092073,46.5144394],[12.2080449,46.5144488],[12.2076346,46.5143171],[12.2074432,46.5138089],[12.2076893,46.5129618],[12.2079902,46.5123689],[12.2080859,46.5118419],[12.2089612,46.5114842],[12.2091663,46.5107407],[12.2093851,46.5102795],[12.2099185,46.5101571],[12.2099458,46.5096018],[12.2100963,46.5091595],[12.2095903,46.5087547],[12.2090706,46.5087547],[12.208633,46.5086136],[12.2080449,46.5083124],[12.2076346,46.5082088],[12.2072927,46.5084347],[12.2067457,46.5088018],[12.2063354,46.5089147],[12.2058021,46.5091783],[12.205638,46.5095171],[12.2057747,46.510223],[12.2058841,46.5109854],[12.2056927,46.5114183],[12.205679,46.5117571],[12.2061713,46.5119924],[12.2065269,46.5121336],[12.2067867,46.5123877],[12.206185,46.5126983],[12.2057064,46.5130465],[12.2049542,46.5134889],[12.204585,46.5140912],[12.2049952,46.5148723],[12.2051593,46.515757],[12.2052414,46.5164157],[12.2041884,46.5170651],[12.2031627,46.517385],[12.2023968,46.5173286],[12.2017678,46.5166981],[12.2013575,46.5156723],[12.201549,46.5145618],[12.2008241,46.5139783],[12.2003636,46.5134831],[12.2001677,46.5132724],[12.1993061,46.5120489],[12.1992514,46.5114748],[12.199648,46.5106748],[12.2001842,46.510644],[12.2006327,46.5106183],[12.2002771,46.5094324],[12.1992514,46.5086512],[12.1988001,46.5081053],[12.1982258,46.5080112],[12.197077,46.5082935],[12.1962701,46.5089524],[12.1955453,46.5085853],[12.1957778,46.5073335],[12.1960924,46.506411],[12.1968172,46.505771],[12.1984582,46.5057239],[12.1993335,46.5057616],[12.1996344,46.5052439],[12.1993608,46.5045003],[12.1997301,46.5039166],[12.199941,46.5035276],[12.200072,46.503286],[12.1995933,46.5025706],[12.1993895,46.5026239],[12.1992661,46.5025501],[12.1992018,46.5024504],[12.1993573,46.5024725],[12.1995075,46.5024245],[12.1993466,46.5023507],[12.1992071,46.5023064],[12.199073,46.5022547],[12.1989335,46.502299],[12.198896,46.5024061],[12.1987458,46.502443],[12.198617,46.5023728],[12.1985473,46.5022768],[12.1986117,46.5021771],[12.1986653,46.5020737],[12.1985258,46.502022],[12.19844,46.5021144],[12.1982844,46.5021291],[12.1982844,46.5020183],[12.1983488,46.50183],[12.1984078,46.5016159],[12.1984346,46.5013943],[12.1984293,46.5012798],[12.1983113,46.501206],[12.1981825,46.5011469],[12.1983166,46.5009475],[12.1983542,46.5008404],[12.1985473,46.5007112],[12.19866,46.500593],[12.198676,46.5004823],[12.1985741,46.5003456],[12.1985741,46.5002348],[12.19866,46.5001351],[12.1987565,46.4999653],[12.1987887,46.4998582],[12.1987887,46.4997474],[12.1989067,46.4996699],[12.1990676,46.4996514],[12.1992125,46.499596],[12.1993627,46.499548],[12.1994807,46.4994705],[12.1994646,46.4993597],[12.1993359,46.4993006],[12.1991803,46.4992858],[12.1990301,46.4992452],[12.1988692,46.4992489],[12.1987887,46.4993449],[12.1987351,46.4994483],[12.198617,46.4995185],[12.1984722,46.4995628],[12.198322,46.499596],[12.1981557,46.4996108],[12.1979894,46.4995997],[12.1978285,46.4996034],[12.1975173,46.4996477],[12.1973564,46.499644],[12.1972062,46.4996071],[12.1971096,46.4995222],[12.1969863,46.499452],[12.1969916,46.4993375],[12.1971257,46.4992711],[12.1972759,46.4992194],[12.1977531,46.4990935],[12.1977963,46.4990901],[12.1980967,46.4991714],[12.1980752,46.4989424],[12.1981289,46.4987282],[12.1983756,46.4985732],[12.1986868,46.4986544],[12.198955,46.4987799],[12.1992769,46.4987356],[12.1995022,46.4985584],[12.1994807,46.4983294],[12.1992983,46.4981522],[12.1992983,46.4979306],[12.1991803,46.4977312],[12.1989872,46.497554],[12.1989335,46.4973324],[12.1987565,46.4972253],[12.1986114,46.4972545],[12.1982791,46.4972807],[12.1980052,46.4971327],[12.1977856,46.4970074],[12.1977212,46.4969816],[12.19763,46.4967674],[12.1976729,46.4966566],[12.197689,46.4965421],[12.1976139,46.4964424],[12.1975549,46.496387],[12.1974315,46.4963205],[12.1972974,46.4962652],[12.1971418,46.4962615],[12.1969863,46.4964461],[12.1969433,46.4964683],[12.1967878,46.4964498],[12.1966805,46.4963722],[12.1966376,46.4962688],[12.1965625,46.4961691],[12.1963908,46.4960214],[12.1962835,46.4959402],[12.1962352,46.4959291],[12.1961065,46.4959365],[12.1959563,46.495966],[12.1958007,46.4959549],[12.195731,46.4958589],[12.1958436,46.4957777],[12.1959295,46.4956817],[12.195967,46.4955746],[12.1960904,46.4955044],[12.1962567,46.4955118],[12.1963962,46.4955635],[12.1965517,46.4955967],[12.1967073,46.4956152],[12.1968521,46.4956669],[12.1970184,46.4956706],[12.1971847,46.4956632],[12.1973349,46.4956152],[12.1978413,46.4958814],[12.198164,46.496051],[12.1983113,46.4960953],[12.1985527,46.4962024],[12.1988906,46.4966086],[12.1990623,46.4967563],[12.1991374,46.4968523],[12.1992286,46.4969446],[12.199352,46.4970148],[12.1994432,46.4971071],[12.19947,46.4972142],[12.1994753,46.497325],[12.1995022,46.4974321],[12.1996041,46.497517],[12.1997436,46.4975761],[12.1998509,46.4976537],[12.1999099,46.4977571],[12.1999796,46.4978531],[12.2001191,46.4979085],[12.2002317,46.4978309],[12.2001781,46.4977312],[12.2002585,46.4976426],[12.2004141,46.4976389],[12.2005321,46.4975687],[12.2006233,46.4974764],[12.2007574,46.4974247],[12.2008379,46.4973324],[12.2009613,46.4972659],[12.2011222,46.4972807],[12.2012456,46.4972105],[12.201192,46.4970813],[12.2010149,46.4970554],[12.2008486,46.4970443],[12.2006931,46.4970665],[12.2005375,46.4971071],[12.2003766,46.4971256],[12.2003068,46.4970259],[12.200339,46.4969188],[12.2005053,46.4967305],[12.2005643,46.4966307],[12.2010898,46.4967379],[12.2019503,46.4968464],[12.2031926,46.4974022],[12.2026991,46.497609],[12.2030961,46.497609],[12.2030768,46.4980356],[12.2025167,46.4983033],[12.2027313,46.4986504],[12.2030532,46.4986356],[12.2032034,46.498163],[12.2037935,46.4986356],[12.2045144,46.4987741],[12.2045659,46.4984214],[12.2039651,46.4985765],[12.2039437,46.4984141],[12.2041904,46.4982737],[12.204523,46.4982811],[12.2044908,46.4980596],[12.2036776,46.4979912],[12.2036218,46.4978897],[12.2044265,46.4978749],[12.2039866,46.4974318],[12.2046325,46.4976884],[12.2036862,46.496841],[12.204126,46.4967301],[12.2057997,46.4968779],[12.2060808,46.4967652],[12.2061002,46.496383],[12.2052655,46.4964033],[12.2049736,46.4961541],[12.2042655,46.4962501],[12.2049844,46.4959842],[12.2045788,46.4954801],[12.2050916,46.4956371],[12.2057461,46.4957331],[12.2055873,46.4954801],[12.2060251,46.495578],[12.2067332,46.4957035],[12.2070357,46.4954801],[12.208085,46.4950905],[12.2074756,46.4952438],[12.2069799,46.495253],[12.2074627,46.49512],[12.207894,46.4950296],[12.2077202,46.4948911],[12.2082695,46.4950148],[12.2088146,46.4952308],[12.2091042,46.4952382],[12.209042,46.4955097],[12.2094926,46.49565],[12.2102951,46.4955558],[12.2095227,46.4948615],[12.2100913,46.4947363],[12.2116148,46.4956965],[12.2121942,46.495534],[12.2104239,46.4946034],[12.2105769,46.4936746],[12.2106843,46.4930227],[12.2109096,46.4931852],[12.2110223,46.4932074],[12.2111778,46.4931926],[12.2113334,46.493163],[12.2114621,46.4930966],[12.2115641,46.4930116],[12.2115694,46.4929008],[12.211548,46.49279],[12.2114621,46.4926977],[12.2113119,46.4926608],[12.2113334,46.49255],[12.2116445,46.4924983],[12.2117625,46.4924281],[12.2117464,46.4923173],[12.2117894,46.4922139],[12.2118859,46.4921659],[12.2119557,46.4920699],[12.2120683,46.491996],[12.2122239,46.4919923],[12.2123365,46.4920699],[12.2124653,46.4921364],[12.2127657,46.4920773],[12.2128301,46.4921807],[12.212814,46.4922952],[12.2129052,46.4923838],[12.2130125,46.4924614],[12.2131466,46.4925204],[12.2132968,46.4924909],[12.2134041,46.492417],[12.213506,46.4923321],[12.2135864,46.4922435],[12.213565,46.4921327],[12.2134201,46.4919369],[12.2133772,46.4918298],[12.2133772,46.491719],[12.2137391,46.4920109],[12.2140663,46.4921969],[12.2143631,46.4923656],[12.2157306,46.4920738],[12.2149891,46.4900239],[12.2145438,46.4896619],[12.2143722,46.489396],[12.2148603,46.4891744],[12.2164964,46.4891892],[12.2183633,46.4888494],[12.2183311,46.4876971],[12.2176015,46.4868771],[12.2183928,46.4861329],[12.2203152,46.4858652],[12.2214103,46.4855253],[12.222011,46.4852224],[12.2216545,46.4847687],[12.2213666,46.4844025],[12.2203152,46.4841957],[12.2204869,46.4836933],[12.2195041,46.484093],[12.2189033,46.4839896],[12.2202723,46.4831171],[12.2198904,46.4831178],[12.2205727,46.4826148],[12.2203581,46.4823488],[12.2195427,46.4825261],[12.2186415,46.4832944],[12.2179334,46.483516],[12.218045,46.4838714],[12.2179549,46.4840775],[12.2175944,46.4841521],[12.2174399,46.4846537],[12.2170322,46.484698],[12.2167361,46.4852159],[12.2165644,46.4849204],[12.2161739,46.4849935],[12.2158091,46.484698],[12.216603,46.4844616],[12.2171395,46.4836786],[12.2174828,46.483649],[12.217869,46.483191],[12.2175944,46.4831769],[12.2185557,46.4824374],[12.2194569,46.4822454],[12.2202508,46.4820976],[12.2197402,46.4819654],[12.2201006,46.4817282],[12.2206914,46.4819922],[12.2212601,46.4822083],[12.221185,46.4820421],[12.2209275,46.4818426],[12.2210383,46.481729],[12.2210637,46.4813787],[12.2210882,46.4810412],[12.221453,46.4810042],[12.2216928,46.4813226],[12.222204,46.4814623],[12.2222936,46.4807759]]]},"properties":{"id":"0777e62e-de81-3a9a-8985-291bfd50213c","version":0,"sources":[{"property":"","dataset":"OpenStreetMap","license":"ODbL-1.0","record_id":"w636947173@10","update_time":"2024-09-23T08:19:28.000Z","confidence":null,"between":null}],"subtype":"rock","class":"bare_rock","source_tags":[["natural","bare_rock"]]}}
{"type":"Feature","geometry":{"type":"Point","coordinates":[12.1960234,46.5781106]},"properties":{"id":"054bcb40-0203-3202-9a99-b2bb493e792a","version":0,"sources":[{"property":"","dataset":"OpenStreetMap","license":"ODbL-1.0","record_id":"n3521111237@3","update_time":"2022-08-03T13:05:18.000Z","confidence":null,"between":null}],"subtype":"physical","class":"peak","names":{"primary":"Cristallo di Mezzo","common":[["it","Cristallo di Mezzo"]],"rules":null},"source_tags":[["ele","3150"],["natural","peak"]],"elevation":3150}}
{"type":"Feature","geometry":{"type":"Polygon","coordinates":[[[12.220562,46.5703595],[12.2201088,46.5704649],[12.2197143,46.5704362],[12.2191387,46.5705427],[12.2183525,46.5707216],[12.2169578,46.5712527],[12.2175329,46.5716581],[12.2175448,46.5719124],[12.2182477,46.5721711],[12.2189588,46.5723879],[12.2192577,46.5725344],[12.219266,46.5726695],[12.2195517,46.5726392],[12.2199855,46.5728445],[12.2200436,46.5729786],[12.2201515,46.5728578],[12.2203065,46.5728426],[12.2206053,46.5728825],[12.2210881,46.5734607],[12.2217101,46.5738246],[12.222054,46.5740258],[12.2221398,46.5747781],[12.2203746,46.5746813],[12.2196315,46.5746406],[12.2191787,46.5746158],[12.218673,46.5742545],[12.2182904,46.5739812],[12.2177674,46.5736075],[12.2164535,46.5726688],[12.213192,46.573244],[12.2147155,46.5748961],[12.2149944,46.577846],[12.2172475,46.57879],[12.2188511,46.5793051],[12.2209779,46.5799883],[12.2215175,46.5801616],[12.2240066,46.5811055],[12.2239913,46.5808054],[12.2242182,46.5810102],[12.2240947,46.5812186],[12.2248753,46.5819832],[12.2246178,46.5823888],[12.2232181,46.5824808],[12.2215605,46.5828716],[12.2201443,46.5836053],[12.21493,46.5841289],[12.214139,46.5840875],[12.2135046,46.5840543],[12.2132671,46.5837602],[12.2130751,46.5836391],[12.2126341,46.5836422],[12.212044,46.5835832],[12.2114646,46.5832587],[12.2110783,46.5824919],[12.2105205,46.5816512],[12.2101986,46.5813267],[12.2095334,46.5812972],[12.2092008,46.5815258],[12.2094476,46.5819978],[12.2112178,46.5833915],[12.2097802,46.5857363],[12.207849,46.5864442],[12.2064328,46.5845566],[12.2066903,46.5818282],[12.2058474,46.5797474],[12.2063577,46.5796159],[12.2060587,46.5793865],[12.2063421,46.5787498],[12.2059552,46.5788809],[12.205552,46.5786524],[12.2051261,46.5782136],[12.2052437,46.5775022],[12.2049472,46.5771805],[12.2047619,46.5765962],[12.2048763,46.5759221],[12.2044786,46.5757367],[12.2041217,46.5758415],[12.2040263,46.5760756],[12.2043859,46.577203],[12.2041377,46.5774445],[12.2038193,46.577585],[12.2035087,46.5776562],[12.2032363,46.577997],[12.2027973,46.5782752],[12.2031712,46.5791882],[12.2038042,46.5800805],[12.2032141,46.5804197],[12.2034931,46.5809359],[12.2036112,46.5814816],[12.2026241,46.581865],[12.2019803,46.5826172],[12.2025704,46.583126],[12.2019589,46.5838044],[12.2010684,46.5840994],[12.2006177,46.5835537],[12.2001886,46.5834652],[12.2000277,46.5837528],[12.2002315,46.5844681],[12.197957,46.5844091],[12.1974635,46.5847335],[12.1973562,46.5851243],[12.1977746,46.5861492],[12.1990728,46.5870341],[12.2020554,46.5877272],[12.202903,46.5873437],[12.2031283,46.5878304],[12.2033,46.589423],[12.2038686,46.5892977],[12.2037721,46.586658],[12.2047806,46.58654],[12.205199,46.5871299],[12.2058105,46.5881179],[12.2074413,46.5893788],[12.2060358,46.5914383],[12.2059822,46.5915169],[12.2053277,46.5916054],[12.2046089,46.5908017],[12.2034073,46.5903299],[12.2024309,46.590175],[12.2009496,46.5900696],[12.1991329,46.5899404],[12.1984935,46.5898949],[12.1966521,46.5894594],[12.1963316,46.5893836],[12.195189,46.5891133],[12.1938151,46.5889507],[12.1919489,46.5887299],[12.1922922,46.5874617],[12.1920991,46.5858248],[12.1905005,46.5847483],[12.1895993,46.58348],[12.1892388,46.5829844],[12.1891165,46.5828163],[12.1884084,46.5803976],[12.1895885,46.5801026],[12.1905541,46.581253],[12.1915144,46.5820347],[12.1920991,46.5829712],[12.1932578,46.5831887],[12.1936816,46.5830596],[12.1930325,46.5822743],[12.1921152,46.5814632],[12.1915895,46.5808179],[12.1912783,46.5801505],[12.1909028,46.5793984],[12.1902215,46.5784655],[12.1902376,46.5780783],[12.1901196,46.5776248],[12.190184,46.5769463],[12.1897012,46.5763268],[12.1894759,46.5757921],[12.1892667,46.5750509],[12.189213,46.5742507],[12.1891594,46.5734321],[12.1890038,46.5726282],[12.1891165,46.5713412],[12.1871853,46.5697333],[12.1858442,46.56963],[12.185238,46.569228],[12.1851334,46.5689791],[12.1863274,46.5689603],[12.1871262,46.5689478],[12.1873033,46.5694493],[12.187829,46.5697333],[12.1876144,46.5691285],[12.1880352,46.5687505],[12.1882796,46.568531],[12.1895671,46.5677713],[12.190105,46.567814],[12.1909618,46.5678819],[12.1913695,46.5684056],[12.1921742,46.5676311],[12.1925819,46.5677123],[12.1928286,46.5684646],[12.1924353,46.5698145],[12.1930754,46.5701021],[12.1943843,46.5698365],[12.1948725,46.5689072],[12.1961975,46.5677381],[12.1960902,46.5667091],[12.1980732,46.5661411],[12.1996951,46.5656765],[12.2001862,46.5652441],[12.2006205,46.5652412],[12.2012588,46.5651509],[12.2017416,46.5652376],[12.2021759,46.565523],[12.2024537,46.565727],[12.2027528,46.5659466],[12.2027421,46.5660932],[12.202718,46.5662629],[12.2021896,46.5662813],[12.2027877,46.5667257],[12.2030253,46.5672078],[12.2029202,46.5674932],[12.2030724,46.5673809],[12.2031969,46.5674818],[12.2031443,46.5680144],[12.2033546,46.5679079],[12.2036313,46.5681571],[12.2032163,46.5694146],[12.2035124,46.5699073],[12.2035456,46.5703772],[12.2041154,46.5707364],[12.204448,46.5715403],[12.2039062,46.5723811],[12.2037291,46.5738009],[12.2041583,46.5745789],[12.2040403,46.5736644],[12.2040886,46.5733547],[12.2042602,46.5733141],[12.2045767,46.5739447],[12.2045177,46.5742581],[12.2045875,46.5747043],[12.2050273,46.5740406],[12.2054672,46.5740221],[12.2054833,46.5746121],[12.205773,46.5741438],[12.2055691,46.5732587],[12.205655,46.5728163],[12.2055155,46.572359],[12.2057462,46.5721857],[12.2061592,46.5725434],[12.206583,46.5724954],[12.2069424,46.5723627],[12.2068351,46.5715329],[12.2070765,46.5713379],[12.2064811,46.5709355],[12.2062451,46.5700762],[12.2063255,46.5695194],[12.2062021,46.5685974],[12.2061056,46.5681917],[12.2063255,46.5674172],[12.2074038,46.5673324],[12.2076988,46.5676311],[12.2082299,46.5674467],[12.2086483,46.5676975],[12.2089004,46.5674025],[12.2108316,46.5681843],[12.2106278,46.5685937],[12.2108585,46.568933],[12.2109657,46.5693129],[12.2113895,46.5692612],[12.2119635,46.5694087],[12.2125147,46.5694442],[12.2141292,46.5699265],[12.2148911,46.5701813],[12.2148855,46.5705941],[12.2147638,46.5710335],[12.215284,46.5708718],[12.2154002,46.5705503],[12.2155663,46.5707006],[12.2154694,46.5713132],[12.21589,46.5719885],[12.2158873,46.571102],[12.2159454,46.5705503],[12.2159802,46.5703068],[12.2166095,46.570109],[12.2170412,46.5702421],[12.2172487,46.5699054],[12.2180951,46.5696448],[12.2183224,46.5698769],[12.2188924,46.5696924],[12.2194182,46.5698769],[12.2203481,46.5696595],[12.2203424,46.5699815],[12.220562,46.5703595]]]},"properties":{"id":"e74404a4-9edd-3d9d-ae12-3c2ba402f426","version":0,"sources":[{"property":"","dataset":"OpenStreetMap","license":"ODbL-1.0","record_id":"w704314606@7","update_time":"2022-11-02T15:53:38.000Z","confidence":null,"between":null}],"subtype":"rock","class":"bare_rock","source_tags":[["natural","bare_rock"]]}}
{"type":"Feature","geometry":{"type":"Polygon","coordinates":[[[12.1752705,46.5796117],[12.1751797,46.57952],[12.1740639,46.578731],[12.173388,46.5780009],[12.1736991,46.5774994],[12.1741819,46.577492],[12.1747827,46.5782811],[12.1754306,46.5793183],[12.1752705,46.5796117]]]},"properties":{"id":"f5e04620-9ffc-3779-a370-18d0fc9288b9","version":0,"sources":[{"property":"","dataset":"OpenStreetMap","license":"ODbL-1.0","record_id":"w854991818@1","update_time":"2020-10-04T19:03:48.000Z","confidence":null,"between":null}],"subtype":"rock","class":"bare_rock","source_tags":[["natural","bare_rock"]]}}
{"type":"Feature","geometry":{"type":"Polygon","coordinates":[[[12.1749973,46.577905],[12.175008,46.5775658],[12.1758449,46.577728],[12.1759951,46.5783991],[12.175842,46.5786351],[12.1749973,46.577905]]]},"properties":{"id":"c5970e86-88f8-33a9-ba2b-4dcb98c32733","version":0,"sources":[{"property":"","dataset":"OpenStreetMap","license":"ODbL-1.0","record_id":"w854991817@1","update_time":"2020-10-04T19:03:48.000Z","confidence":null,"between":null}],"subtype":"rock","class":"bare_rock","source_tags":[["natural","bare_rock"]]}}
{"type":"Feature","geometry":{"type":"Polygon","coordinates":[[[12.1783869,46.5734353],[12.1777647,46.5731403],[12.1778719,46.5721667],[12.1777217,46.571739],[12.1778615,46.5717379],[12.178063,46.5723078],[12.178334,46.5730744],[12.1783869,46.5734353]]]},"properties":{"id":"04e271e7-47fa-308c-95e2-97ebfe8aa8af","version":0,"sources":[{"property":"","dataset":"OpenStreetMap","license":"ODbL-1.0","record_id":"w884071486@1","update_time":"2020-12-12T11:51:10.000Z","confidence":null,"between":null}],"subtype":"rock","class":"scree","source_tags":[["natural","scree"]]}}
{"type":"Feature","geometry":{"type":"Polygon","coordinates":[[[12.1830545,46.5711567],[12.1834086,46.5714517],[12.1841108,46.5715339],[12.1843098,46.5719163],[12.1838163,46.5721892],[12.1828292,46.571732],[12.1828399,46.5714443],[12.1827482,46.571202],[12.1830545,46.5711567]]]},"properties":{"id":"6d3b60a4-fd4a-31a4-a60c-b00b04fb2b41","version":0,"sources":[{"property":"","dataset":"OpenStreetMap","license":"ODbL-1.0","record_id":"w259555689@1","update_time":"2014-02-02T14:54:27.000Z","confidence":null,"between":null}],"subtype":"shrub","class":"scrub","source_tags":[["natural","scrub"]]}}
{"type":"Feature","geometry":{"type":"Polygon","coordinates":[[[12.1820776,46.5714439],[12.1819094,46.5710443],[12.1827482,46.571202],[12.1828399,46.5714443],[12.1828292,46.571732],[12.1838163,46.5721892],[12.1843098,46.5719163],[12.1841108,46.5715339],[12.1847445,46.5711125],[12.1854633,46.5706552],[12.18517,46.5702726],[12.1849376,46.5699693],[12.1841103,46.5693039],[12.1841344,46.5691457],[12.1851334,46.5689791],[12.185238,46.569228],[12.1858442,46.56963],[12.1871853,46.5697333],[12.1891165,46.5713412],[12.1890038,46.5726282],[12.1891594,46.5734321],[12.189213,46.5742507],[12.1892667,46.5750509],[12.1894759,46.5757921],[12.1897012,46.5763268],[12.190184,46.5769463],[12.1901196,46.5776248],[12.1902376,46.5780783],[12.1902215,46.5784655],[12.1909028,46.5793984],[12.1912783,46.5801505],[12.1915895,46.5808179],[12.1921152,46.5814632],[12.1930325,46.5822743],[12.1936816,46.5830596],[12.1932578,46.5831887],[12.1920991,46.5829712],[12.1915144,46.5820347],[12.1905541,46.581253],[12.1895885,46.5801026],[12.1884084,46.5803976],[12.1879148,46.5773298],[12.1864342,46.5757663],[12.1851682,46.5755156],[12.1845674,46.5743651],[12.1833014,46.5744683],[12.1828723,46.5735685],[12.1827024,46.5731143],[12.1821281,46.5715789],[12.1820776,46.5714439]]]},"properties":{"id":"4e21d51b-c7d8-3252-9b37-d372a7e13dc8","version":0,"sources":[{"property":"","dataset":"OpenStreetMap","license":"ODbL-1.0","record_id":"w704314611@2","update_time":"2020-12-03T20:20:48.000Z","confidence":null,"between":null}],"subtype":"rock","class":"scree","source_tags":[["natural","scree"]]}}
{"type":"Feature","geometry":{"type":"LineString","coordinates":[[12.183752,46.5702791],[12.1880006,46.5753828],[12.1910905,46.5800141]]},"properties":{"id":"5dcc2bef-8287-30bc-bbf4-769244fac358","version":0,"sources":[{"property":"","dataset":"OpenStreetMap","license":"ODbL-1.0","record_id":"w1033588864@1","update_time":"2022-02-20T18:49:47.000Z","confidence":null,"between":null}],"subtype":"physical","class":"valley","names":{"primary":"Grava di Staunies","common":null,"rules":null},"source_tags":[["natural","valley"]]}}
{"type":"Feature","geometry":{"type":"Polygon","coordinates":[[[12.1924353,46.5698145],[12.1928286,46.5684646],[12.1925819,46.5677123],[12.1921742,46.5676311],[12.1913695,46.5684056],[12.1909618,46.5678819],[12.190105,46.567814],[12.1901479,46.5669128],[12.1901541,46.5667828],[12.1901596,46.5666677],[12.1912515,46.5670189],[12.1928608,46.5661043],[12.1934851,46.5660687],[12.1931505,46.5664141],[12.1933222,46.5665764],[12.1939337,46.5664583],[12.1941061,46.566626],[12.1942341,46.5669747],[12.1960902,46.5667091],[12.1961975,46.5677381],[12.1948725,46.5689072],[12.1943843,46.5698365],[12.1930754,46.5701021],[12.1924353,46.5698145]]]},"properties":{"id":"19044b05-2918-3276-be6b-a4b235943144","version":0,"sources":[{"property":"","dataset":"OpenStreetMap","license":"ODbL-1.0","record_id":"w880760360@2","update_time":"2022-11-02T15:53:38.000Z","confidence":null,"between":null}],"subtype":"rock","class":"scree","source_tags":[["natural","scree"]]}}
{"type":"Feature","geometry":{"type":"Polygon","coordinates":[[[12.1933222,46.5665764],[12.1931505,46.5664141],[12.1934851,46.5660687],[12.1934268,46.5659272],[12.1939203,46.5660029],[12.1944701,46.5658848],[12.1945506,46.5660877],[12.1942931,46.5660692],[12.1943414,46.5662758],[12.1942878,46.5665727],[12.1941061,46.566626],[12.1939337,46.5664583],[12.1933222,46.5665764]]]},"properties":{"id":"45459d66-2c31-3a39-a0ae-2bd45d7c8f77","version":0,"sources":[{"property":"","dataset":"OpenStreetMap","license":"ODbL-1.0","record_id":"w880760359@2","update_time":"2022-11-02T15:53:38.000Z","confidence":null,"between":null}],"subtype":"grass","class":"grassland","source_tags":[["natural","grassland"]]}}
{"type":"Feature","geometry":{"type":"Polygon","coordinates":[[[12.18961,46.5670411],[12.1892667,46.566971],[12.1889414,46.5666824],[12.1892147,46.5665367],[12.1894169,46.5664288],[12.1901596,46.5666677],[12.1901541,46.5667828],[12.1901479,46.5669128],[12.1899748,46.5668345],[12.18961,46.5670411]]]},"properties":{"id":"5850a2ca-1016-39d5-8a4a-3cf570a84935","version":0,"sources":[{"property":"","dataset":"OpenStreetMap","license":"ODbL-1.0","record_id":"w884071491@1","update_time":"2020-12-12T11:51:10.000Z","confidence":null,"between":null}],"subtype":"rock","class":"scree","source_tags":[["natural","scree"]]}}
{"type":"Feature","geometry":{"type":"Polygon","coordinates":[[[12.1880352,46.5687505],[12.1866274,46.5684646],[12.1876305,46.568059],[12.1888,46.5676496],[12.1888429,46.5671849],[12.18828,46.5670351],[12.1889414,46.5666824],[12.1892667,46.566971],[12.18961,46.5670411],[12.1899748,46.5668345],[12.1901479,46.5669128],[12.190105,46.567814],[12.1895671,46.5677713],[12.1882796,46.568531],[12.1880352,46.5687505]]]},"properties":{"id":"6db2c894-1d10-35e8-ac43-b9b7fb14eb38","version":0,"sources":[{"property":"","dataset":"OpenStreetMap","license":"ODbL-1.0","record_id":"w880760358@1","update_time":"2020-12-03T20:20:48.000Z","confidence":null,"between":null}],"subtype":"grass","class":"grassland","source_tags":[["natural","grassland"]]}}
{"type":"Feature","geometry":{"type":"Polygon","coordinates":[[[12.1877432,46.5673214],[12.18828,46.5670351],[12.1888429,46.5671849],[12.1888,46.5676496],[12.1876305,46.568059],[12.1866274,46.5684646],[12.1865372,46.5682136],[12.1863055,46.5675684],[12.186929,46.5674613],[12.1877432,46.5673214]]]},"properties":{"id":"29ed58e3-23a9-3910-b617-f596b5ca6344","version":0,"sources":[{"property":"","dataset":"OpenStreetMap","license":"ODbL-1.0","record_id":"w880760354@1","update_time":"2020-12-03T20:20:48.000Z","confidence":null,"between":null}],"subtype":"rock","class":"scree","source_tags":[["natural","scree"]]}}
{"type":"Feature","geometry":{"type":"Polygon","coordinates":[[[12.1851574,46.5675941],[12.1846472,46.5671896],[12.1845185,46.5668945],[12.1841274,46.566768],[12.1839606,46.5656701],[12.1839986,46.5651157],[12.1844814,46.5650789],[12.1850286,46.5650272],[12.185645,46.5651906],[12.1859084,46.5651231],[12.1861122,46.565455],[12.1860527,46.5656701],[12.1861766,46.5663033],[12.1860264,46.5665099],[12.1857094,46.5659135],[12.1849428,46.5667238],[12.1849428,46.5671442],[12.1852539,46.5670557],[12.1854149,46.5671221],[12.1853718,46.5673099],[12.1853505,46.5674024],[12.18549,46.5674909],[12.1851574,46.5675941]]]},"properties":{"id":"5cbdb7f3-4c1b-3538-95b1-20c18e4c2075","version":0,"sources":[{"property":"","dataset":"OpenStreetMap","license":"ODbL-1.0","record_id":"w259555692@2","update_time":"2020-08-29T10:23:28.000Z","confidence":null,"between":null}],"subtype":"shrub","class":"scrub","source_tags":[["natural","scrub"]]}}
{"type":"Feature","geometry":{"type":"Polygon","coordinates":[[[12.1843312,46.5673434],[12.1843849,46.5675941],[12.1842991,46.5679187],[12.1836875,46.5679408],[12.1837567,46.5676911],[12.1839713,46.5671674],[12.1842669,46.5672032],[12.1843312,46.5673434]]]},"properties":{"id":"73a30db2-f261-3974-84df-697575d935f6","version":0,"sources":[{"property":"","dataset":"OpenStreetMap","license":"ODbL-1.0","record_id":"w259555688@1","update_time":"2014-02-02T14:54:27.000Z","confidence":null,"between":null}],"subtype":"shrub","class":"scrub","source_tags":[["natural","scrub"]]}}
{"type":"Feature","geometry":{"type":"Polygon","coordinates":[[[12.1836387,46.5689451],[12.1831888,46.5683724],[12.1826683,46.5678892],[12.1830652,46.5677048],[12.1823571,46.5672844],[12.1828185,46.5673139],[12.1829794,46.5674466],[12.1833013,46.5675204],[12.1836553,46.5667606],[12.1839713,46.5671674],[12.1837567,46.5676911],[12.1836875,46.5679408],[12.1842991,46.5679187],[12.1843849,46.5675941],[12.1843312,46.5673434],[12.1842669,46.5672032],[12.1846472,46.5671896],[12.1851574,46.5675941],[12.18549,46.5674909],[12.1853505,46.5674024],[12.1853718,46.5673099],[12.1863055,46.5675684],[12.1865372,46.5682136],[12.1866274,46.5684646],[12.1863274,46.5689603],[12.1851334,46.5689791],[12.1841344,46.5691457],[12.1841381,46.569121],[12.1836387,46.5689451]]]},"properties":{"id":"98a9c05d-ad63-3c24-b4d9-e1ff738d80e3","version":0,"sources":[{"property":"","dataset":"OpenStreetMap","license":"ODbL-1.0","record_id":"w880760356@1","update_time":"2020-12-03T20:20:48.000Z","confidence":null,"between":null}],"subtype":"grass","class":"grassland","source_tags":[["natural","grassland"]]}}
{"type":"Feature","geometry":{"type":"Polygon","coordinates":[[[12.1873033,46.5694493],[12.1871262,46.5689478],[12.1863274,46.5689603],[12.1866274,46.5684646],[12.1880352,46.5687505],[12.1876144,46.5691285],[12.187829,46.5697333],[12.1873033,46.5694493]]]},"properties":{"id":"b42a2976-ccd8-3582-bb40-24a4248b2586","version":0,"sources":[{"property":"","dataset":"OpenStreetMap","license":"ODbL-1.0","record_id":"w880760357@1","update_time":"2020-12-03T20:20:48.000Z","confidence":null,"between":null}],"subtype":"rock","class":"scree","source_tags":[["natural","scree"]]}}
{"type":"Feature","geometry":{"type":"Polygon","coordinates":[[[12.1847445,46.5711125],[12.1847175,46.5710682],[12.1834086,46.5706256],[12.1838055,46.5702495],[12.1844709,46.5702938],[12.18517,46.5702726],[12.1854633,46.5706552],[12.1847445,46.5711125]]]},"properties":{"id":"9cd6d386-b12e-32b5-bb41-4537e84ce068","version":0,"sources":[{"property":"","dataset":"OpenStreetMap","license":"ODbL-1.0","record_id":"w704314610@1","update_time":"2019-07-14T14:49:51.000Z","confidence":null,"between":null}],"subtype":"grass","class":"grassland","source_tags":[["natural","grassland"]]}}
{"type":"Feature","geometry":{"type":"Polygon","coordinates":[[[12.1830867,46.5696225],[12.183194,46.5699544],[12.1838055,46.5702495],[12.1834086,46.5706256],[12.1847175,46.5710682],[12.1839235,46.5710755],[12.1834837,46.570987],[12.1830331,46.5707141],[12.1823142,46.5708838],[12.1822713,46.5706035],[12.1824966,46.5704339],[12.1823727,46.5702506],[12.182797,46.569652],[12.1830867,46.5696225]]]},"properties":{"id":"d05dbac8-0646-36d5-894a-7bdd7e866957","version":0,"sources":[{"property":"","dataset":"OpenStreetMap","license":"ODbL-1.0","record_id":"w259555695@2","update_time":"2020-09-25T15:14:32.000Z","confidence":null,"between":null}],"subtype":"shrub","class":"scrub","source_tags":[["natural","scrub"]]}}
{"type":"Feature","geometry":{"type":"Polygon","coordinates":[[[12.182797,46.569652],[12.1823321,46.5692802],[12.183231,46.5693434],[12.1834944,46.5694971],[12.1840786,46.569513],[12.1841103,46.5693039],[12.1849376,46.5699693],[12.18517,46.5702726],[12.1844709,46.5702938],[12.1838055,46.5702495],[12.183194,46.5699544],[12.1830867,46.5696225],[12.182797,46.569652]]]},"properties":{"id":"3c5fc2a1-9b8a-33dd-bb50-966aed32c25c","version":0,"sources":[{"property":"","dataset":"OpenStreetMap","license":"ODbL-1.0","record_id":"w704314609@1","update_time":"2019-07-14T14:49:51.000Z","confidence":null,"between":null}],"subtype":"grass","class":"grassland","source_tags":[["natural","grassland"]]}}
{"type":"Feature","geometry":{"type":"Polygon","coordinates":[[[12.1822713,46.5692759],[12.1821318,46.5690988],[12.1813964,46.5689008],[12.1812998,46.568768],[12.1820996,46.5687743],[12.1827219,46.5688407],[12.1827756,46.5687079],[12.1832369,46.5689956],[12.1836387,46.5689451],[12.1841381,46.569121],[12.1841344,46.5691457],[12.1841103,46.5693039],[12.1840786,46.569513],[12.1834944,46.5694971],[12.183231,46.5693434],[12.1823321,46.5692802],[12.1822713,46.5692759]]]},"properties":{"id":"0c378fb2-3d9a-3cbe-9d38-8b1ffcea07ea","version":0,"sources":[{"property":"","dataset":"OpenStreetMap","license":"ODbL-1.0","record_id":"w259555697@2","update_time":"2019-07-14T14:49:51.000Z","confidence":null,"between":null}],"subtype":"shrub","class":"scrub","source_tags":[["natural","scrub"]]}}
{"type":"Feature","geometry":{"type":"Polygon","coordinates":[[[12.1801894,46.5683904],[12.1800184,46.5682876],[12.1797824,46.5682876],[12.1794222,46.5683904],[12.1790411,46.5683694],[12.1789777,46.5682876],[12.17879,46.5682028],[12.1779804,46.5681763],[12.177363,46.5678635],[12.1769822,46.5673804],[12.176671,46.5673435],[12.1756737,46.5669209],[12.1753175,46.5666753],[12.1761346,46.5663624],[12.1775447,46.5664446],[12.1770083,46.5667544],[12.1770893,46.5668787],[12.1774374,46.5669462],[12.1775184,46.5674097],[12.1778559,46.5678682],[12.1783016,46.5680588],[12.1801792,46.568022],[12.1810316,46.5683992],[12.1819602,46.5683317],[12.1827219,46.5688407],[12.1820996,46.5687743],[12.1812998,46.568768],[12.1813964,46.5689008],[12.1821318,46.5690988],[12.1822713,46.5692759],[12.1823321,46.5692802],[12.182797,46.569652],[12.1823727,46.5702506],[12.1824966,46.5704339],[12.1822713,46.5706035],[12.1823142,46.5708838],[12.1830331,46.5707141],[12.1834837,46.570987],[12.1839235,46.5710755],[12.1847175,46.5710682],[12.1847445,46.5711125],[12.1841108,46.5715339],[12.1834086,46.5714517],[12.1830545,46.5711567],[12.1827482,46.571202],[12.1819094,46.5710443],[12.1818416,46.5703081],[12.1822279,46.5696738],[12.1821696,46.5695268],[12.1819335,46.5694751],[12.1815412,46.5694378],[12.1807902,46.5688182],[12.1806614,46.5687265],[12.1801894,46.5683904]]]},"properties":{"id":"1cc4ffee-0a2d-33b2-b9c0-d886f878148c","version":0,"sources":[{"property":"","dataset":"OpenStreetMap","license":"ODbL-1.0","record_id":"w880760363@1","update_time":"2020-12-03T20:20:48.000Z","confidence":null,"between":null}],"subtype":"rock","class":"scree","source_tags":[["natural","scree"]]}}
{"type":"Feature","geometry":{"type":"Polygon","coordinates":[[[12.1797608,46.5660525],[12.1789132,46.565964],[12.1783065,46.5657807],[12.1779583,46.5656173],[12.1783065,46.5654193],[12.1799217,46.565396],[12.1804689,46.565219],[12.181096,46.5650136],[12.1817778,46.5650789],[12.1820031,46.56516],[12.1824108,46.5655436],[12.182679,46.5659861],[12.1836553,46.5667606],[12.1833013,46.5675204],[12.1829794,46.5674466],[12.1828185,46.5673139],[12.1823571,46.5672844],[12.1830652,46.5677048],[12.1826683,46.5678892],[12.1814774,46.5674024],[12.1806298,46.5667385],[12.1797608,46.5660525]]]},"properties":{"id":"d79e3969-92c9-393c-b61b-3fd945958cf2","version":0,"sources":[{"property":"","dataset":"OpenStreetMap","license":"ODbL-1.0","record_id":"w259555694@2","update_time":"2019-08-23T10:35:46.000Z","confidence":null,"between":null}],"subtype":"shrub","class":"scrub","source_tags":[["natural","scrub"]]}}
{"type":"Feature","geometry":{"type":"Polygon","coordinates":[[[12.1819602,46.5683317],[12.1810316,46.5683992],[12.1801792,46.568022],[12.1783016,46.5680588],[12.1778559,46.5678682],[12.1775184,46.5674097],[12.1774374,46.5669462],[12.1770893,46.5668787],[12.1770083,46.5667544],[12.1775447,46.5664446],[12.178366,46.5662738],[12.1792506,46.5663266],[12.1798146,46.5666722],[12.1803187,46.5670704],[12.1803771,46.5673297],[12.1817933,46.5681116],[12.1819602,46.5683317]]]},"properties":{"id":"fd62515c-50ab-37d6-8103-fa6f9b0c8da9","version":0,"sources":[{"property":"","dataset":"OpenStreetMap","license":"ODbL-1.0","record_id":"w259555691@2","update_time":"2020-12-03T20:20:48.000Z","confidence":null,"between":null}],"subtype":"shrub","class":"scrub","source_tags":[["natural","scrub"]]}}
{"type":"Feature","geometry":{"type":"Polygon","coordinates":[[[12.1798146,46.5666722],[12.1797608,46.5660525],[12.1806298,46.5667385],[12.1814774,46.5674024],[12.1826683,46.5678892],[12.1831888,46.5683724],[12.1836387,46.5689451],[12.1832369,46.5689956],[12.1827756,46.5687079],[12.1827219,46.5688407],[12.1819602,46.5683317],[12.1817933,46.5681116],[12.1803771,46.5673297],[12.1803187,46.5670704],[12.1798146,46.5666722]]]},"properties":{"id":"e46d4dd6-9ebf-3689-800d-217885469b22","version":0,"sources":[{"property":"","dataset":"OpenStreetMap","license":"ODbL-1.0","record_id":"w880760362@1","update_time":"2020-12-03T20:20:48.000Z","confidence":null,"between":null}],"subtype":"rock","class":"scree","source_tags":[["natural","scree"]]}}
{"type":"Feature","geometry":{"type":"Point","coordinates":[12.1836391,46.5647828]},"properties":{"id":"81ee006f-e91d-3504-84bb-11546f75174c","version":0,"sources":[{"property":"","dataset":"OpenStreetMap","license":"ODbL-1.0","record_id":"n13260125609@1","update_time":"2025-10-26T18:48:44.000Z","confidence":null,"between":null}],"subtype":"physical","class":"saddle","names":{"primary":"Forcella Son Forca","common":null,"rules":null},"source_tags":[["ele","2110"],["natural","saddle"]],"elevation":2110}}
{"type":"Feature","geometry":{"type":"Polygon","coordinates":[[[12.1804882,46.5641465],[12.1806412,46.5626204],[12.1810209,46.56269],[12.1812462,46.5623875],[12.1817563,46.562202],[12.1825932,46.5622831],[12.1832739,46.5624539],[12.1841966,46.5630072],[12.184379,46.5629998],[12.1852909,46.563258],[12.1855972,46.5630946],[12.1856986,46.5637006],[12.1854407,46.5639204],[12.1852325,46.5640978],[12.1852609,46.5637301],[12.1852802,46.5634793],[12.1847282,46.563729],[12.1844707,46.5642527],[12.1837353,46.5644161],[12.1836352,46.564687],[12.1833335,46.5647395],[12.1833812,46.5649398],[12.1836124,46.5651231],[12.1836982,46.5661484],[12.1831237,46.5659356],[12.1828828,46.5656763],[12.1827648,46.5653149],[12.1822713,46.5649461],[12.1817563,46.5647469],[12.1815788,46.564453],[12.1809852,46.5642862],[12.1804882,46.5641465]]]},"properties":{"id":"3819f8b1-7e78-3e64-b4a6-374d3b6c312d","version":0,"sources":[{"property":"","dataset":"OpenStreetMap","license":"ODbL-1.0","record_id":"w259555687@3","update_time":"2020-12-03T20:20:48.000Z","confidence":null,"between":null}],"subtype":"shrub","class":"scrub","source_tags":[["natural","scrub"]]}}
{"type":"Feature","geometry":{"type":"Polygon","coordinates":[[[12.180469,46.5605497],[12.1807898,46.5608147],[12.1819603,46.5617816],[12.1824539,46.5616562],[12.1829474,46.5611767],[12.1831614,46.5610531],[12.183752,46.560712],[12.1837933,46.5610526],[12.1838272,46.5613316],[12.1844602,46.5614054],[12.1850395,46.5613464],[12.1851585,46.5615945],[12.1854465,46.5621949],[12.1862195,46.5620397],[12.1860049,46.5626962],[12.1863161,46.5628069],[12.1870134,46.5624675],[12.1870456,46.5626962],[12.1875928,46.5623938],[12.187743,46.5631757],[12.1881019,46.562417],[12.1884082,46.5627626],[12.1886442,46.5627257],[12.188692,46.5622769],[12.1891378,46.5622758],[12.1893094,46.5624823],[12.1897922,46.5622536],[12.189921,46.5624528],[12.1901468,46.5624772],[12.1903716,46.5626003],[12.190389,46.5627312],[12.1902293,46.5628231],[12.1896349,46.5630023],[12.1894633,46.5630346],[12.1893002,46.5630874],[12.1892074,46.5629975],[12.1890565,46.5630061],[12.1887944,46.5630577],[12.188413,46.5632506],[12.1884159,46.5633695],[12.1884491,46.5634722],[12.1884082,46.5635962],[12.1885626,46.5636197],[12.1887408,46.5637658],[12.1886802,46.5638099],[12.1889182,46.5640135],[12.1890088,46.5640649],[12.1889964,46.5641205],[12.188831,46.5640192],[12.1886553,46.5639298],[12.188528,46.5640173],[12.1884796,46.5640925],[12.1885045,46.5641895],[12.1884284,46.5642418],[12.1884345,46.5643644],[12.1890197,46.5652485],[12.1886873,46.5661227],[12.1883225,46.5655732],[12.1877537,46.5653149],[12.1880375,46.5645267],[12.1877752,46.5642011],[12.1873811,46.5635908],[12.1874642,46.5630873],[12.1866757,46.5634598],[12.1860158,46.5636406],[12.1860695,46.5632385],[12.1856028,46.5629619],[12.1849,46.5625857],[12.1841812,46.5623607],[12.1831566,46.5621873],[12.1819818,46.5620361],[12.180748,46.5621652],[12.179364,46.5622796],[12.1778727,46.5620693],[12.1768695,46.561671],[12.176435,46.5614054],[12.1776574,46.5605867],[12.1799888,46.5597878],[12.180469,46.5605497]]]},"properties":{"id":"20ee237f-f212-3bb7-b368-86f2bf2ef3b4","version":0,"sources":[{"property":"","dataset":"OpenStreetMap","license":"ODbL-1.0","record_id":"w854991816@3","update_time":"2022-11-02T15:53:38.000Z","confidence":null,"between":null}],"subtype":"rock","class":"scree","source_tags":[["natural","scree"]]}}
{"type":"Feature","geometry":{"type":"Point","coordinates":[12.1729337,46.5640729]},"properties":{"id":"e9e56d0b-c6db-3a4b-9e1e-0ac8409cbbed","version":0,"sources":[{"property":"","dataset":"OpenStreetMap","license":"ODbL-1.0","record_id":"n11084290913@2","update_time":"2023-08-03T07:39:30.000Z","confidence":null,"between":null}],"subtype":"physical","class":"peak","names":{"primary":"Pala Per\u00f3sego","common":null,"rules":null},"source_tags":[["ele","2228"],["natural","peak"]],"elevation":2228}}
{"type":"Feature","geometry":{"type":"Point","coordinates":[12.1739721,46.5632409]},"properties":{"id":"d3cf1d66-eb04-3dfa-9e02-b71e1e20db12","version":0,"sources":[{"property":"","dataset":"OpenStreetMap","license":"ODbL-1.0","record_id":"n11084290912@2","update_time":"2023-08-03T07:39:30.000Z","confidence":null,"between":null}],"subtype":"physical","class":"peak","names":{"primary":"Campanile Per\u00f3sego","common":null,"rules":null},"source_tags":[["ele","2208"],["natural","peak"]],"elevation":2208}}
{"type":"Feature","geometry":{"type":"Polygon","coordinates":[[[12.1738914,46.5649486],[12.1739724,46.5644481],[12.173356,46.5647915],[12.172605,46.5640612],[12.1733807,46.5637319],[12.1739461,46.564076],[12.1739246,46.5633236],[12.1739032,46.5626228],[12.1745898,46.5625343],[12.1746896,46.5623893],[12.1760382,46.5622318],[12.1770038,46.5625564],[12.1772752,46.562286],[12.177905,46.5623646],[12.1788599,46.5624605],[12.1790982,46.5627375],[12.1767337,46.562917],[12.1747518,46.5640653],[12.1738914,46.5649486]]]},"properties":{"id":"786dd758-f1b4-3536-97bd-c382d3c8f93d","version":0,"sources":[{"property":"","dataset":"OpenStreetMap","license":"ODbL-1.0","record_id":"w260181737@1","update_time":"2014-02-05T20:31:06.000Z","confidence":null,"between":null}],"subtype":"shrub","class":"scrub","source_tags":[["natural","scrub"]]}}
{"type":"Feature","geometry":{"type":"Polygon","coordinates":[[[12.1757947,46.5613701],[12.1756036,46.5614528],[12.175287,46.5615898],[12.1746029,46.5609534],[12.1745868,46.5608401],[12.1743744,46.5593474],[12.1751039,46.5599523],[12.1756618,46.5611326],[12.1758664,46.561339],[12.1757947,46.5613701]]]},"properties":{"id":"85c401a0-1095-3ac3-b775-68c536885a9a","version":0,"sources":[{"property":"","dataset":"OpenStreetMap","license":"ODbL-1.0","record_id":"w882997514@1","update_time":"2020-12-09T23:40:55.000Z","confidence":null,"between":null}],"subtype":"rock","class":"scree","source_tags":[["natural","scree"]]}}
{"type":"Feature","geometry":{"type":"Polygon","coordinates":[[[12.1838272,46.5613316],[12.1837933,46.5610526],[12.183752,46.560712],[12.1846425,46.5605497],[12.1853238,46.5608632],[12.1852694,46.561104],[12.1851585,46.5615945],[12.1850395,46.5613464],[12.1844602,46.5614054],[12.1838272,46.5613316]]]},"properties":{"id":"3ddaff37-4d8e-31ec-82c2-a3923c4b043d","version":0,"sources":[{"property":"","dataset":"OpenStreetMap","license":"ODbL-1.0","record_id":"w880760351@1","update_time":"2020-12-03T20:20:48.000Z","confidence":null,"between":null}],"subtype":"shrub","class":"scrub","source_tags":[["natural","scrub"]]}}
{"type":"Feature","geometry":{"type":"Polygon","coordinates":[[[12.1854465,46.5621949],[12.1863478,46.5615457],[12.1868842,46.561708],[12.1874909,46.5617324],[12.1879399,46.5593659],[12.1883433,46.5593474],[12.1886652,46.558831],[12.1896133,46.55873],[12.1893893,46.5590015],[12.1889173,46.5590826],[12.1890675,46.5593113],[12.1894966,46.5594072],[12.1885203,46.55999],[12.1881832,46.5604991],[12.1883202,46.5613448],[12.1884618,46.561693],[12.1897708,46.5618553],[12.1897922,46.5622536],[12.1893094,46.5624823],[12.1891378,46.5622758],[12.188692,46.5622769],[12.1886442,46.5627257],[12.1884082,46.5627626],[12.1881019,46.562417],[12.187743,46.5631757],[12.1875928,46.5623938],[12.1870456,46.5626962],[12.1870134,46.5624675],[12.1863161,46.5628069],[12.1860049,46.5626962],[12.1862195,46.5620397],[12.1854465,46.5621949]]]},"properties":{"id":"d17b4a7c-6968-3540-b3eb-d2938d23356d","version":0,"sources":[{"property":"","dataset":"OpenStreetMap","license":"ODbL-1.0","record_id":"w259555696@1","update_time":"2014-02-02T14:54:30.000Z","confidence":null,"between":null}],"subtype":"shrub","class":"scrub","source_tags":[["natural","scrub"]]}}
{"type":"Feature","geometry":{"type":"Polygon","coordinates":[[[12.1866809,46.5661115],[12.1864067,46.5659504],[12.186632,46.5654045],[12.186492,46.5650702],[12.1864555,46.564983],[12.1865714,46.5647879],[12.1867529,46.564823],[12.1869023,46.5648706],[12.1870794,46.5648154],[12.1869881,46.5648944],[12.1869839,46.5649943],[12.187096,46.5648906],[12.1871209,46.5650171],[12.1872039,46.5649933],[12.1871845,46.5648801],[12.1872496,46.5648249],[12.1873879,46.5647593],[12.1872551,46.5647022],[12.1872523,46.5645586],[12.1871264,46.5646394],[12.1871707,46.564725],[12.186941,46.564784],[12.1866532,46.5646366],[12.1867999,46.5644948],[12.1870808,46.5644397],[12.1872164,46.5645253],[12.1872606,46.5644834],[12.1871707,46.5643912],[12.1877752,46.5642011],[12.1880375,46.5645267],[12.1877537,46.5653149],[12.1873723,46.5659209],[12.1870826,46.5655742],[12.186713,46.5657722],[12.1869383,46.5658976],[12.1866809,46.5661115]]]},"properties":{"id":"f94dc77c-6615-3ac1-895f-d0f38b006efe","version":0,"sources":[{"property":"","dataset":"OpenStreetMap","license":"ODbL-1.0","record_id":"w259555693@3","update_time":"2022-11-02T15:53:38.000Z","confidence":null,"between":null}],"subtype":"shrub","class":"scrub","source_tags":[["natural","scrub"]]}}
{"type":"Feature","geometry":{"type":"Polygon","coordinates":[[[12.188773,46.5643855],[12.1891056,46.5641789],[12.1892253,46.5642437],[12.1894315,46.564452],[12.1891914,46.5643191],[12.188773,46.5643855]]]},"properties":{"id":"90f26d79-e047-3df5-a19b-0c8f4a904c5b","version":0,"sources":[{"property":"","dataset":"OpenStreetMap","license":"ODbL-1.0","record_id":"w1109661119@1","update_time":"2022-11-02T15:53:38.000Z","confidence":null,"between":null}],"subtype":"grass","class":"grassland","source_tags":[["natural","grassland"]]}}
{"type":"Feature","geometry":{"type":"Polygon","coordinates":[[[12.1890431,46.5641393],[12.1890519,46.5640757],[12.1892253,46.5642437],[12.1891056,46.5641789],[12.1890431,46.5641393]]]},"properties":{"id":"8f56147c-8fff-344d-a7a3-bfb350e35816","version":0,"sources":[{"property":"","dataset":"OpenStreetMap","license":"ODbL-1.0","record_id":"w1109661118@1","update_time":"2022-11-02T15:53:38.000Z","confidence":null,"between":null}],"subtype":"rock","class":"scree","source_tags":[["natural","scree"]]}}
{"type":"Feature","geometry":{"type":"Polygon","coordinates":[[[12.1887944,46.5630577],[12.1890565,46.5630061],[12.1892074,46.5629975],[12.1893002,46.5630874],[12.1894633,46.5630346],[12.1896349,46.5630023],[12.1902293,46.5628231],[12.190389,46.5627312],[12.1903716,46.5626003],[12.1901468,46.5624772],[12.189921,46.5624528],[12.1900975,46.5622842],[12.1913205,46.5619154],[12.192093,46.5616572],[12.1926568,46.5620323],[12.1929513,46.5623211],[12.1930323,46.5627995],[12.1926997,46.5628511],[12.192372,46.5634202],[12.1929728,46.5633686],[12.1927475,46.5644603],[12.1931766,46.5646816],[12.1934293,46.5647986],[12.1927426,46.564983],[12.1927534,46.5648354],[12.1930264,46.5646964],[12.192807,46.5646289],[12.19249,46.5648218],[12.1923779,46.5652338],[12.1919594,46.5649608],[12.191342,46.5650357],[12.1914659,46.564651],[12.1906934,46.5646732],[12.1906505,46.565042],[12.1898673,46.5644666],[12.1896206,46.5644519],[12.1894704,46.5643633],[12.1893762,46.5642894],[12.1894333,46.5641751],[12.1898351,46.563788],[12.1897359,46.5637243],[12.1896742,46.5637732],[12.189245,46.5641789],[12.1890519,46.5640757],[12.1890431,46.5641393],[12.1891056,46.5641789],[12.188773,46.5643855],[12.1891914,46.5643191],[12.1893738,46.565278],[12.1890197,46.5652485],[12.1884345,46.5643644],[12.1884284,46.5642418],[12.1885045,46.5641895],[12.1884796,46.5640925],[12.188528,46.5640173],[12.1886553,46.5639298],[12.188831,46.5640192],[12.1889964,46.5641205],[12.1890088,46.5640649],[12.1889182,46.5640135],[12.1886802,46.5638099],[12.1887408,46.5637658],[12.1885626,46.5636197],[12.1884082,46.5635962],[12.1884491,46.5634722],[12.1884159,46.5633695],[12.188413,46.5632506],[12.1887944,46.5630577]]]},"properties":{"id":"402226da-705b-35e1-a4e4-d9755c2e4465","version":0,"sources":[{"property":"","dataset":"OpenStreetMap","license":"ODbL-1.0","record_id":"w259555698@2","update_time":"2022-11-02T15:53:38.000Z","confidence":null,"between":null}],"subtype":"shrub","class":"scrub","source_tags":[["natural","scrub"]]}}
{"type":"Feature","geometry":{"type":"Polygon","coordinates":[[[12.1893762,46.5642894],[12.189245,46.5641789],[12.1896742,46.5637732],[12.1897359,46.5637243],[12.1898351,46.563788],[12.1894333,46.5641751],[12.1893762,46.5642894]]]},"properties":{"id":"7b9ad9e6-e21d-330c-bf86-524ff649692a","version":0,"sources":[{"property":"","dataset":"OpenStreetMap","license":"ODbL-1.0","record_id":"w1109661117@1","update_time":"2022-11-02T15:53:38.000Z","confidence":null,"between":null}],"subtype":"grass","class":"grassland","source_tags":[["natural","grassland"]]}}
{"type":"Feature","geometry":{"type":"Polygon","coordinates":[[[12.1893738,46.565278],[12.1891914,46.5643191],[12.1894315,46.564452],[12.1898009,46.5647127],[12.1904249,46.5652188],[12.1904484,46.5653491],[12.190216,46.5652692],[12.1900555,46.5653034],[12.1900112,46.5651912],[12.1897428,46.5652045],[12.189545,46.5652302],[12.1893738,46.565278]]]},"properties":{"id":"243d232f-5c67-3258-bbc4-e2655ded9fb8","version":0,"sources":[{"property":"","dataset":"OpenStreetMap","license":"ODbL-1.0","record_id":"w1109661120@1","update_time":"2022-11-02T15:53:38.000Z","confidence":null,"between":null}],"subtype":"rock","class":"scree","source_tags":[["natural","scree"]]}}
{"type":"Feature","geometry":{"type":"Polygon","coordinates":[[[12.1911335,46.5654699],[12.1908849,46.5652496],[12.1906505,46.565042],[12.1906934,46.5646732],[12.1914659,46.564651],[12.191342,46.5650357],[12.1919594,46.5649608],[12.1918684,46.5652339],[12.1913255,46.5654082],[12.1911335,46.5654699]]]},"properties":{"id":"22ff77b0-fb7c-3144-b55f-51078d4766ff","version":0,"sources":[{"property":"","dataset":"OpenStreetMap","license":"ODbL-1.0","record_id":"w884071492@1","update_time":"2020-12-12T11:51:10.000Z","confidence":null,"between":null}],"subtype":"rock","class":"scree","source_tags":[["natural","scree"]]}}
{"type":"Feature","geometry":{"type":"Polygon","coordinates":[[[12.1897708,46.5618553],[12.1884618,46.561693],[12.1883202,46.5613448],[12.1881832,46.5604991],[12.1885203,46.55999],[12.1894966,46.5594072],[12.1896098,46.5597233],[12.190039,46.5594061],[12.1910738,46.5595621],[12.1913098,46.5597834],[12.1919214,46.55954],[12.1917127,46.5599741],[12.192211,46.5600416],[12.192372,46.5602851],[12.1927617,46.5601293],[12.1932791,46.5599225],[12.193086,46.5603061],[12.1925222,46.560499],[12.1922062,46.561243],[12.1906076,46.5617372],[12.1897493,46.5615381],[12.1897708,46.5618553]]]},"properties":{"id":"1ed44ad0-85a6-3ccd-8915-4b0a8b5c39b1","version":0,"sources":[{"property":"","dataset":"OpenStreetMap","license":"ODbL-1.0","record_id":"w259555690@2","update_time":"2020-12-03T20:20:48.000Z","confidence":null,"between":null}],"subtype":"forest","class":"forest","source_tags":[["landuse","forest"]]}}
{"type":"Feature","geometry":{"type":"Polygon","coordinates":[[[12.1989863,46.562785],[12.1987722,46.5628035],[12.1987168,46.5632905],[12.1983903,46.5631754],[12.1982997,46.5630801],[12.1982962,46.5629652],[12.1984401,46.5629271],[12.1983405,46.5626569],[12.1982077,46.5626075],[12.1981509,46.562303],[12.1979835,46.5623906],[12.197942,46.5624477],[12.1978864,46.5624343],[12.1978618,46.562265],[12.1979669,46.5621604],[12.1979309,46.561894],[12.1977723,46.5616433],[12.1979171,46.5615953],[12.1979973,46.5617551],[12.198142,46.5618829],[12.198346,46.5617817],[12.1986725,46.5616885],[12.1989327,46.5617342],[12.1991076,46.5618386],[12.1989863,46.562785]]]},"properties":{"id":"1fb21829-5518-3350-ab00-47684a4ec9d7","version":0,"sources":[{"property":"","dataset":"OpenStreetMap","license":"ODbL-1.0","record_id":"w842112545@2","update_time":"2022-11-02T15:53:38.000Z","confidence":null,"between":null}],"subtype":"rock","class":"scree","source_tags":[["natural","scree"]]}}
{"type":"Feature","geometry":{"type":"Polygon","coordinates":[[[12.1961304,46.5635974],[12.1958835,46.5629341],[12.1967908,46.5622174],[12.1967107,46.5613104],[12.1958953,46.5608973],[12.1982128,46.5592448],[12.2012848,46.5599837],[12.2033823,46.5598391],[12.2023114,46.5581419],[12.2028538,46.5581799],[12.2035096,46.5576513],[12.2037199,46.5584958],[12.2042844,46.5581495],[12.2043813,46.5589258],[12.2041377,46.5594243],[12.2049209,46.5593844],[12.2060554,46.5593251],[12.20721,46.55948],[12.2077777,46.5597349],[12.2073228,46.5608361],[12.2077545,46.5613765],[12.2091104,46.5599837],[12.2084463,46.5613651],[12.2076327,46.5619435],[12.2081419,46.5630888],[12.2098935,46.5617323],[12.21009,46.5617874],[12.2114187,46.5624264],[12.2134673,46.5628503],[12.2130003,46.5630123],[12.2122816,46.5628605],[12.2114643,46.5627322],[12.2105949,46.5622982],[12.2099848,46.5623126],[12.2093504,46.5625932],[12.2088139,46.5630654],[12.2097581,46.5634489],[12.2096937,46.5637293],[12.2085135,46.563744],[12.2081487,46.5639063],[12.208256,46.5642899],[12.2091573,46.5648505],[12.2085564,46.5652488],[12.2081273,46.5646292],[12.2081198,46.5654531],[12.2076123,46.5651898],[12.2055738,46.565175],[12.2049945,46.5654258],[12.2055309,46.5641866],[12.2041147,46.5655881],[12.2038712,46.5641991],[12.2036387,46.564123],[12.2034008,46.5640453],[12.2029712,46.5639047],[12.2028044,46.5638501],[12.2021191,46.563626],[12.2027843,46.5629768],[12.2031706,46.5637145],[12.2035064,46.5633435],[12.2034281,46.5629031],[12.204092,46.5627187],[12.2045439,46.5625932],[12.204737,46.5628588],[12.2043078,46.563567],[12.2038143,46.5637883],[12.2043078,46.563921],[12.2046511,46.5637293],[12.2048228,46.5631391],[12.2055019,46.5630041],[12.2050159,46.5627408],[12.2047799,46.5623719],[12.2039216,46.5621211],[12.2041362,46.5615605],[12.2037499,46.5616195],[12.2035568,46.5615162],[12.2033609,46.5620863],[12.2032779,46.5623277],[12.203002,46.5624036],[12.2024196,46.5625637],[12.2024625,46.5617966],[12.2027124,46.5617943],[12.2022404,46.5612189],[12.2017973,46.5610146],[12.2017544,46.5613392],[12.2012394,46.5613097],[12.2020977,46.5622244],[12.2021092,46.5625407],[12.2021191,46.5628146],[12.2014679,46.5629009],[12.2011535,46.5627408],[12.2009958,46.5630041],[12.2006096,46.5630041],[12.20066,46.5624605],[12.2008317,46.5623572],[12.2010463,46.5625047],[12.2011535,46.5616933],[12.1999734,46.5620326],[12.2004884,46.5625195],[12.2001161,46.5629304],[12.1989863,46.562785],[12.1991076,46.5618386],[12.1989327,46.5617342],[12.1986725,46.5616885],[12.198346,46.5617817],[12.198142,46.5618829],[12.1979973,46.5617551],[12.1979171,46.5615953],[12.1977723,46.5616433],[12.1979309,46.561894],[12.1979669,46.5621604],[12.1978618,46.562265],[12.1978864,46.5624343],[12.197942,46.5624477],[12.1979835,46.5623906],[12.1981509,46.562303],[12.1982077,46.5626075],[12.1983405,46.5626569],[12.1984401,46.5629271],[12.1982962,46.5629652],[12.1982997,46.5630801],[12.1982173,46.5631573],[12.1979046,46.5631687],[12.1976957,46.5631735],[12.1976348,46.563066],[12.1977815,46.5629081],[12.1978548,46.5627112],[12.1978936,46.5625599],[12.1978784,46.5625333],[12.1977649,46.5627616],[12.1974827,46.5628757],[12.197401,46.5630032],[12.1975048,46.5631497],[12.1971727,46.5632182],[12.1971201,46.5630222],[12.1970814,46.5624191],[12.1970344,46.5618493],[12.1969403,46.5615601],[12.1969444,46.5611063],[12.1967673,46.5612595],[12.196849,46.5618464],[12.196932,46.5623944],[12.1969237,46.563066],[12.196968,46.5633076],[12.1968019,46.5632582],[12.1971478,46.5635797],[12.1970537,46.5638556],[12.1968849,46.5636672],[12.19629,46.5638822],[12.1961304,46.5635974]]]},"properties":{"id":"ade9da54-5930-3ba3-8055-85e77d0000ea","version":0,"sources":[{"property":"","dataset":"OpenStreetMap","license":"ODbL-1.0","record_id":"w255858110@4","update_time":"2022-11-02T15:53:38.000Z","confidence":null,"between":null}],"subtype":"shrub","class":"scrub","source_tags":[["natural","scrub"]]}}
{"type":"Feature","geometry":{"type":"Polygon","coordinates":[[[12.2006096,46.5630041],[12.2001161,46.5629304],[12.2004884,46.5625195],[12.1999734,46.5620326],[12.2011535,46.5616933],[12.2010463,46.5625047],[12.2008317,46.5623572],[12.20066,46.5624605],[12.2006096,46.5630041]]]},"properties":{"id":"b615378b-59c0-327e-b388-5daae325975b","version":0,"sources":[{"property":"","dataset":"OpenStreetMap","license":"ODbL-1.0","record_id":"w842112548@1","update_time":"2020-08-29T10:23:28.000Z","confidence":null,"between":null}],"subtype":"rock","class":"scree","source_tags":[["natural","scree"]]}}
{"type":"Feature","geometry":{"type":"Polygon","coordinates":[[[12.198869,46.5649462],[12.197182,46.5648648],[12.1973517,46.5642858],[12.1981274,46.5639279],[12.1983571,46.5638251],[12.1986947,46.5638974],[12.1985453,46.5637034],[12.1989655,46.5634414],[12.199303,46.5634611],[12.1993067,46.564061],[12.1993089,46.5644003],[12.198869,46.5649462]]]},"properties":{"id":"6689201c-2235-3da1-a40b-badb1f415802","version":0,"sources":[{"property":"","dataset":"OpenStreetMap","license":"ODbL-1.0","record_id":"w842112554@2","update_time":"2022-11-02T15:53:38.000Z","confidence":null,"between":null}],"subtype":"grass","class":"grassland","source_tags":[["natural","grassland"]]}}
{"type":"Feature","geometry":{"type":"Polygon","coordinates":[[[12.1996951,46.5656765],[12.1986049,46.5655902],[12.1984827,46.5655806],[12.1971095,46.5652929],[12.197182,46.5648648],[12.198869,46.5649462],[12.1993089,46.5644003],[12.1993067,46.564061],[12.199303,46.5634611],[12.2001329,46.5635097],[12.2001708,46.5640904],[12.2001886,46.5643635],[12.2010147,46.5642381],[12.2011435,46.564511],[12.2010794,46.5645362],[12.2009182,46.5645995],[12.2001862,46.5652441],[12.1996951,46.5656765]]]},"properties":{"id":"2edbc006-028b-3b4c-8af3-cc75b2473759","version":0,"sources":[{"property":"","dataset":"OpenStreetMap","license":"ODbL-1.0","record_id":"w842112555@2","update_time":"2020-12-09T23:40:55.000Z","confidence":null,"between":null}],"subtype":"rock","class":"scree","source_tags":[["natural","scree"]]}}
{"type":"Feature","geometry":{"type":"Polygon","coordinates":[[[12.1982173,46.5631573],[12.1978507,46.5632525],[12.1975048,46.5631497],[12.197401,46.5630032],[12.1974827,46.5628757],[12.1977649,46.5627616],[12.1978784,46.5625333],[12.1978936,46.5625599],[12.1978548,46.5627112],[12.1977815,46.5629081],[12.1976348,46.563066],[12.1976957,46.5631735],[12.1979046,46.5631687],[12.1982173,46.5631573]]]},"properties":{"id":"03e21928-4d04-3a0d-9488-392011ca4cab","version":0,"sources":[{"property":"","dataset":"OpenStreetMap","license":"ODbL-1.0","record_id":"w1109661121@1","update_time":"2022-11-02T15:53:38.000Z","confidence":null,"between":null}],"subtype":"rock","class":"scree","source_tags":[["natural","scree"]]}}
{"type":"Feature","geometry":{"type":"Polygon","coordinates":[[[12.1957201,46.5642712],[12.1959469,46.5638988],[12.1961304,46.5635974],[12.19629,46.5638822],[12.1968849,46.5636672],[12.1970537,46.5638556],[12.1971478,46.5635797],[12.1968019,46.5632582],[12.196968,46.5633076],[12.1969237,46.563066],[12.196932,46.5623944],[12.196849,46.5618464],[12.1967673,46.5612595],[12.1969444,46.5611063],[12.1969403,46.5615601],[12.1970344,46.5618493],[12.1970814,46.5624191],[12.1971201,46.5630222],[12.1971727,46.5632182],[12.1972004,46.5633933],[12.1974052,46.5636558],[12.1974993,46.5639146],[12.19717,46.564141],[12.1968999,46.5640255],[12.1964443,46.5642159],[12.196117,46.5652007],[12.1952158,46.5651712],[12.1951229,46.5643201],[12.1957201,46.5642712]]]},"properties":{"id":"798347a4-0fd6-372d-83ba-9d032340d001","version":0,"sources":[{"property":"","dataset":"OpenStreetMap","license":"ODbL-1.0","record_id":"w842112544@2","update_time":"2022-11-02T15:53:38.000Z","confidence":null,"between":null}],"subtype":"rock","class":"scree","source_tags":[["natural","scree"]]}}
{"type":"Feature","geometry":{"type":"Polygon","coordinates":[[[12.2021191,46.563626],[12.201011,46.5635611],[12.2001329,46.5635097],[12.199303,46.5634611],[12.1989655,46.5634414],[12.1985453,46.5637034],[12.1986947,46.5638974],[12.1983571,46.5638251],[12.1981274,46.5639279],[12.1973517,46.5642858],[12.197182,46.5648648],[12.1971095,46.5652929],[12.1984827,46.5655806],[12.1986049,46.5655902],[12.1996951,46.5656765],[12.1980732,46.5661411],[12.1960902,46.5667091],[12.1942341,46.5669747],[12.1941061,46.566626],[12.1942878,46.5665727],[12.1943414,46.5662758],[12.1942931,46.5660692],[12.1945506,46.5660877],[12.1944701,46.5658848],[12.1939203,46.5660029],[12.1934268,46.5659272],[12.1934851,46.5660687],[12.1928608,46.5661043],[12.1912515,46.5670189],[12.1901596,46.5666677],[12.1894169,46.5664288],[12.1892147,46.5665367],[12.1889414,46.5666824],[12.18828,46.5670351],[12.1877432,46.5673214],[12.186929,46.5674613],[12.1863055,46.5675684],[12.1853718,46.5673099],[12.1854149,46.5671221],[12.1852539,46.5670557],[12.1849428,46.5671442],[12.1849428,46.5667238],[12.1857094,46.5659135],[12.1860264,46.5665099],[12.1861766,46.5663033],[12.1860527,46.5656701],[12.1861122,46.565455],[12.1859084,46.5651231],[12.186492,46.5650702],[12.186632,46.5654045],[12.1864067,46.5659504],[12.1866809,46.5661115],[12.1869383,46.5658976],[12.186713,46.5657722],[12.1870826,46.5655742],[12.1873723,46.5659209],[12.1877537,46.5653149],[12.1883225,46.5655732],[12.1886873,46.5661227],[12.1890197,46.5652485],[12.1893738,46.565278],[12.189545,46.5652302],[12.1897428,46.5652045],[12.1900112,46.5651912],[12.1900555,46.5653034],[12.190216,46.5652692],[12.1904484,46.5653491],[12.1904249,46.5652188],[12.1898009,46.5647127],[12.1894315,46.564452],[12.1892253,46.5642437],[12.1890519,46.5640757],[12.189245,46.5641789],[12.1893762,46.5642894],[12.1894704,46.5643633],[12.1896206,46.5644519],[12.1898673,46.5644666],[12.1906505,46.565042],[12.1908849,46.5652496],[12.1911335,46.5654699],[12.1913255,46.5654082],[12.1918684,46.5652339],[12.1919594,46.5649608],[12.1923779,46.5652338],[12.19249,46.5648218],[12.192807,46.5646289],[12.1930264,46.5646964],[12.1927534,46.5648354],[12.1927426,46.564983],[12.1934293,46.5647986],[12.1931766,46.5646816],[12.1927475,46.5644603],[12.1929728,46.5633686],[12.192372,46.5634202],[12.1926997,46.5628511],[12.1930323,46.5627995],[12.1929513,46.5623211],[12.1934948,46.5627067],[12.1936166,46.5630141],[12.1942699,46.5637053],[12.1945079,46.5641771],[12.1951229,46.5643201],[12.1952158,46.5651712],[12.196117,46.5652007],[12.1964443,46.5642159],[12.1968999,46.5640255],[12.19717,46.564141],[12.1974993,46.5639146],[12.1974052,46.5636558],[12.1972004,46.5633933],[12.1971727,46.5632182],[12.1975048,46.5631497],[12.1978507,46.5632525],[12.1982173,46.5631573],[12.1982997,46.5630801],[12.1983903,46.5631754],[12.1987168,46.5632905],[12.1987722,46.5628035],[12.1989863,46.562785],[12.2001161,46.5629304],[12.2006096,46.5630041],[12.2009958,46.5630041],[12.2011535,46.5627408],[12.2014679,46.5629009],[12.2021191,46.5628146],[12.2024196,46.5625637],[12.203002,46.5624036],[12.2032779,46.5623277],[12.2039216,46.5621211],[12.2047799,46.5623719],[12.2045439,46.5625932],[12.204092,46.5627187],[12.2034281,46.5629031],[12.2035064,46.5633435],[12.2031706,46.5637145],[12.2027843,46.5629768],[12.2021191,46.563626]]]},"properties":{"id":"cd8f2ec4-9e79-3c06-9cdc-6b12add13df2","version":0,"sources":[{"property":"","dataset":"OpenStreetMap","license":"ODbL-1.0","record_id":"w842112556@4","update_time":"2022-11-02T15:53:38.000Z","confidence":null,"between":null}],"subtype":"rock","class":"bare_rock","source_tags":[["natural","bare_rock"]]}}
{"type":"Feature","geometry":{"type":"Polygon","coordinates":[[[12.1976379,46.5570731],[12.1974394,46.5575195],[12.1970451,46.5577463],[12.196852,46.5576006],[12.1969914,46.5573516],[12.1974662,46.5569274],[12.1976379,46.5570731]]]},"properties":{"id":"1c78170e-329c-3b03-89b2-d19ecf732c90","version":0,"sources":[{"property":"","dataset":"OpenStreetMap","license":"ODbL-1.0","record_id":"w1109661133@1","update_time":"2022-11-02T15:53:38.000Z","confidence":null,"between":null}],"subtype":"grass","class":"grassland","source_tags":[["natural","grassland"]]}}
{"type":"Feature","geometry":{"type":"Polygon","coordinates":[[[12.1957389,46.5548627],[12.1961029,46.5545741],[12.1965798,46.5545668],[12.1966909,46.5547649],[12.1965434,46.5548818],[12.196817,46.5551935],[12.1979623,46.5557409],[12.1981409,46.5553986],[12.1992532,46.5558422],[12.1994765,46.5559536],[12.199286,46.5560371],[12.1990103,46.5560906],[12.1988555,46.5561982],[12.1986962,46.5561945],[12.198632,46.5561586],[12.198763,46.556156],[12.1988758,46.5560841],[12.1989197,46.5560416],[12.1990722,46.55596],[12.1990648,46.5559301],[12.1988059,46.5559953],[12.1987538,46.5560087],[12.1986564,46.5559399],[12.1981414,46.5558895],[12.1981414,46.5559119],[12.1982172,46.5559642],[12.1982474,46.5560228],[12.1982695,46.5560656],[12.1982702,46.5561436],[12.1982373,46.5562386],[12.1981964,46.5562925],[12.1981435,46.5563289],[12.1981241,46.5562852],[12.1981099,46.5561417],[12.1979772,46.5560855],[12.1978337,46.556079],[12.1977371,46.5559997],[12.1974796,46.5559573],[12.1973576,46.5558549],[12.1973535,46.5557765],[12.1970384,46.5556714],[12.1969995,46.5554962],[12.1966481,46.5553643],[12.1963155,46.555309],[12.1960895,46.555216],[12.196058,46.5550821],[12.1957389,46.5548627]]]},"properties":{"id":"f95a3cca-5888-3d33-8352-5ca0aa1f176e","version":0,"sources":[{"property":"","dataset":"OpenStreetMap","license":"ODbL-1.0","record_id":"w1109661132@1","update_time":"2022-11-02T15:53:38.000Z","confidence":null,"between":null}],"subtype":"grass","class":"grassland","source_tags":[["natural","grassland"]]}}
{"type":"Feature","geometry":{"type":"Polygon","coordinates":[[[12.1994501,46.5545855],[12.1993616,46.5545474],[12.1994003,46.5542582],[12.1992564,46.5540412],[12.1994114,46.5538871],[12.1994612,46.5536873],[12.1997075,46.5533771],[12.1999095,46.5530917],[12.2000174,46.5530327],[12.1997628,46.5534627],[12.1995663,46.5540641],[12.1994501,46.5545855]]]},"properties":{"id":"8a578c39-d65a-31ea-8131-426ec90b06d6","version":0,"sources":[{"property":"","dataset":"OpenStreetMap","license":"ODbL-1.0","record_id":"w1109661125@1","update_time":"2022-11-02T15:53:38.000Z","confidence":null,"between":null}],"subtype":"grass","class":"grassland","source_tags":[["natural","grassland"]]}}
{"type":"Feature","geometry":{"type":"Polygon","coordinates":[[[12.1996687,46.552692],[12.1990766,46.5526216],[12.1990655,46.5524485],[12.1992813,46.552321],[12.1994861,46.5522049],[12.1995968,46.5523115],[12.1994806,46.5525607],[12.1997019,46.5525969],[12.1998514,46.5528861],[12.1996687,46.552692]]]},"properties":{"id":"a1fcff77-8d8e-39be-bca6-2fc8bbef0c14","version":0,"sources":[{"property":"","dataset":"OpenStreetMap","license":"ODbL-1.0","record_id":"w1109661126@1","update_time":"2022-11-02T15:53:38.000Z","confidence":null,"between":null}],"subtype":"grass","class":"grassland","source_tags":[["natural","grassland"]]}}
{"type":"Feature","geometry":{"type":"Polygon","coordinates":[[[12.195482,46.5502048],[12.1955152,46.550064],[12.1959192,46.5501325],[12.1962596,46.5500412],[12.1965224,46.5501496],[12.1966331,46.550123],[12.1970454,46.5501458],[12.1974882,46.5501097],[12.197621,46.549887],[12.1978977,46.5501649],[12.1981606,46.5501306],[12.1984982,46.5502296],[12.1992315,46.5503552],[12.1995802,46.5505778],[12.1992121,46.550477],[12.1989105,46.5504903],[12.1991485,46.5506235],[12.1988995,46.5507396],[12.1983848,46.5506958],[12.1977455,46.5504693],[12.1969264,46.5502809],[12.1967466,46.5503285],[12.1960326,46.5502162],[12.1958113,46.5503228],[12.195482,46.5502048]]]},"properties":{"id":"4b856003-a36b-372e-b590-acacd7733bd2","version":0,"sources":[{"property":"","dataset":"OpenStreetMap","license":"ODbL-1.0","record_id":"w1109661131@1","update_time":"2022-11-02T15:53:38.000Z","confidence":null,"between":null}],"subtype":"grass","class":"grassland","source_tags":[["natural","grassland"]]}}
{"type":"Feature","geometry":{"type":"MultiPolygon","coordinates":[[[[12.1480887,46.5387907],[12.1475952,46.5385545],[12.146759,46.5385377],[12.1489261,46.5376468],[12.1488253,46.5371369],[12.148658,46.5370156],[12.148513,46.5366726],[12.1480168,46.536722],[12.148304,46.5364252],[12.1484916,46.5363405],[12.1486203,46.5359715],[12.1475743,46.5357058],[12.1483065,46.5355043],[12.1485023,46.5355471],[12.1485883,46.5354768],[12.1486554,46.5354214],[12.1487573,46.5354196],[12.1488512,46.5354528],[12.1489558,46.5354583],[12.149055,46.5354343],[12.1491435,46.5353938],[12.1492508,46.5352498],[12.1493232,46.5352074],[12.1497229,46.5351207],[12.149806,46.5350764],[12.149857,46.5350118],[12.1498758,46.5349399],[12.1498436,46.5348088],[12.1496719,46.5347203],[12.1494681,46.5346871],[12.1492052,46.5346723],[12.1490282,46.5345985],[12.1488994,46.5344878],[12.1487868,46.534366],[12.1487814,46.5342221],[12.1487385,46.5340745],[12.14854,46.5340265],[12.1483952,46.5341335],[12.1483201,46.5342627],[12.1482933,46.5344066],[12.1482181,46.5344288],[12.1481055,46.5343992],[12.1481538,46.5340228],[12.1480116,46.5338272],[12.147966,46.5337645],[12.1478373,46.5336464],[12.1477407,46.5335172],[12.1476603,46.5333807],[12.147451,46.5333549],[12.147274,46.5332811],[12.1473169,46.5331371],[12.1474779,46.5330338],[12.1475905,46.5329083],[12.1476549,46.5327681],[12.1475851,46.5326279],[12.1473759,46.5326279],[12.1470648,46.5326943],[12.1468656,46.5325026],[12.1470702,46.5323917],[12.1472633,46.5323253],[12.147451,46.5322514],[12.1476495,46.532185],[12.1478641,46.5321444],[12.1480626,46.5320891],[12.1481216,46.5319451],[12.1479499,46.5318639],[12.1477461,46.5318824],[12.1475369,46.5319082],[12.147392,46.5318049],[12.1473491,46.5316647],[12.1472847,46.5315207],[12.1472043,46.5313842],[12.1470755,46.5312698],[12.1469146,46.5311738],[12.1467054,46.5311628],[12.146523,46.5312255],[12.1463138,46.5312476],[12.1461099,46.5312919],[12.1459061,46.5313251],[12.1457055,46.5313669],[12.1455421,46.5312647],[12.1457498,46.5310854],[12.1457176,46.5308991],[12.1459436,46.5308528],[12.1460938,46.5307531],[12.1461475,46.5306129],[12.1461099,46.5304689],[12.1459114,46.5304062],[12.1457022,46.5304099],[12.1455091,46.5303545],[12.1452945,46.5303398],[12.1451122,46.530266],[12.1450692,46.530122],[12.1450746,46.5299744],[12.1451014,46.5298268],[12.145139,46.5296865],[12.1452463,46.5295611],[12.1454233,46.5294466],[12.1455896,46.5293654],[12.1457773,46.5293101],[12.1459383,46.5292178],[12.1460617,46.5291034],[12.1461904,46.5290739],[12.1462226,46.5292178],[12.1461743,46.5293581],[12.1460348,46.5294688],[12.1458739,46.5295721],[12.1457183,46.5296828],[12.1455949,46.5298046],[12.1455574,46.5299523],[12.1457183,46.5300519],[12.1459222,46.5300851],[12.1461368,46.5300999],[12.146346,46.5301036],[12.1465498,46.5301368],[12.1467322,46.5302106],[12.1469039,46.5302881],[12.1471077,46.5303139],[12.1473062,46.530277],[12.1474135,46.53017],[12.1473759,46.5300851],[12.1474457,46.5300445],[12.1476549,46.5300408],[12.1478426,46.5299781],[12.1479928,46.5300851],[12.1481001,46.5302143],[12.1482396,46.5303213],[12.1483791,46.5302106],[12.1485615,46.5301257],[12.148776,46.5301294],[12.1489638,46.5300519],[12.1491086,46.5299523],[12.1490443,46.529812],[12.1490228,46.5296681],[12.1491945,46.5295795],[12.1493608,46.5294872],[12.1494144,46.529347],[12.1492749,46.5292326],[12.1490657,46.5291846],[12.1488565,46.5292031],[12.148717,46.5293138],[12.1485078,46.5293322],[12.1483147,46.5292621],[12.1480948,46.52924],[12.1478856,46.5292879],[12.1477085,46.5293691],[12.1475422,46.5294651],[12.1473384,46.5294245],[12.1472204,46.5293544],[12.1473062,46.5292252],[12.1475851,46.5291219],[12.1476656,46.5290444],[12.1475315,46.5289226],[12.1473277,46.5288857],[12.1471131,46.5289004],[12.1468985,46.5289373],[12.1466947,46.5289927],[12.1464962,46.528941],[12.1463835,46.5288155],[12.1463621,46.5286716],[12.1463674,46.528476],[12.1465176,46.5284465],[12.1467215,46.5284169],[12.1467966,46.5282804],[12.1466786,46.5281623],[12.1464908,46.5280995],[12.1462923,46.5280479],[12.1460241,46.5279261],[12.1458203,46.527867],[12.1456164,46.5278301],[12.1454233,46.5277711],[12.1453321,46.5276419],[12.1453911,46.5275016],[12.1453482,46.5273577],[12.1455038,46.5272581],[12.1456969,46.5272064],[12.1459061,46.5271842],[12.1461099,46.5272212],[12.1463138,46.5272396],[12.1465015,46.5273097],[12.1467,46.5273651],[12.146979,46.5275275],[12.1471721,46.5275939],[12.1473759,46.5276382],[12.1475798,46.5276345],[12.1477944,46.5276604],[12.148025,46.5277821],[12.1482074,46.527856],[12.1484113,46.5279039],[12.1485722,46.5279999],[12.1487331,46.5280922],[12.1489209,46.5281328],[12.1489692,46.5279925],[12.1488243,46.5278855],[12.1486902,46.5277711],[12.1486205,46.5276308],[12.1484971,46.5275164],[12.1483093,46.5274463],[12.1481591,46.5275533],[12.1479607,46.5274869],[12.1477568,46.5272876],[12.1476495,46.5271141],[12.1474349,46.527103],[12.1472204,46.5270551],[12.1470863,46.5269407],[12.1469307,46.5268373],[12.1467798,46.5266419],[12.1474375,46.5268168],[12.1474879,46.5264204],[12.1471231,46.5259775],[12.1466081,46.5259332],[12.1462863,46.5262137],[12.1459859,46.5261842],[12.1460288,46.5252984],[12.1454494,46.5249441],[12.1451799,46.5245649],[12.1451957,46.5242602],[12.1452194,46.5239173],[12.1460103,46.5232154],[12.1465718,46.522927],[12.1468407,46.5228834],[12.1470068,46.5230195],[12.146896,46.5233351],[12.1464452,46.5237541],[12.1461447,46.5241622],[12.1462633,46.5243146],[12.1463431,46.524558],[12.1468152,46.5247352],[12.1475523,46.5241321],[12.1481746,46.5239106],[12.1492735,46.5242354],[12.1485617,46.5250625],[12.1480793,46.5253836],[12.1478025,46.5256719],[12.1478104,46.525944],[12.1481347,46.5261399],[12.1490125,46.5253944],[12.1495582,46.5248176],[12.1499299,46.5241103],[12.1499299,46.5239525],[12.1501057,46.5236744],[12.1503632,46.5236596],[12.1505778,46.5241025],[12.1511572,46.5247522],[12.1519436,46.5247795],[12.1523298,46.5250452],[12.1528877,46.52506],[12.1531881,46.5253553],[12.1530454,46.525889],[12.151243,46.5254165],[12.151007,46.5255199],[12.151007,46.5258004],[12.1518363,46.5261672],[12.1521013,46.5258299],[12.1526378,46.5260366],[12.1526732,46.5263444],[12.1519726,46.5269076],[12.15351,46.5275107],[12.1536248,46.5271586],[12.1528738,46.5268929],[12.1529811,46.5266419],[12.1537031,46.5266101],[12.1538823,46.5263319],[12.1537321,46.5260661],[12.1533673,46.5259923],[12.1543544,46.5254903],[12.1541398,46.5251508],[12.1543329,46.5247226],[12.1549981,46.5246193],[12.1556129,46.5247499],[12.1570366,46.5254018],[12.1573155,46.5258151],[12.1579732,46.5254734],[12.1598829,46.5258424],[12.1596759,46.5269667],[12.1596469,46.5273483],[12.1599688,46.5280864],[12.1605985,46.5279263],[12.1611275,46.5279093],[12.1611304,46.5282067],[12.161135,46.5286792],[12.1604596,46.5284586],[12.1601346,46.5287273],[12.1600192,46.5288711],[12.1599473,46.5291789],[12.1603625,46.529373],[12.160425,46.5295849],[12.1604837,46.5297841],[12.1611522,46.5301836],[12.1612423,46.5303855],[12.1616746,46.5304854],[12.1610282,46.5306942],[12.1610524,46.5308544],[12.161554,46.5307533],[12.1616532,46.5309208],[12.1616425,46.5312899],[12.1622513,46.531329],[12.1624337,46.5307164],[12.1631311,46.53065],[12.1632169,46.5307828],[12.1627556,46.5315062],[12.1629487,46.5316095],[12.1627127,46.5319564],[12.1633564,46.5318826],[12.1634986,46.5320723],[12.1632089,46.5326406],[12.1616398,46.5330119],[12.1616913,46.5332422],[12.1617042,46.5332997],[12.162372,46.5337772],[12.1629594,46.533809],[12.1634959,46.5336171],[12.1635924,46.5337794],[12.1641074,46.5335802],[12.1643434,46.5330266],[12.1646678,46.5333019],[12.165065,46.5332015],[12.1653949,46.5332776],[12.1658669,46.5331595],[12.1654807,46.5334842],[12.1657918,46.5333735],[12.1658884,46.5335064],[12.1649148,46.5338953],[12.1649148,46.5340798],[12.1659957,46.5337278],[12.1668781,46.5339027],[12.1671464,46.5340651],[12.1667789,46.5344511],[12.1654297,46.534412],[12.1657597,46.5345839],[12.1654236,46.5349014],[12.165301,46.5350172],[12.1644829,46.5348422],[12.1641396,46.5346799],[12.1635281,46.5347684],[12.1627475,46.5347072],[12.1613394,46.5350341],[12.1600761,46.5346481],[12.1594082,46.5347537],[12.1592928,46.5350467],[12.159958,46.5352017],[12.1603657,46.5355928],[12.1615647,46.5356024],[12.1627904,46.53577],[12.1638821,46.5359346],[12.1637319,46.5362371],[12.1640752,46.5363921],[12.1645366,46.5362371],[12.164837,46.5360822],[12.1650623,46.5361043],[12.1648075,46.5364194],[12.1633483,46.5370689],[12.1633415,46.5373838],[12.1632892,46.5374213],[12.1632566,46.5374358],[12.1632171,46.5374399],[12.163099,46.537403],[12.163036,46.5374031],[12.1628523,46.5374806],[12.1626924,46.5375722],[12.1626272,46.537668],[12.1625591,46.5378188],[12.1624821,46.5379268],[12.1624613,46.5379859],[12.1626484,46.5379768],[12.1627289,46.5379326],[12.1628335,46.5379399],[12.1630131,46.5379771],[12.1632491,46.5383553],[12.1634664,46.5385449],[12.163925,46.5383922],[12.1642147,46.5382815],[12.1642791,46.5379715],[12.1644615,46.5377427],[12.1643434,46.5374623],[12.1642683,46.5371523],[12.1651159,46.5373442],[12.1655048,46.5378069],[12.1659876,46.538235],[12.1660842,46.5386778],[12.1668218,46.5381339],[12.1671678,46.5383678],[12.1668245,46.5387516],[12.1675192,46.5389752],[12.16812,46.5387981],[12.1676587,46.5384586],[12.1674977,46.538156],[12.168002,46.5379936],[12.1685384,46.5378829],[12.1690212,46.5376468],[12.1693431,46.5379198],[12.1699788,46.5380578],[12.1697615,46.5384438],[12.1693136,46.5383088],[12.1693109,46.5387833],[12.1696757,46.5390785],[12.1703114,46.5395781],[12.1700431,46.5398807],[12.1693216,46.5396984],[12.1687342,46.5400209],[12.1685196,46.5404194],[12.1685599,46.540953],[12.1691822,46.5408718],[12.1700726,46.5408718],[12.169665,46.541167],[12.1703623,46.5413146],[12.1715452,46.5408696],[12.1722721,46.5408423],[12.1728621,46.5404807],[12.1733342,46.5405176],[12.1735273,46.5408423],[12.1732618,46.5412164],[12.1729694,46.5412186],[12.1725403,46.540953],[12.1719421,46.5410541],[12.1715881,46.5411869],[12.1716847,46.5413935],[12.1711697,46.5413345],[12.1710597,46.5416171],[12.1714701,46.5417478],[12.1715452,46.5416297],[12.1720789,46.5416393],[12.1725503,46.5416832],[12.1722426,46.5423012],[12.1715666,46.5426333],[12.1717705,46.5430908],[12.1724544,46.5433365],[12.173935,46.5431668],[12.1749865,46.5431816],[12.1753941,46.5434325],[12.1754827,46.5437328],[12.1752976,46.5440597],[12.1756651,46.5442272],[12.1760486,46.5441852],[12.176974,46.5447659],[12.1769927,46.545174],[12.1776499,46.5452308],[12.1780656,46.5449452],[12.1776901,46.5443549],[12.1771242,46.5443601],[12.1765234,46.5441682],[12.1767057,46.5439542],[12.1764992,46.5433882],[12.1770142,46.5433144],[12.1775936,46.5430635],[12.1762841,46.5426872],[12.1759408,46.5416983],[12.176405,46.5413657],[12.1767638,46.5410898],[12.1769708,46.5409603],[12.1766639,46.5403473],[12.1765201,46.54006],[12.1765478,46.5399184],[12.1767133,46.5390711],[12.177357,46.5384512],[12.1765416,46.5378608],[12.1762626,46.5370047],[12.1755715,46.536611],[12.1748894,46.5362224],[12.1747392,46.5357943],[12.1755331,46.5352629],[12.1739238,46.5352187],[12.1725719,46.5348053],[12.1720999,46.5341854],[12.1727865,46.5335359],[12.1720856,46.533118],[12.1718209,46.5329602],[12.1742885,46.5322516],[12.1740096,46.5317054],[12.1748679,46.5304507],[12.1758335,46.5299192],[12.1750396,46.531425],[12.1752756,46.532045],[12.1759622,46.5326502],[12.1762766,46.5326332],[12.1760266,46.532045],[12.1758764,46.5313512],[12.176091,46.5306869],[12.1771778,46.5309799],[12.1780436,46.5316169],[12.1775501,46.5327978],[12.1773495,46.5331499],[12.1778934,46.5337425],[12.1780222,46.534082],[12.1779363,46.5348496],[12.1780736,46.534987],[12.1781724,46.5350858],[12.1779793,46.5357353],[12.1794384,46.5356172],[12.179653,46.5351596],[12.1802752,46.5350268],[12.180535,46.5344719],[12.1806829,46.5341559],[12.1822386,46.5331005],[12.1810187,46.535984],[12.1813267,46.5358755],[12.1818846,46.5367095],[12.1831078,46.5369514],[12.1830145,46.5366326],[12.1850701,46.5354606],[12.1856903,46.5347616],[12.1868144,46.5347686],[12.187246,46.5356392],[12.1870346,46.53591],[12.1867374,46.5380481],[12.1871322,46.5377418],[12.1876343,46.5359233],[12.1873075,46.5347716],[12.1870067,46.5341491],[12.1877212,46.5329748],[12.1887448,46.533721],[12.1894593,46.533211],[12.190103,46.5340081],[12.194931,46.5335948],[12.1973128,46.5352185],[12.1978493,46.5359565],[12.1992226,46.5357204],[12.1994747,46.5364163],[12.2018736,46.5373167],[12.2040634,46.5382998],[12.2060987,46.5379285],[12.2076533,46.537933],[12.2087336,46.5396065],[12.2114749,46.5393359],[12.2112192,46.5398097],[12.21088,46.5404385],[12.2108741,46.5421254],[12.2100158,46.5424206],[12.2114607,46.5433978],[12.2113416,46.5442006],[12.2121111,46.5448595],[12.2117249,46.5450993],[12.210682,46.5451583],[12.2113515,46.546125],[12.2125263,46.5467249],[12.2126851,46.5462349],[12.2138395,46.5454203],[12.2146463,46.5463316],[12.2182212,46.5453845],[12.2194646,46.544033],[12.2222316,46.5433718],[12.2224848,46.5420406],[12.2234418,46.5412842],[12.2251745,46.53933],[12.2265596,46.5389101],[12.2262513,46.5378746],[12.2267399,46.5373824],[12.2270542,46.5362237],[12.2289972,46.5354037],[12.2295476,46.5337321],[12.2312642,46.5338435],[12.2323698,46.5329969],[12.2321644,46.5318175],[12.2308082,46.5313067],[12.2327115,46.5306653],[12.2293491,46.5294024],[12.2298588,46.5287669],[12.2303727,46.5281262],[12.2296743,46.5269214],[12.2294779,46.5265827],[12.228169,46.5273208],[12.2277977,46.5267237],[12.2261026,46.5261331],[12.2257013,46.5255197],[12.2224333,46.5246568],[12.2210665,46.5230541],[12.2235126,46.5224488],[12.225226,46.5228629],[12.226006,46.5228814],[12.2290358,46.5225411],[12.2304006,46.5232756],[12.2295422,46.5237923],[12.2312374,46.5240138],[12.2323747,46.5234528],[12.2332115,46.5237038],[12.2333617,46.5243386],[12.2320742,46.5254311],[12.2309155,46.5255492],[12.2306795,46.5258002],[12.2315163,46.5265974],[12.2317309,46.527498],[12.2325892,46.5272027],[12.2350569,46.5278671],[12.2354216,46.5285609],[12.2369022,46.5293138],[12.2381897,46.5299929],[12.2392411,46.5312772],[12.2379322,46.5329453],[12.2395995,46.5337505],[12.2399063,46.5331224],[12.2410006,46.5327829],[12.2425671,46.53389],[12.2438116,46.5333291],[12.2437901,46.5326943],[12.2460217,46.5320743],[12.2467942,46.5324139],[12.2464445,46.5313148],[12.2467576,46.5308588],[12.2469873,46.5305243],[12.2479958,46.5303915],[12.2492618,46.52955],[12.2502704,46.5287971],[12.251472,46.5286347],[12.2513218,46.5275128],[12.2528882,46.5276899],[12.2545833,46.5272323],[12.2550125,46.5267155],[12.2580595,46.5261988],[12.2579737,46.525564],[12.2599842,46.5253654],[12.259583,46.5248701],[12.2581239,46.5247668],[12.2580809,46.524191],[12.2591903,46.523328],[12.2579093,46.5217696],[12.2576303,46.5204408],[12.2570445,46.5187952],[12.2577376,46.5176354],[12.2576024,46.5163589],[12.2564287,46.5144459],[12.2560425,46.5135304],[12.2542765,46.513509],[12.2529526,46.5120241],[12.2539611,46.5111529],[12.2520878,46.5107475],[12.2516651,46.5100896],[12.2502854,46.5103635],[12.2496052,46.509809],[12.2486932,46.5100342],[12.2492355,46.5091777],[12.2497827,46.5081845],[12.2474379,46.5076972],[12.2470844,46.5071396],[12.2461719,46.5065009],[12.2453351,46.5065452],[12.2443051,46.5059988],[12.2461719,46.5058659],[12.2457652,46.50546],[12.2453136,46.5050093],[12.2445841,46.504197],[12.2433824,46.5040936],[12.2425885,46.5028382],[12.2423954,46.5017157],[12.2395844,46.4994558],[12.2392626,46.4988206],[12.2423032,46.4996886],[12.2441876,46.5005341],[12.2460432,46.5013169],[12.2458398,46.5023581],[12.2457647,46.5031557],[12.2464085,46.5037834],[12.2461719,46.5045219],[12.2477925,46.5062203],[12.2487849,46.5060283],[12.2502035,46.5064551],[12.2505278,46.5064123],[12.2515364,46.5067372],[12.252238,46.5073804],[12.253268,46.5075872],[12.2523732,46.5066338],[12.2530599,46.5064123],[12.25424,46.5059545],[12.2553987,46.5049354],[12.2569866,46.5047434],[12.2572441,46.5028825],[12.2582097,46.5025428],[12.2587247,46.5037391],[12.2592611,46.5021292],[12.2599907,46.5030745],[12.2600964,46.5035604],[12.2602847,46.5044266],[12.2600957,46.5052329],[12.2598555,46.506258],[12.2612073,46.5069964],[12.2612567,46.5081845],[12.2617931,46.5071212],[12.2617502,46.5063828],[12.2622521,46.5070957],[12.2627587,46.5078153],[12.2631171,46.5090344],[12.2647972,46.5076529],[12.265398,46.5075347],[12.2653507,46.507738],[12.2647757,46.5102077],[12.263617,46.5115959],[12.2633381,46.5131021],[12.2638252,46.5144245],[12.2635248,46.5153105],[12.2638531,46.5155829],[12.2650761,46.5157011],[12.2650118,46.5161736],[12.2641749,46.5170152],[12.2641964,46.5178274],[12.2650483,46.5179536],[12.2648401,46.5189495],[12.2656126,46.519422],[12.2668786,46.5195844],[12.2646899,46.5212529],[12.2669644,46.5203079],[12.2680094,46.5209657],[12.2670503,46.5219025],[12.267694,46.521873],[12.268445,46.5210609],[12.2691102,46.5209428],[12.2702196,46.5217778],[12.2717001,46.5221912],[12.2715714,46.5226784],[12.2718568,46.5231723],[12.2728224,46.5229656],[12.2728224,46.524191],[12.2742815,46.5244715],[12.2746034,46.5235266],[12.2757835,46.5236004],[12.2772577,46.5240957],[12.2776503,46.5214448],[12.2781439,46.5204113],[12.2776933,46.5176059],[12.2785087,46.5177978],[12.2789593,46.5187576],[12.279367,46.5185213],[12.2792168,46.5171334],[12.2805042,46.5178126],[12.2804978,46.5195483],[12.280884,46.5205818],[12.2817488,46.5212529],[12.2819419,46.5181965],[12.2829718,46.5188905],[12.2826929,46.519614],[12.2840876,46.5198059],[12.2841735,46.5186838],[12.2860188,46.5177092],[12.2879071,46.517473],[12.286212,46.5187281],[12.2859759,46.5198945],[12.2849889,46.5202932],[12.2843666,46.5209871],[12.2852034,46.5212676],[12.2869844,46.5206475],[12.2865124,46.5219173],[12.2867055,46.522375],[12.2856326,46.5251211],[12.2854395,46.525874],[12.2846885,46.5265679],[12.2854609,46.5274832],[12.2868771,46.5276013],[12.2887225,46.528118],[12.2911258,46.5258445],[12.2909756,46.5254754],[12.2922416,46.5251063],[12.2924776,46.5247077],[12.2934432,46.5236152],[12.2943444,46.5233051],[12.2952456,46.5240286],[12.2936149,46.5246634],[12.2934003,46.5253573],[12.2941298,46.5252983],[12.2949023,46.5250768],[12.2955611,46.5261922],[12.2953744,46.5271142],[12.2964837,46.5283181],[12.2967906,46.5307162],[12.2976279,46.5327312],[12.2976116,46.5327737],[12.29729,46.5328456],[12.2960132,46.5326537],[12.2936636,46.5322478],[12.2920811,46.5318713],[12.2905898,46.5319414],[12.2893238,46.5314359],[12.288149,46.5308897],[12.2859174,46.5307789],[12.2835034,46.5302549],[12.2817653,46.5301885],[12.2807032,46.5300704],[12.2797751,46.530063],[12.2788095,46.5302992],[12.2779351,46.5308158],[12.2765404,46.5313768],[12.27418,46.5317422],[12.2736382,46.5313694],[12.273547,46.5313214],[12.2725868,46.5310816],[12.2717982,46.5310779],[12.2707844,46.5312476],[12.2693467,46.5314395],[12.2686708,46.5315429],[12.2680485,46.5317938],[12.2672707,46.5320189],[12.2659886,46.5320817],[12.2650337,46.5318898],[12.2638535,46.5322035],[12.2635692,46.532281],[12.2631293,46.5327054],[12.2623676,46.532698],[12.2621798,46.5328419],[12.2614288,46.5333069],[12.2611123,46.5335578],[12.2607422,46.5338125],[12.2606242,46.5342442],[12.2604632,46.5344767],[12.2592992,46.5347535],[12.2567385,46.5361759],[12.2573232,46.5367331],[12.2581171,46.5362497],[12.2581868,46.5362829],[12.2574305,46.5368401],[12.2567009,46.5374379],[12.256261,46.5379324],[12.2553491,46.5392756],[12.2546732,46.5401169],[12.2539972,46.540567],[12.2535681,46.5411943],[12.2531175,46.5416592],[12.2529565,46.5421758],[12.2527849,46.5420356],[12.2521733,46.5423676],[12.252345,46.5426259],[12.2521948,46.5426997],[12.2520124,46.5428694],[12.2518407,46.5433048],[12.2515296,46.5435483],[12.2511863,46.5439247],[12.2506525,46.5440291],[12.2508766,46.5441926],[12.250173,46.5447053],[12.2493677,46.5450629],[12.2482751,46.5466264],[12.2480926,46.54699],[12.2483667,46.5471065],[12.2475846,46.5478358],[12.2475127,46.5483731],[12.2477531,46.5488782],[12.2476522,46.5494607],[12.2473003,46.54943],[12.2472456,46.549754],[12.2475707,46.5498204],[12.2475063,46.5502926],[12.2472595,46.5502631],[12.2471844,46.5504328],[12.2468518,46.5507132],[12.2470986,46.5508608],[12.2470128,46.5509714],[12.2463368,46.5517019],[12.2461223,46.5518421],[12.2459184,46.5519085],[12.2458111,46.5519896],[12.2457682,46.5521298],[12.2458219,46.5522479],[12.2460472,46.5523143],[12.2464334,46.5522848],[12.2467553,46.5521593],[12.246766,46.5522995],[12.2460472,46.5525578],[12.2457897,46.5527053],[12.2456395,46.5529193],[12.2456502,46.5534136],[12.2455858,46.5540924],[12.245221,46.5552359],[12.2452425,46.5557671],[12.2452962,46.5559221],[12.2454356,46.5559958],[12.2456502,46.5559811],[12.2458219,46.5558999],[12.2459077,46.5557229],[12.2460257,46.5554351],[12.2462725,46.5551843],[12.2466909,46.5551327],[12.2467231,46.5549925],[12.2469698,46.5548744],[12.2470342,46.5549408],[12.2470342,46.5550515],[12.2468089,46.555627],[12.2467338,46.5558557],[12.2466265,46.5559368],[12.2463368,46.5560622],[12.2462617,46.5561508],[12.2462832,46.5566598],[12.2463047,46.5569033],[12.246015,46.5572279],[12.2454678,46.5573017],[12.2455751,46.5577148],[12.2454356,46.5580984],[12.2454678,46.5583197],[12.2456931,46.558578],[12.2459935,46.5589321],[12.2466158,46.5602968],[12.2467124,46.5614108],[12.2464871,46.561728],[12.2462725,46.5617206],[12.2461115,46.5617501],[12.2458004,46.561964],[12.2455536,46.5620821],[12.2454034,46.5620083],[12.2451352,46.5619271],[12.2448885,46.5620083],[12.2448455,46.5622075],[12.2450172,46.5623402],[12.245221,46.562414],[12.2454142,46.5624952],[12.2455858,46.5626943],[12.2456395,46.5628714],[12.2455536,46.563255],[12.2455322,46.5636164],[12.2456717,46.5638672],[12.2458326,46.5640369],[12.2458326,46.5641696],[12.2456073,46.5642213],[12.245264,46.5641033],[12.2447383,46.563882],[12.2445344,46.5635131],[12.2440516,46.5636312],[12.2437512,46.5635943],[12.243365,46.5637344],[12.2432148,46.5638525],[12.2430324,46.5641844],[12.2428607,46.5643762],[12.2432684,46.564509],[12.2436654,46.5646565],[12.2435505,46.5651052],[12.2399021,46.5638357],[12.2375247,46.5611692],[12.2377431,46.5607985],[12.2374748,46.5606583],[12.2372366,46.5608],[12.2358119,46.5601493],[12.2359406,46.5597731],[12.2358548,46.559264],[12.2352432,46.5586739],[12.2345244,46.5581648],[12.2338807,46.5576041],[12.2325288,46.5569918],[12.2307908,46.5567852],[12.2304153,46.5566008],[12.2298359,46.5563647],[12.228409,46.5560549],[12.2277009,46.5560106],[12.2271644,46.5560918],[12.224965,46.5565123],[12.223942,46.5566547],[12.2226116,46.5567579],[12.2219717,46.5569771],[12.2206912,46.5572818],[12.2203264,46.5573039],[12.2198581,46.5573238],[12.2194574,46.5575031],[12.2190604,46.5577908],[12.218753,46.5581058],[12.2179408,46.5584138],[12.2173045,46.5583537],[12.2169655,46.5578483],[12.2171651,46.5575449],[12.2178839,46.5564522],[12.2177616,46.5560036],[12.2190598,46.5547346],[12.2194492,46.5541201],[12.2204738,46.5535055],[12.2198151,46.5534457],[12.2170776,46.5560187],[12.2172241,46.5565562],[12.2170417,46.5571268],[12.2166591,46.5572695],[12.2162562,46.5574198],[12.2160503,46.5573128],[12.2157803,46.5570307],[12.2154772,46.5569348],[12.2151534,46.5573073],[12.2151904,46.5573932],[12.2155563,46.5577879],[12.2156308,46.5585274],[12.215794,46.5587551],[12.2161152,46.5592032],[12.2152736,46.5599398],[12.2156947,46.5605344],[12.2154769,46.5613245],[12.215273,46.5614646],[12.214801,46.5608966],[12.2146186,46.5610884],[12.2132383,46.5606041],[12.2125946,46.5605451],[12.2118543,46.5602279],[12.2120222,46.5599597],[12.2107031,46.5598638],[12.2111751,46.560395],[12.2120367,46.5607],[12.2135993,46.5614204],[12.2141036,46.5612728],[12.2153417,46.561624],[12.2145339,46.5621525],[12.214036,46.5622593],[12.2134217,46.5618864],[12.2134327,46.5624305],[12.2134673,46.5628503],[12.2114187,46.5624264],[12.21009,46.5617874],[12.2098935,46.5617323],[12.2081419,46.5630888],[12.2076327,46.5619435],[12.2084463,46.5613651],[12.2091104,46.5599837],[12.2077545,46.5613765],[12.2073228,46.5608361],[12.2077777,46.5597349],[12.20721,46.55948],[12.2060554,46.5593251],[12.2049209,46.5593844],[12.2041377,46.5594243],[12.2043813,46.5589258],[12.2042844,46.5581495],[12.2037199,46.5584958],[12.2035096,46.5576513],[12.2028538,46.5581799],[12.2023114,46.5581419],[12.2033823,46.5598391],[12.2012848,46.5599837],[12.1982128,46.5592448],[12.1958953,46.5608973],[12.1967107,46.5613104],[12.1967908,46.5622174],[12.1958835,46.5629341],[12.1961304,46.5635974],[12.1959469,46.5638988],[12.1957201,46.5642712],[12.1951229,46.5643201],[12.1945079,46.5641771],[12.1942699,46.5637053],[12.1936166,46.5630141],[12.193639,46.5627559],[12.1938501,46.5627101],[12.1940486,46.5624819],[12.1936529,46.5626341],[12.1935228,46.5625694],[12.1936292,46.5616988],[12.1933097,46.561405],[12.1933623,46.5612832],[12.1934038,46.5611291],[12.1936307,46.5612832],[12.1937386,46.5613004],[12.1938604,46.561093],[12.1944585,46.5612137],[12.1948804,46.5608944],[12.1949512,46.5600711],[12.1954197,46.5587423],[12.1961518,46.5582239],[12.1974832,46.5578579],[12.1974394,46.5575195],[12.1976379,46.5570731],[12.1974662,46.5569274],[12.1969914,46.5573516],[12.1965221,46.5571469],[12.1956352,46.556661],[12.1961144,46.5565309],[12.1963906,46.5567338],[12.196632,46.5565788],[12.1983099,46.5565312],[12.198358,46.556589],[12.1984124,46.5566064],[12.1985046,46.5566083],[12.1986629,46.5565663],[12.1987023,46.5565054],[12.1986962,46.5561945],[12.1988555,46.5561982],[12.1990103,46.5560906],[12.199286,46.5560371],[12.1994765,46.5559536],[12.1992532,46.5558422],[12.1981409,46.5553986],[12.1979623,46.5557409],[12.196817,46.5551935],[12.1965434,46.5548818],[12.1966909,46.5547649],[12.1965798,46.5545668],[12.1961029,46.5545741],[12.1957389,46.5548627],[12.1944809,46.5545481],[12.1941466,46.5547151],[12.1932496,46.5545498],[12.1933998,46.5553687],[12.1934026,46.5558577],[12.1926409,46.5558688],[12.1922493,46.5558171],[12.1914232,46.5552269],[12.1894591,46.5535191],[12.1893518,46.5528846],[12.189527,46.5529185],[12.1893682,46.5527606],[12.1893088,46.5525916],[12.1892945,46.5524332],[12.1894806,46.5522353],[12.1898668,46.5518812],[12.1904247,46.5517484],[12.1904719,46.551613],[12.1907794,46.5517205],[12.1910684,46.5518411],[12.191199,46.5519035],[12.1912534,46.5519658],[12.1912679,46.5520282],[12.1912353,46.5520831],[12.1911374,46.5521903],[12.1911736,46.5522402],[12.1912861,46.5522427],[12.1913006,46.5522951],[12.1912861,46.5523574],[12.1912244,46.5524073],[12.1911627,46.5524397],[12.1912244,46.5524846],[12.1913368,46.5525021],[12.1915254,46.5524971],[12.1916705,46.5524896],[12.1918664,46.5524547],[12.1919897,46.5523948],[12.1920513,46.5522826],[12.1920597,46.5522431],[12.1920042,46.5520656],[12.1919498,46.5520057],[12.1918627,46.5519234],[12.1916234,46.5517214],[12.1914529,46.5516541],[12.1913405,46.5516366],[12.1912498,46.5515892],[12.1911026,46.5514816],[12.1911752,46.5513818],[12.191128,46.551287],[12.1909757,46.5512047],[12.1907218,46.5511249],[12.1906822,46.5510105],[12.1898756,46.5503609],[12.1898244,46.5500031],[12.1899476,46.5492913],[12.1896321,46.5490972],[12.1890565,46.5490116],[12.1889735,46.5484445],[12.1887162,46.5485472],[12.188564,46.548926],[12.1885834,46.5491619],[12.1889901,46.5492552],[12.1894965,46.5493503],[12.1896515,46.549533],[12.1895519,46.5499774],[12.1894965,46.55026],[12.1896183,46.5504712],[12.1894689,46.5505949],[12.189087,46.5506749],[12.1887964,46.5506901],[12.1884345,46.5505736],[12.1884077,46.5504793],[12.1885513,46.5500539],[12.1886866,46.5496529],[12.1876781,46.5490921],[12.18697,46.5499185],[12.1861117,46.5499038],[12.1862619,46.5493578],[12.1852105,46.549225],[12.1847923,46.5493194],[12.1837728,46.5495496],[12.1827764,46.5490799],[12.1818631,46.5486494],[12.18064,46.5482657],[12.1801894,46.5481624],[12.1793096,46.547882],[12.1775158,46.5476754],[12.176907,46.5475426],[12.1725076,46.5465834],[12.1719497,46.5466129],[12.1728961,46.5468002],[12.1735962,46.5471408],[12.1740141,46.5471313],[12.1761478,46.5477145],[12.176297,46.5476623],[12.17638,46.5478412],[12.1764741,46.5478792],[12.1765322,46.5476242],[12.1769922,46.5476016],[12.1772928,46.5479037],[12.1773541,46.5480467],[12.1776183,46.548094],[12.1779878,46.5481552],[12.1783111,46.5480615],[12.1783807,46.5481609],[12.1785772,46.5481381],[12.1788179,46.5482656],[12.1793686,46.5481952],[12.1797908,46.5482],[12.1798778,46.5482637],[12.180041,46.5482884],[12.1801739,46.5483455],[12.1804533,46.5484369],[12.1810953,46.5485796],[12.1813665,46.5488042],[12.1815325,46.5488194],[12.1818452,46.5490439],[12.1820777,46.5491886],[12.1822805,46.5491661],[12.1823931,46.5492247],[12.1826339,46.5492209],[12.1828426,46.5492965],[12.1828525,46.5496015],[12.1831001,46.549754],[12.1841162,46.5498743],[12.1843018,46.5500934],[12.1849168,46.5500316],[12.1854036,46.5500809],[12.1859684,46.5501972],[12.1864249,46.5504389],[12.1870863,46.5505854],[12.1873686,46.5507262],[12.1875484,46.5510783],[12.1875182,46.5512258],[12.187576,46.5514701],[12.1876268,46.5518453],[12.1875756,46.5521454],[12.1877869,46.5524102],[12.1883939,46.5527341],[12.1894377,46.5557325],[12.1899237,46.5575451],[12.1911253,46.5581501],[12.1916832,46.558637],[12.1921199,46.559008],[12.1919482,46.5591113],[12.1913903,46.5588752],[12.1907251,46.5588605],[12.1901887,46.5586687],[12.1896133,46.55873],[12.1886652,46.558831],[12.1883433,46.5593474],[12.1879399,46.5593659],[12.1874909,46.5617324],[12.1868842,46.561708],[12.1863478,46.5615457],[12.1854465,46.5621949],[12.1861332,46.5607048],[12.184967,46.5604222],[12.1851461,46.5596277],[12.1864046,46.5601567],[12.1862405,46.5595392],[12.1876567,46.5591408],[12.1875708,46.5588752],[12.1858328,46.5588162],[12.1848243,46.5594507],[12.1840732,46.5603654],[12.1832793,46.5603802],[12.1821206,46.5611621],[12.1816914,46.560572],[12.1805756,46.5603654],[12.1812837,46.5600999],[12.1804684,46.5598195],[12.1811765,46.5588015],[12.1815842,46.5595687],[12.1822708,46.5595982],[12.1832289,46.5601124],[12.1833866,46.5597753],[12.1824425,46.5593179],[12.1815842,46.5590818],[12.1827997,46.5590796],[12.183451,46.5587277],[12.183658,46.5594337],[12.183966,46.5593326],[12.1844734,46.5587698],[12.1828716,46.5583293],[12.181391,46.5582113],[12.1812194,46.5584474],[12.1802109,46.558831],[12.1800981,46.559317],[12.1799888,46.5597878],[12.1776574,46.5605867],[12.1787517,46.5596572],[12.1794169,46.5587867],[12.1801679,46.5584769],[12.1778505,46.5578572],[12.1758335,46.5579014],[12.1750181,46.5581375],[12.1753185,46.5583293],[12.1763624,46.5582533],[12.1771349,46.5583566],[12.1783365,46.5584894],[12.1783226,46.55889],[12.1765845,46.5605572],[12.1766489,46.5600999],[12.1771639,46.5593031],[12.1762626,46.5593326],[12.1760695,46.5590671],[12.1748679,46.5590671],[12.1754183,46.559773],[12.1762841,46.5595097],[12.1765201,46.5598785],[12.1763485,46.560808],[12.1756618,46.5611326],[12.1751039,46.5599523],[12.1743744,46.5593474],[12.1745868,46.5608401],[12.1746029,46.5609534],[12.1743927,46.5609736],[12.1737028,46.5610399],[12.1719711,46.5612064],[12.1724766,46.5605168],[12.1733229,46.5593621],[12.1732524,46.5589642],[12.1732157,46.5587572],[12.1733068,46.5587061],[12.173795,46.5584326],[12.1732586,46.5581818],[12.1724861,46.5582113],[12.1714347,46.5580933],[12.1703189,46.5582703],[12.1692889,46.559008],[12.1692889,46.5596277],[12.1689202,46.559782],[12.1687954,46.5598343],[12.1685808,46.5606605],[12.1693533,46.5607195],[12.170748,46.5608228],[12.1715634,46.5612212],[12.171778,46.5615015],[12.1709197,46.5614572],[12.1703832,46.5616933],[12.1684467,46.5608457],[12.167303,46.5607291],[12.1685736,46.5615244],[12.1678366,46.5613936],[12.165686,46.561012],[12.1651774,46.5611507],[12.1662787,46.5623657],[12.1657857,46.5627379],[12.1659343,46.5631288],[12.1656275,46.5631937],[12.1649482,46.5633373],[12.1646466,46.563401],[12.1637972,46.5635806],[12.1631566,46.563716],[12.1620746,46.5630429],[12.1609693,46.5629408],[12.1605571,46.564039],[12.1597615,46.5645311],[12.1596429,46.5651083],[12.1591367,46.5648691],[12.1586119,46.5646211],[12.1574226,46.5649002],[12.1566319,46.5650858],[12.1561105,46.5649283],[12.1553344,46.5646939],[12.1547943,46.5645308],[12.1540652,46.5643106],[12.1523904,46.5641712],[12.150802,46.564039],[12.1486775,46.5655996],[12.1441383,46.5652552],[12.1413045,46.5656449],[12.1379358,46.5654196],[12.1385956,46.566543],[12.1373275,46.5668233],[12.1360146,46.5640258],[12.1342691,46.5647735],[12.1349561,46.565482],[12.1337195,46.5661668],[12.1323712,46.566048],[12.1312518,46.5652721],[12.1315382,46.5658157],[12.1320178,46.566481],[12.1309417,46.5664715],[12.1297552,46.5661908],[12.1288946,46.5662369],[12.1298881,46.5666662],[12.1311799,46.5669974],[12.1302486,46.5673942],[12.1303877,46.5678199],[12.1325689,46.5686228],[12.132981,46.5698389],[12.1286187,46.5699688],[12.1267467,46.5691305],[12.1246407,46.5685658],[12.1245314,46.5693172],[12.1264138,46.5703274],[12.1277982,46.5701103],[12.1305428,46.571563],[12.1299599,46.5719971],[12.1277497,46.5719387],[12.1264624,46.5705611],[12.1258055,46.571386],[12.1261316,46.5718844],[12.1252623,46.5716342],[12.1252395,46.5719759],[12.1259503,46.5721894],[12.1258782,46.5729046],[12.1243303,46.5728753],[12.1238475,46.5731039],[12.1239977,46.5740959],[12.1246843,46.5748224],[12.1243332,46.5748775],[12.1235363,46.5752354],[12.1234159,46.5757625],[12.1229975,46.5756777],[12.122324,46.5756668],[12.1223454,46.5759471],[12.1218924,46.5759469],[12.1214496,46.5754714],[12.121353,46.5755267],[12.1217017,46.5760429],[12.1214979,46.5761646],[12.1212672,46.5760319],[12.120602,46.5761572],[12.1198724,46.5761941],[12.119674,46.577009],[12.1194409,46.5773591],[12.1184831,46.5769832],[12.1180271,46.5765002],[12.1169059,46.5773077],[12.1158706,46.5771049],[12.1162622,46.5767325],[12.1161042,46.5764484],[12.1162139,46.5761757],[12.1165733,46.5762494],[12.1168576,46.5760946],[12.117456,46.575261],[12.1180646,46.5746638],[12.1183597,46.5745384],[12.1185421,46.5742545],[12.1192126,46.5738783],[12.1195989,46.5738599],[12.1198349,46.5737493],[12.1203177,46.5727647],[12.1204556,46.5725785],[12.1205805,46.5720751],[12.1206198,46.5718886],[12.1201762,46.5716563],[12.1198759,46.5715704],[12.1195499,46.5715473],[12.1192314,46.5715893],[12.1196252,46.5708617],[12.1192123,46.5704777],[12.1184208,46.5705369],[12.1185941,46.5700771],[12.1187191,46.5697627],[12.118814,46.5694686],[12.1189106,46.5692842],[12.1190125,46.569144],[12.1194229,46.5686904],[12.1200501,46.568146],[12.1204309,46.5677768],[12.120806,46.5674158],[12.1210655,46.5671542],[12.1212067,46.5669775],[12.121955,46.567017],[12.1218863,46.5656355],[12.1225561,46.5641477],[12.1230616,46.5638102],[12.1239048,46.5634975],[12.1239481,46.5634438],[12.1243423,46.562955],[12.1239473,46.5626362],[12.1242392,46.562093],[12.125596,46.5613491],[12.1281966,46.5622342],[12.1281899,46.5625427],[12.1284458,46.5625932],[12.128605,46.5626788],[12.1285781,46.5629996],[12.1287195,46.563048],[12.1291748,46.5630261],[12.1294253,46.5630596],[12.1294929,46.5631019],[12.1294743,46.5632164],[12.129572,46.5632288],[12.1296025,46.5631142],[12.1296935,46.5631223],[12.1298602,46.563101],[12.1300104,46.5630818],[12.1307119,46.5628977],[12.1308843,46.5626068],[12.1308857,46.562588],[12.1309065,46.562314],[12.1308309,46.5620326],[12.1305371,46.5618825],[12.1300545,46.5618145],[12.1296267,46.5617459],[12.1291859,46.5616898],[12.1257576,46.560761],[12.1254289,46.5605208],[12.125489,46.5602989],[12.1256429,46.5598238],[12.1258001,46.559528],[12.1259986,46.5592551],[12.1261649,46.5590522],[12.1266777,46.5586289],[12.1270706,46.5586183],[12.1271825,46.5579493],[12.128047,46.556201],[12.1281328,46.5559944],[12.1284748,46.5564378],[12.1287264,46.5563572],[12.128788,46.555595],[12.1295717,46.5544242],[12.1294941,46.5543505],[12.1299126,46.5539851],[12.1301221,46.5540975],[12.1304068,46.5539757],[12.130532,46.5537529],[12.1308247,46.5538024],[12.1306634,46.5539039],[12.131055,46.5540951],[12.130926,46.554325],[12.1309392,46.5544856],[12.1310922,46.5545887],[12.1314222,46.5546902],[12.1320203,46.5547787],[12.1321865,46.5548365],[12.132251,46.5550683],[12.1323556,46.55519],[12.1325353,46.5552527],[12.1325433,46.5553726],[12.1324548,46.5555349],[12.1325149,46.5557249],[12.1320873,46.5561122],[12.1316045,46.5563594],[12.1310874,46.5566792],[12.1295124,46.5571967],[12.1294802,46.5573332],[12.1296304,46.5575803],[12.129786,46.5578976],[12.1302527,46.5580599],[12.130529,46.5580857],[12.1308804,46.5577408],[12.1311513,46.5575029],[12.1313497,46.5575435],[12.1316996,46.5583747],[12.1320257,46.5585578],[12.132605,46.5587183],[12.1336484,46.5589253],[12.13393,46.5593693],[12.1345415,46.5596693],[12.1344556,46.5605431],[12.1348152,46.5607212],[12.135091,46.5606849],[12.1357437,46.5601653],[12.1356063,46.5592087],[12.1369287,46.5586655],[12.1367741,46.5575554],[12.1388351,46.5570003],[12.1393331,46.5560319],[12.1415486,46.556339],[12.1442107,46.5561146],[12.1449699,46.5549925],[12.1458561,46.5549659],[12.1452273,46.5543727],[12.1442682,46.5543167],[12.1435319,46.5535801],[12.141837,46.5533693],[12.1397771,46.5524249],[12.1397192,46.5519262],[12.1397851,46.5517721],[12.1399767,46.551631],[12.1399767,46.5506571],[12.1406783,46.5501229],[12.1414358,46.5496832],[12.1419078,46.5500078],[12.1431953,46.5497422],[12.1436674,46.5494766],[12.1431139,46.5484537],[12.1428749,46.5481926],[12.1429315,46.547856],[12.1428662,46.5473071],[12.1428081,46.547262],[12.1427491,46.5471846],[12.1427196,46.5470388],[12.1427089,46.5469208],[12.1427357,46.5468322],[12.1427706,46.5467879],[12.1428376,46.5467584],[12.1428135,46.5469115],[12.1428806,46.5471034],[12.1429691,46.5472676],[12.1430093,46.54731],[12.1430844,46.5473303],[12.1431971,46.5473377],[12.143299,46.5473192],[12.1433875,46.5472786],[12.1434411,46.5472362],[12.1434465,46.5471956],[12.1434009,46.547155],[12.1434036,46.5471108],[12.1434143,46.5471052],[12.1435297,46.5471145],[12.1436343,46.5470905],[12.1437147,46.5470425],[12.1437523,46.5469909],[12.143712,46.5469245],[12.1436369,46.5468414],[12.1435484,46.54674],[12.1435377,46.5466865],[12.1434921,46.5465703],[12.1435672,46.5465998],[12.1435994,46.546668],[12.1436477,46.5467363],[12.1437147,46.5467935],[12.1437898,46.5468433],[12.1438864,46.5468156],[12.1439347,46.5467511],[12.1440259,46.5467178],[12.1440929,46.5466902],[12.1441331,46.5466533],[12.1440473,46.546609],[12.1439561,46.5465721],[12.143881,46.5465168],[12.1438971,46.546443],[12.1439383,46.5463955],[12.1442403,46.5457252],[12.1451694,46.5459348],[12.1479739,46.5469944],[12.1483172,46.5478208],[12.1492464,46.5482665],[12.1501197,46.5489719],[12.148946,46.5488863],[12.1490747,46.5499488],[12.1485168,46.5506571],[12.148946,46.5517786],[12.1497613,46.5519852],[12.1497184,46.552782],[12.1512355,46.5525135],[12.1523792,46.552782],[12.1538104,46.5533103],[12.1542396,46.5541366],[12.1561987,46.5534018],[12.15454,46.5530152],[12.1536817,46.5528086],[12.1527225,46.5519852],[12.152995,46.5516281],[12.1518213,46.5510998],[12.1498043,46.5511293],[12.1518363,46.5508312],[12.151478,46.5502734],[12.1522655,46.5500049],[12.1526946,46.5505361],[12.1536666,46.5505981],[12.1530379,46.5508903],[12.1549691,46.5517757],[12.1554691,46.5512179],[12.1549112,46.5498602],[12.1561987,46.5505981],[12.1567995,46.5505391],[12.1570291,46.5509198],[12.1579153,46.5512769],[12.1583873,46.5508047],[12.157014,46.5498307],[12.1569711,46.5488568],[12.1559562,46.5483226],[12.1559841,46.5469088],[12.1574582,46.5476142],[12.1586448,46.547381],[12.1582586,46.5468497],[12.159589,46.5469383],[12.1603614,46.5476762],[12.1611339,46.5479418],[12.1615202,46.547263],[12.1609773,46.5469649],[12.1612197,46.5462004],[12.1605331,46.5464956],[12.1601469,46.5461709],[12.1601469,46.5457872],[12.1593744,46.545551],[12.1587736,46.5456396],[12.1583873,46.5460528],[12.158044,46.5457577],[12.1576578,46.5460823],[12.157057,46.5456691],[12.1567716,46.5460499],[12.1576299,46.5464926],[12.1569003,46.5466992],[12.1569432,46.5470829],[12.1559637,46.5467014],[12.1565001,46.5464653],[12.1553843,46.5456093],[12.1558349,46.5452109],[12.1552985,46.5446058],[12.1555122,46.5444357],[12.1558276,46.5446028],[12.1559724,46.5446526],[12.1561539,46.5446389],[12.1561134,46.5440338],[12.1557713,46.5438861],[12.1556935,46.5438308],[12.1556693,46.5437883],[12.1556693,46.5436574],[12.1558061,46.5435854],[12.156187,46.5435651],[12.1562809,46.543602],[12.1562862,46.5436758],[12.1565081,46.5437682],[12.1567743,46.5434101],[12.1563244,46.543196],[12.156307,46.5429823],[12.156586,46.5425543],[12.1574228,46.5425248],[12.1566503,46.542082],[12.1571471,46.5420137],[12.1577232,46.5419345],[12.1571653,46.5412998],[12.1558993,46.5414474],[12.1548034,46.5419598],[12.1546964,46.5421458],[12.1545493,46.5425222],[12.1538436,46.5426313],[12.1536983,46.5425532],[12.1535412,46.5425323],[12.1535604,46.5419935],[12.1531098,46.5414917],[12.1516936,46.5414474],[12.1513932,46.5410932],[12.1520584,46.5405471],[12.1529306,46.5410762],[12.154261,46.5411205],[12.1543758,46.5408423],[12.1521013,46.5402076],[12.1499555,46.5400895],[12.1498268,46.5397796],[12.1484535,46.5393073],[12.1485823,46.5390564],[12.1513288,46.5385693],[12.1513503,46.5382446],[12.1523588,46.5380232],[12.151994,46.5375213],[12.1511143,46.5378313],[12.1503847,46.537846],[12.1498697,46.5381117],[12.1483677,46.538525],[12.1480887,46.5387907]],[[12.149433,46.5371486],[12.1492615,46.5372554],[12.1492936,46.5374475],[12.1495137,46.5373126],[12.1497254,46.5372833],[12.1501628,46.5374953],[12.1502969,46.5374584],[12.1505328,46.5375228],[12.1514179,46.5371796],[12.1514851,46.5369934],[12.1514372,46.5369114],[12.1513884,46.5368276],[12.1510612,46.5365102],[12.1504068,46.5365506],[12.1496771,46.5367464],[12.1494734,46.5369824],[12.149433,46.5371486]],[[12.1592604,46.543405],[12.1599054,46.5435531],[12.1603188,46.5427018],[12.1596738,46.5425537],[12.1592604,46.543405]],[[12.1659991,46.5446961],[12.1660742,46.544641],[12.1661317,46.5445773],[12.1661317,46.5445257],[12.1660066,46.5444776],[12.165834,46.5444552],[12.1656764,46.5444621],[12.1655314,46.5444758],[12.1653813,46.5445051],[12.1652637,46.5445223],[12.1651711,46.5445498],[12.1651411,46.5445928],[12.1651787,46.5446617],[12.1652462,46.5446943],[12.1653412,46.5447219],[12.1654613,46.5447425],[12.1655614,46.5447666],[12.1658015,46.5447511],[12.1659266,46.544727],[12.1659991,46.5446961]],[[12.1668969,46.5459857],[12.1666206,46.5459687],[12.1663497,46.5461775],[12.166449,46.546441],[12.1668325,46.5466129],[12.1671222,46.5465612],[12.1674312,46.5466217],[12.1672107,46.5462196],[12.1668969,46.5459857]],[[12.1861015,46.5455208],[12.1858346,46.5454729],[12.185608,46.5454322],[12.1853612,46.5456462],[12.1851037,46.5454765],[12.1848167,46.5456219],[12.1838404,46.5454374],[12.1840642,46.5457404],[12.1841837,46.5459023],[12.1847014,46.5461074],[12.1848355,46.5464284],[12.1858467,46.5466033],[12.185785,46.5464008],[12.1858574,46.5462048],[12.1861364,46.5460941],[12.1863268,46.5462808],[12.1868445,46.5463598],[12.1870135,46.5467826],[12.1873917,46.5470386],[12.1876358,46.5469818],[12.1876003,46.5467911],[12.1879791,46.5465981],[12.1876894,46.5461775],[12.1867265,46.5461532],[12.1861015,46.5455208]],[[12.1967466,46.5503285],[12.1969264,46.5502809],[12.1977455,46.5504693],[12.1983848,46.5506958],[12.1988995,46.5507396],[12.1991485,46.5506235],[12.1989105,46.5504903],[12.1992121,46.550477],[12.1995802,46.5505778],[12.1992315,46.5503552],[12.1984982,46.5502296],[12.1981606,46.5501306],[12.1978977,46.5501649],[12.197621,46.549887],[12.1974882,46.5501097],[12.1970454,46.5501458],[12.1966331,46.550123],[12.1965224,46.5501496],[12.1962596,46.5500412],[12.1959192,46.5501325],[12.1955152,46.550064],[12.195482,46.5502048],[12.1958113,46.5503228],[12.1960326,46.5502162],[12.1967466,46.5503285]],[[12.2005155,46.5508081],[12.2007203,46.5507529],[12.2007286,46.5505645],[12.2012405,46.5504389],[12.2014812,46.5503894],[12.202281,46.5505892],[12.2022588,46.5503875],[12.2014951,46.5502277],[12.2012516,46.5501401],[12.2008033,46.550359],[12.2006013,46.5503856],[12.2003246,46.5504636],[12.2001309,46.5504617],[12.2001004,46.5505474],[12.2002166,46.5506615],[12.2004934,46.5506749],[12.2005155,46.5508081]],[[12.1994806,46.5525607],[12.1995968,46.5523115],[12.1994861,46.5522049],[12.1992813,46.552321],[12.1990655,46.5524485],[12.1990766,46.5526216],[12.1996687,46.552692],[12.1998514,46.5528861],[12.1997019,46.5525969],[12.1994806,46.5525607]],[[12.1670573,46.5488855],[12.1666711,46.5487085],[12.1663277,46.5489741],[12.1673931,46.5500786],[12.1664136,46.5511433],[12.1658342,46.5512762],[12.1663846,46.5517757],[12.1668856,46.551527],[12.1670788,46.5519107],[12.1671646,46.5512614],[12.1681731,46.5506859],[12.1677225,46.5504498],[12.1684735,46.5502432],[12.1695464,46.5507302],[12.1695249,46.5503612],[12.1700539,46.5505066],[12.1706547,46.5516133],[12.1719067,46.5517779],[12.171499,46.5511433],[12.172529,46.5513942],[12.1725719,46.5508187],[12.1723788,46.54983],[12.172765,46.5493578],[12.1734732,46.5495496],[12.1734302,46.5500071],[12.174546,46.5499923],[12.1736234,46.5489446],[12.1747547,46.5488378],[12.1736663,46.5482805],[12.173044,46.548856],[12.1728938,46.5491659],[12.1724861,46.5491659],[12.1722501,46.5487822],[12.1711772,46.5484133],[12.1718209,46.5477345],[12.1723713,46.5482045],[12.172014,46.5471146],[12.1711772,46.5469818],[12.1710543,46.5464855],[12.1709809,46.5463136],[12.1707806,46.546155],[12.1707308,46.5458257],[12.1705191,46.545899],[12.17014,46.5458847],[12.1703492,46.5461776],[12.1708693,46.5472305],[12.1703403,46.5475131],[12.1699541,46.5470113],[12.1689874,46.5480525],[12.1673148,46.5484428],[12.1670573,46.5488855]],[[12.175708,46.5515248],[12.1755122,46.5517041],[12.1755899,46.5519085],[12.1758984,46.5519623],[12.1759735,46.5523755],[12.1753968,46.5520413],[12.1752118,46.5515123],[12.1745144,46.5510696],[12.1742918,46.5512002],[12.1745063,46.5515691],[12.1748255,46.5516746],[12.1747826,46.5519623],[12.1731196,46.5513647],[12.1731196,46.5516082],[12.1734093,46.5517853],[12.1735166,46.5519992],[12.1740986,46.552056],[12.1751393,46.5525356],[12.1762739,46.5527149],[12.1771751,46.5518148],[12.1771644,46.5514311],[12.1760191,46.5507836],[12.1757966,46.5507908],[12.1755578,46.5508755],[12.175708,46.5515248]],[[12.1617365,46.5576283],[12.1621978,46.5574512],[12.1627343,46.5573111],[12.1632492,46.5572299],[12.1635067,46.5572742],[12.1637642,46.5573922],[12.1641397,46.5573996],[12.1644294,46.5571266],[12.1641505,46.5570233],[12.1640539,46.5569643],[12.1641076,46.5567873],[12.1643758,46.5566176],[12.1645045,46.5564553],[12.1646333,46.5561528],[12.1646654,46.5558946],[12.1647191,46.5556732],[12.1647298,46.5554593],[12.1642041,46.5553413],[12.1636355,46.5551716],[12.1632063,46.5549945],[12.1627343,46.5550388],[12.1625948,46.5553191],[12.1628094,46.5554077],[12.1630347,46.5553265],[12.1633458,46.5553265],[12.1631312,46.5555404],[12.1627235,46.5557544],[12.1621764,46.5560569],[12.1625304,46.5561159],[12.1624339,46.5563446],[12.1619553,46.5567657],[12.1615541,46.5569865],[12.1612322,46.5570676],[12.1611571,46.5568094],[12.1611142,46.5564848],[12.1615863,46.5563446],[12.1620047,46.556138],[12.1618974,46.5559684],[12.1616614,46.5559831],[12.1612108,46.5560938],[12.1606958,46.5561454],[12.1602666,46.5561233],[12.1597731,46.5560495],[12.1601915,46.5557249],[12.1600628,46.5553413],[12.1600413,46.5551863],[12.1608996,46.5552085],[12.1616292,46.5552601],[12.161833,46.5551716],[12.1615112,46.5549281],[12.1606314,46.5547068],[12.1599018,46.5544928],[12.1590543,46.5544412],[12.1586037,46.554574],[12.1590328,46.5548469],[12.1591401,46.555238],[12.1590757,46.5555478],[12.1589148,46.5556511],[12.1585715,46.5554519],[12.1580136,46.5554077],[12.1575522,46.555356],[12.1568119,46.555356],[12.1564901,46.5552822],[12.1565223,46.5550683],[12.1562648,46.5550609],[12.1563506,46.5553265],[12.1555352,46.5553044],[12.1550631,46.5552896],[12.154516,46.5551494],[12.1540975,46.5548765],[12.1537864,46.554751],[12.1535396,46.5546699],[12.1533465,46.5546109],[12.1530461,46.5546477],[12.1526921,46.554633],[12.1526599,46.5544854],[12.1529925,46.5543895],[12.1532178,46.5542788],[12.1531534,46.5540944],[12.1528423,46.5541165],[12.1524024,46.5542346],[12.1521771,46.5541977],[12.1520054,46.5540428],[12.1517157,46.5537329],[12.1514475,46.5536222],[12.1508574,46.5535558],[12.1505999,46.5536812],[12.1511364,46.5538509],[12.1514797,46.5540132],[12.1513295,46.5542862],[12.1507931,46.5542715],[12.1504712,46.5541608],[12.1503746,46.5539321],[12.1502674,46.5537181],[12.1498704,46.553696],[12.1496558,46.5536296],[12.1497524,46.5534378],[12.1497416,46.5532533],[12.1494841,46.5531648],[12.1491301,46.5534304],[12.1492481,46.5536148],[12.1490121,46.5536075],[12.148776,46.5535189],[12.1486044,46.5532164],[12.1481001,46.5530467],[12.1479821,46.55315],[12.1478534,46.5532902],[12.147392,46.5533419],[12.1471989,46.5532017],[12.1471989,46.5529434],[12.1470809,46.5526114],[12.1468341,46.5524786],[12.1466088,46.5522868],[12.1461689,46.552272],[12.1458149,46.5526262],[12.1457642,46.5530594],[12.1459758,46.5533419],[12.1459865,46.5536443],[12.146405,46.5539542],[12.1464264,46.5541682],[12.1473384,46.5545149],[12.1477139,46.5550093],[12.1482718,46.5552158],[12.1485078,46.5550609],[12.1486473,46.554751],[12.1491194,46.5547289],[12.1493983,46.5549724],[12.1497631,46.555083],[12.1497738,46.5548322],[12.1501171,46.5548101],[12.1503639,46.5548986],[12.1504605,46.5550535],[12.1507287,46.5552896],[12.1510184,46.5551052],[12.151705,46.5551125],[12.1522951,46.555238],[12.1528315,46.5553486],[12.152971,46.555474],[12.1531641,46.5557396],[12.1543765,46.5558724],[12.1547842,46.5561528],[12.1548378,46.5564922],[12.15487,46.5567873],[12.1550846,46.5572152],[12.155385,46.5575029],[12.1561038,46.5576873],[12.1563506,46.5577832],[12.1569085,46.5578865],[12.1577346,46.5582406],[12.1579814,46.5585874],[12.1584535,46.5583587],[12.15855,46.5579086],[12.158786,46.5576357],[12.1591937,46.557525],[12.1595585,46.5575471],[12.1604276,46.5575693],[12.1611357,46.5576283],[12.1617365,46.5576283]],[[12.2430327,46.5449532],[12.2409942,46.5462076],[12.2403719,46.5460453],[12.2406938,46.5467242],[12.243655,46.5465175],[12.2439554,46.5469012],[12.2450926,46.5467242],[12.2451355,46.5462962],[12.2448566,46.5461338],[12.2448351,46.5452484],[12.2440841,46.5450122],[12.2430327,46.5449532]],[[12.2322609,46.547831],[12.2331622,46.5472259],[12.2328403,46.5467389],[12.2340634,46.545573],[12.2343423,46.5447466],[12.2329905,46.544112],[12.2329476,46.543256],[12.2316601,46.5439939],[12.2290637,46.5445547],[12.2278406,46.5442448],[12.2269609,46.5455583],[12.2248795,46.5466061],[12.2244503,46.5480081],[12.2222402,46.5490558],[12.2209527,46.548982],[12.2201373,46.5492919],[12.2218754,46.5493952],[12.2240856,46.5491149],[12.2251155,46.5485393],[12.2258451,46.548377],[12.2259738,46.5472554],[12.2268751,46.5465323],[12.2276904,46.5471521],[12.2291067,46.5481704],[12.2297718,46.5478752],[12.2322609,46.547831]],[[12.2382972,46.5469832],[12.2383906,46.5470282],[12.2384677,46.5470041],[12.2385658,46.5470619],[12.2388016,46.5470651],[12.2389721,46.5470218],[12.2392172,46.5470154],[12.2393783,46.5469865],[12.23939,46.5468933],[12.2394437,46.5468837],[12.2395651,46.5465529],[12.2392593,46.5466251],[12.2390001,46.5466878],[12.2388039,46.5466572],[12.2386265,46.5466572],[12.2386008,46.5465256],[12.2386241,46.5464597],[12.238428,46.5465496],[12.2382949,46.546593],[12.2382155,46.5466508],[12.2383019,46.5467777],[12.2383743,46.5468451],[12.2382972,46.5469832]],[[12.2305443,46.5504282],[12.2327974,46.548982],[12.2341063,46.5487607],[12.2361877,46.5476539],[12.2351363,46.5476244],[12.2339775,46.5475653],[12.2318961,46.5484803],[12.2288062,46.5490558],[12.2267678,46.5496461],[12.2255876,46.550443],[12.2257593,46.5507824],[12.2282913,46.5511956],[12.2305443,46.5504282]],[[12.2038887,46.5511069],[12.2038361,46.5512743],[12.2037005,46.5515274],[12.2038334,46.5515065],[12.2040215,46.5512667],[12.2043647,46.5512743],[12.2044228,46.5509794],[12.2040907,46.5509432],[12.20385,46.5507986],[12.2038085,46.5506292],[12.2036618,46.5507567],[12.203053,46.5506178],[12.2029257,46.5506615],[12.202923,46.5507148],[12.2035456,46.5509051],[12.2038887,46.5511069]],[[12.2042761,46.5529185],[12.2043757,46.5527796],[12.2043702,46.5524903],[12.2042401,46.5521992],[12.2042484,46.5519841],[12.2042927,46.5518091],[12.2045141,46.5518928],[12.2046192,46.551811],[12.2043315,46.5517558],[12.2043148,46.5515331],[12.204171,46.5517805],[12.2040215,46.5522506],[12.2039579,46.5521878],[12.2039883,46.5520736],[12.2037891,46.5517596],[12.2038195,46.5519556],[12.2037752,46.5521326],[12.2039108,46.5522353],[12.2041903,46.5524485],[12.2042761,46.5529185]],[[12.2026186,46.5534532],[12.2026158,46.5535293],[12.2030502,46.5534456],[12.2030392,46.5532934],[12.2027292,46.5533086],[12.2029285,46.5531259],[12.2030613,46.5530555],[12.2030917,46.5527796],[12.2028731,46.5524313],[12.202851,46.5526749],[12.2029119,46.5529451],[12.2028178,46.5531335],[12.2027182,46.5531297],[12.2026435,46.5532363],[12.2023861,46.5529984],[12.2023031,46.5526997],[12.2022533,46.552947],[12.2022533,46.5530536],[12.2022644,46.5531221],[12.202483,46.5533086],[12.2025383,46.553419],[12.2026186,46.5534532]],[[12.1997628,46.5534627],[12.2000174,46.5530327],[12.1999095,46.5530917],[12.1997075,46.5533771],[12.1994612,46.5536873],[12.1994114,46.5538871],[12.1992564,46.5540412],[12.1994003,46.5542582],[12.1993616,46.5545474],[12.1994501,46.5545855],[12.1995663,46.5540641],[12.1997628,46.5534627]],[[12.203214,46.5553488],[12.2027741,46.5552455],[12.2012185,46.5555628],[12.2012265,46.5566624],[12.2007678,46.5561677],[12.2003816,46.5563522],[12.1998881,46.5560644],[12.1997682,46.5560624],[12.1996133,46.5560951],[12.1996199,46.5561972],[12.2000919,46.5563964],[12.1991371,46.5568391],[12.1995582,46.5571246],[12.1989547,46.5573112],[12.1986221,46.5570899],[12.1982788,46.5574219],[12.1991049,46.5575326],[12.1997835,46.5573828],[12.2007786,46.5579088],[12.2012828,46.5575547],[12.2016825,46.5577148],[12.2024094,46.5576211],[12.2024737,46.5571268],[12.202699,46.5572596],[12.2032596,46.5569402],[12.2031604,46.5567063],[12.2053598,46.5560423],[12.2054134,46.5549283],[12.2050916,46.5548102],[12.2039436,46.554884],[12.203214,46.5553488]],[[12.1858542,46.5573555],[12.1861546,46.5579457],[12.1856182,46.558226],[12.1866482,46.5581375],[12.1875065,46.5584031],[12.1878498,46.5587277],[12.1878283,46.5577686],[12.1873563,46.5569719],[12.1862834,46.5569129],[12.1858542,46.5573555]]],[[[12.1689453,46.5486261],[12.169209,46.5483473],[12.1698393,46.5481602],[12.1701107,46.5487391],[12.1693533,46.5490331],[12.1689241,46.5496382],[12.1682804,46.548856],[12.1687879,46.5487926],[12.1689453,46.5486261]]]]},"properties":{"id":"0ec1e832-1da3-3ef0-a4b2-82127c110750","version":0,"sources":[{"property":"","dataset":"OpenStreetMap","license":"ODbL-1.0","record_id":"r2458828@23","update_time":"2025-10-21T11:30:38.000Z","confidence":null,"between":null}],"subtype":"forest","class":"forest","source_tags":[["landuse","forest"],["type","multipolygon"]]}}
{"type":"Feature","geometry":{"type":"Polygon","coordinates":[[[12.1753304,46.5402447],[12.1749973,46.5399344],[12.1755445,46.5398901],[12.1759527,46.5399938],[12.1765478,46.5399184],[12.1765201,46.54006],[12.1758888,46.540158],[12.1753304,46.5402447]]]},"properties":{"id":"be68a158-37e1-356e-8f3a-847adadde834","version":0,"sources":[{"property":"","dataset":"OpenStreetMap","license":"ODbL-1.0","record_id":"w842112562@1","update_time":"2020-08-29T10:23:28.000Z","confidence":null,"between":null}],"subtype":"rock","class":"scree","source_tags":[["natural","scree"]]}}
{"type":"Feature","geometry":{"type":"Polygon","coordinates":[[[12.1736567,46.538658],[12.1725404,46.5388864],[12.1726225,46.538751],[12.1734123,46.5382386],[12.1739003,46.5382794],[12.1739167,46.5384804],[12.1739201,46.5385226],[12.1736567,46.538658]]]},"properties":{"id":"79caec54-0885-3dcc-b792-8b1351958080","version":0,"sources":[{"property":"","dataset":"OpenStreetMap","license":"ODbL-1.0","record_id":"w842112561@1","update_time":"2020-08-29T10:23:28.000Z","confidence":null,"between":null}],"subtype":"rock","class":"scree","source_tags":[["natural","scree"]]}}
{"type":"Feature","geometry":{"type":"Polygon","coordinates":[[[12.1747403,46.5404218],[12.1742355,46.5407683],[12.173742,46.5408347],[12.1735273,46.5408423],[12.1733342,46.5405176],[12.1732395,46.5401381],[12.1731573,46.5398089],[12.1733665,46.5396392],[12.1741819,46.5396539],[12.1743857,46.5399122],[12.1747403,46.5404218]]]},"properties":{"id":"e54fda6d-338e-36c2-b1dc-fe3f38cd8b5b","version":0,"sources":[{"property":"","dataset":"OpenStreetMap","license":"ODbL-1.0","record_id":"w708948189@1","update_time":"2019-07-30T17:04:27.000Z","confidence":null,"between":null}],"subtype":"rock","class":"bare_rock","source_tags":[["natural","bare_rock"]]}}
{"type":"Feature","geometry":{"type":"Polygon","coordinates":[[[12.1735273,46.5408423],[12.173742,46.5408347],[12.1741181,46.5411598],[12.1742248,46.5413734],[12.1747291,46.5412479],[12.1751304,46.541673],[12.174257,46.5420745],[12.1741926,46.5423106],[12.1738177,46.5422741],[12.1736991,46.5423623],[12.173742,46.542473],[12.1744179,46.5425984],[12.1742034,46.5428124],[12.173742,46.5428345],[12.1734523,46.5427091],[12.1736031,46.5425693],[12.1733021,46.5420966],[12.1726375,46.5420527],[12.1729694,46.5412186],[12.1732618,46.5412164],[12.1735273,46.5408423]]]},"properties":{"id":"a9c3d233-b2d3-3595-bb5a-62fe762753a0","version":0,"sources":[{"property":"","dataset":"OpenStreetMap","license":"ODbL-1.0","record_id":"w708948192@1","update_time":"2019-07-30T17:04:27.000Z","confidence":null,"between":null}],"subtype":"rock","class":"scree","source_tags":[["natural","scree"]]}}
{"type":"Feature","geometry":{"type":"Polygon","coordinates":[[[12.176405,46.5413657],[12.1759408,46.5416983],[12.1762841,46.5426872],[12.1775936,46.5430635],[12.1770142,46.5433144],[12.1764992,46.5433882],[12.1757649,46.5431338],[12.1759205,46.5430046],[12.1755235,46.5428275],[12.175266,46.5425988],[12.1742683,46.5424106],[12.1749007,46.5423143],[12.1751105,46.5421597],[12.1753245,46.5415837],[12.1751304,46.541673],[12.1747291,46.5412479],[12.1748577,46.5409589],[12.17489,46.5408863],[12.1755337,46.5407535],[12.1755552,46.540355],[12.1761024,46.5403993],[12.1766639,46.5403473],[12.1769708,46.5409603],[12.1767745,46.5411009],[12.176405,46.5413657]]]},"properties":{"id":"9266bc18-cb81-3b23-831d-202ec59af5f1","version":0,"sources":[{"property":"","dataset":"OpenStreetMap","license":"ODbL-1.0","record_id":"w708948188@2","update_time":"2023-06-07T11:15:05.000Z","confidence":null,"between":null}],"subtype":"rock","class":"bare_rock","source_tags":[["natural","bare_rock"]]}}
{"type":"Feature","geometry":{"type":"Polygon","coordinates":[[[12.1729694,46.5412186],[12.1726375,46.5420527],[12.1733021,46.5420966],[12.1736031,46.5425693],[12.1734523,46.5427091],[12.173742,46.5428345],[12.1742034,46.5428124],[12.1744179,46.5425984],[12.173742,46.542473],[12.1736991,46.5423623],[12.1738177,46.5422741],[12.1741926,46.5423106],[12.174257,46.5420745],[12.1751304,46.541673],[12.1753245,46.5415837],[12.1751105,46.5421597],[12.1749007,46.5423143],[12.1742683,46.5424106],[12.175266,46.5425988],[12.1755235,46.5428275],[12.1759205,46.5430046],[12.1757649,46.5431338],[12.1764992,46.5433882],[12.1767057,46.5439542],[12.1765234,46.5441682],[12.1771242,46.5443601],[12.1776901,46.5443549],[12.1780656,46.5449452],[12.1776499,46.5452308],[12.1769927,46.545174],[12.176974,46.5447659],[12.1760486,46.5441852],[12.1756651,46.5442272],[12.1752976,46.5440597],[12.1754827,46.5437328],[12.1753941,46.5434325],[12.1749865,46.5431816],[12.173935,46.5431668],[12.1724544,46.5433365],[12.1717705,46.5430908],[12.1715666,46.5426333],[12.1722426,46.5423012],[12.1725503,46.5416832],[12.1720789,46.5416393],[12.1715452,46.5416297],[12.1714701,46.5417478],[12.1710597,46.5416171],[12.1711697,46.5413345],[12.1716847,46.5413935],[12.1715881,46.5411869],[12.1719421,46.5410541],[12.1725403,46.540953],[12.1729694,46.5412186]]]},"properties":{"id":"e670fbba-f07b-39e9-8066-c0ccee33fa70","version":0,"sources":[{"property":"","dataset":"OpenStreetMap","license":"ODbL-1.0","record_id":"w260459119@2","update_time":"2019-07-30T17:04:27.000Z","confidence":null,"between":null}],"subtype":"shrub","class":"scrub","source_tags":[["natural","scrub"]]}}
{"type":"Feature","geometry":{"type":"Polygon","coordinates":[[[12.187576,46.5514701],[12.1875182,46.5512258],[12.1875484,46.5510783],[12.1873686,46.5507262],[12.1870863,46.5505854],[12.1864249,46.5504389],[12.1859684,46.5501972],[12.1854036,46.5500809],[12.1849168,46.5500316],[12.1843018,46.5500934],[12.1841162,46.5498743],[12.1831001,46.549754],[12.1828525,46.5496015],[12.1828426,46.5492965],[12.1826339,46.5492209],[12.1823931,46.5492247],[12.1822805,46.5491661],[12.1820777,46.5491886],[12.1818452,46.5490439],[12.1815325,46.5488194],[12.1813665,46.5488042],[12.1810953,46.5485796],[12.1804533,46.5484369],[12.1801739,46.5483455],[12.180041,46.5482884],[12.1798778,46.5482637],[12.1797908,46.5482],[12.1793686,46.5481952],[12.1788179,46.5482656],[12.1785772,46.5481381],[12.1783807,46.5481609],[12.1783111,46.5480615],[12.1779878,46.5481552],[12.1776183,46.548094],[12.1773541,46.5480467],[12.1772928,46.5479037],[12.1769922,46.5476016],[12.1765322,46.5476242],[12.1764741,46.5478792],[12.17638,46.5478412],[12.176297,46.5476623],[12.1761478,46.5477145],[12.1740141,46.5471313],[12.1735962,46.5471408],[12.1728961,46.5468002],[12.1719497,46.5466129],[12.1725076,46.5465834],[12.176907,46.5475426],[12.1775158,46.5476754],[12.1793096,46.547882],[12.1801894,46.5481624],[12.18064,46.5482657],[12.1818631,46.5486494],[12.1827764,46.5490799],[12.1837728,46.5495496],[12.1852702,46.5497007],[12.1861117,46.5499038],[12.18697,46.5499185],[12.1872202,46.5500065],[12.1874682,46.5500373],[12.1877283,46.5498204],[12.1880272,46.5497367],[12.1878168,46.5499803],[12.1877975,46.5500906],[12.1875715,46.5502356],[12.1878344,46.5504791],[12.1884077,46.5504793],[12.1884345,46.5505736],[12.1887964,46.5506901],[12.1888285,46.5507957],[12.18858,46.5508941],[12.1886,46.5513344],[12.1883308,46.5514774],[12.187576,46.5514701]]]},"properties":{"id":"8d94ae0b-ba32-3a24-a7d9-7324c78e720d","version":0,"sources":[{"property":"","dataset":"OpenStreetMap","license":"ODbL-1.0","record_id":"w880760344@5","update_time":"2024-07-17T20:37:47.000Z","confidence":null,"between":null}],"subtype":"rock","class":"scree","source_tags":[["natural","scree"]]}}
{"type":"Feature","geometry":{"type":"Polygon","coordinates":[[[12.1861117,46.5499038],[12.1852702,46.5497007],[12.1837728,46.5495496],[12.1847923,46.5493194],[12.1852105,46.549225],[12.1862619,46.5493578],[12.1861117,46.5499038]]]},"properties":{"id":"487bab9e-3a34-31c2-ac70-9fea2190640f","version":0,"sources":[{"property":"","dataset":"OpenStreetMap","license":"ODbL-1.0","record_id":"w880760342@1","update_time":"2020-12-03T20:20:48.000Z","confidence":null,"between":null}],"subtype":"shrub","class":"scrub","source_tags":[["natural","scrub"]]}}
{"type":"Feature","geometry":{"type":"Polygon","coordinates":[[[12.1875715,46.5502356],[12.1877975,46.5500906],[12.1878168,46.5499803],[12.1880272,46.5497367],[12.1877283,46.5498204],[12.1874682,46.5500373],[12.1872202,46.5500065],[12.18697,46.5499185],[12.1876781,46.5490921],[12.1886866,46.5496529],[12.1885513,46.5500539],[12.1884077,46.5504793],[12.1878344,46.5504791],[12.1875715,46.5502356]]]},"properties":{"id":"1c25b255-9f5a-3721-8f99-da9abcf0fb31","version":0,"sources":[{"property":"","dataset":"OpenStreetMap","license":"ODbL-1.0","record_id":"w880760343@2","update_time":"2022-11-02T15:53:38.000Z","confidence":null,"between":null}],"subtype":"shrub","class":"scrub","source_tags":[["natural","scrub"]]}}
{"type":"Feature","geometry":{"type":"Polygon","coordinates":[[[12.1889196,46.5515788],[12.1888825,46.5515454],[12.1889703,46.5515208],[12.1893954,46.5514696],[12.1898078,46.5514792],[12.1898458,46.551497],[12.1898149,46.5515281],[12.1896045,46.5515512],[12.1889196,46.5515788]]]},"properties":{"id":"a3859ca1-63ba-3052-aec6-6e55882deafd","version":0,"sources":[{"property":"","dataset":"OpenStreetMap","license":"ODbL-1.0","record_id":"w1109661116@4","update_time":"2024-07-17T20:37:47.000Z","confidence":null,"between":null}],"subtype":"grass","class":"grassland","source_tags":[["natural","grassland"]]}}
{"type":"Feature","geometry":{"type":"Polygon","coordinates":[[[12.1893518,46.5528846],[12.1891008,46.552379],[12.1890012,46.5520641],[12.1889154,46.5517908],[12.1889173,46.551692],[12.1889625,46.5516359],[12.1891264,46.5516192],[12.1892143,46.5516754],[12.1896134,46.551703],[12.1896404,46.5516226],[12.1896999,46.5516016],[12.1898563,46.5516349],[12.1899199,46.5516835],[12.1901468,46.551732],[12.1901952,46.5516568],[12.1903073,46.5516625],[12.1903793,46.5515807],[12.1904719,46.551613],[12.1904247,46.5517484],[12.1898668,46.5518812],[12.1894806,46.5522353],[12.1892945,46.5524332],[12.1893088,46.5525916],[12.1893682,46.5527606],[12.189527,46.5529185],[12.1893518,46.5528846]]]},"properties":{"id":"9bc8ab8f-29c3-375f-9938-5536c754543c","version":0,"sources":[{"property":"","dataset":"OpenStreetMap","license":"ODbL-1.0","record_id":"w1109661115@2","update_time":"2023-08-24T13:41:15.000Z","confidence":null,"between":null}],"subtype":"grass","class":"grassland","source_tags":[["natural","grassland"]]}}
{"type":"Feature","geometry":{"type":"Polygon","coordinates":[[[12.1894591,46.5535191],[12.1914232,46.5552269],[12.1922493,46.5558171],[12.1926409,46.5558688],[12.1934026,46.5558577],[12.1933998,46.5553687],[12.1932496,46.5545498],[12.1941466,46.5547151],[12.1944809,46.5545481],[12.1957389,46.5548627],[12.196058,46.5550821],[12.1960895,46.555216],[12.1963155,46.555309],[12.1966481,46.5553643],[12.1969995,46.5554962],[12.1970384,46.5556714],[12.1973535,46.5557765],[12.1973576,46.5558549],[12.1974796,46.5559573],[12.1977371,46.5559997],[12.1978337,46.556079],[12.1979772,46.5560855],[12.1981099,46.5561417],[12.1981241,46.5562852],[12.1981435,46.5563289],[12.1983099,46.5565312],[12.196632,46.5565788],[12.1963906,46.5567338],[12.1961144,46.5565309],[12.1956352,46.556661],[12.1965221,46.5571469],[12.1969914,46.5573516],[12.196852,46.5576006],[12.1970451,46.5577463],[12.1974394,46.5575195],[12.1974832,46.5578579],[12.1961518,46.5582239],[12.1954197,46.5587423],[12.1949512,46.5600711],[12.1948804,46.5608944],[12.1941855,46.5604495],[12.1940081,46.5603359],[12.1945231,46.5599523],[12.1942656,46.5594654],[12.1928205,46.5585632],[12.1908249,46.556468],[12.1894591,46.5535191]]]},"properties":{"id":"d5443561-b96e-3176-ab6e-ac8b3ac4b135","version":0,"sources":[{"property":"","dataset":"OpenStreetMap","license":"ODbL-1.0","record_id":"w255858108@3","update_time":"2022-11-02T15:53:38.000Z","confidence":null,"between":null}],"subtype":"shrub","class":"scrub","source_tags":[["natural","scrub"]]}}
{"type":"Feature","geometry":{"type":"Polygon","coordinates":[[[12.1924228,46.556651],[12.19251,46.5566472],[12.1927355,46.5565711],[12.192932,46.5565492],[12.1931465,46.556652],[12.192979,46.5566425],[12.1929182,46.5567338],[12.1927591,46.5566948],[12.1926207,46.5567186],[12.1924228,46.556651]]]},"properties":{"id":"7d4bfcfa-33fd-3670-8e7a-485417bfeff8","version":0,"sources":[{"property":"","dataset":"OpenStreetMap","license":"ODbL-1.0","record_id":"w1109661124@1","update_time":"2022-11-02T15:53:38.000Z","confidence":null,"between":null}],"subtype":"grass","class":"grassland","source_tags":[["natural","grassland"]]}}
{"type":"Feature","geometry":{"type":"Polygon","coordinates":[[[12.1936292,46.5616988],[12.1935228,46.5625694],[12.1936529,46.5626341],[12.1940486,46.5624819],[12.1938501,46.5627101],[12.193639,46.5627559],[12.1936166,46.5630141],[12.1934948,46.5627067],[12.1929513,46.5623211],[12.1926568,46.5620323],[12.192093,46.5616572],[12.1922062,46.561243],[12.1925222,46.560499],[12.193086,46.5603061],[12.1932791,46.5599225],[12.1927617,46.5601293],[12.1930969,46.5599005],[12.1926355,46.5594874],[12.1920025,46.559421],[12.1919482,46.5591113],[12.1921199,46.559008],[12.1916832,46.558637],[12.1911253,46.5581501],[12.1899237,46.5575451],[12.1894377,46.5557325],[12.1883939,46.5527341],[12.1877869,46.5524102],[12.1875756,46.5521454],[12.1876268,46.5518453],[12.187576,46.5514701],[12.1883308,46.5514774],[12.1883446,46.5515339],[12.1883707,46.5516343],[12.1889196,46.5515788],[12.1889173,46.551692],[12.1889154,46.5517908],[12.1890012,46.5520641],[12.1891008,46.552379],[12.1893518,46.5528846],[12.1894591,46.5535191],[12.1908249,46.556468],[12.1928205,46.5585632],[12.1942656,46.5594654],[12.1945231,46.5599523],[12.1940081,46.5603359],[12.1941855,46.5604495],[12.1948804,46.5608944],[12.1944585,46.5612137],[12.1938604,46.561093],[12.1937386,46.5613004],[12.1936307,46.5612832],[12.1934038,46.5611291],[12.1933623,46.5612832],[12.1933097,46.561405],[12.1936292,46.5616988]]]},"properties":{"id":"e7850bed-694d-3cff-90a1-7327f2ad263e","version":0,"sources":[{"property":"","dataset":"OpenStreetMap","license":"ODbL-1.0","record_id":"w880760346@3","update_time":"2023-08-24T13:41:15.000Z","confidence":null,"between":null}],"subtype":"rock","class":"scree","source_tags":[["natural","scree"]]}}
{"type":"Feature","geometry":{"type":"Polygon","coordinates":[[[12.1692889,46.5596277],[12.1692889,46.559008],[12.1703189,46.5582703],[12.1714347,46.5580933],[12.1724861,46.5582113],[12.1732586,46.5581818],[12.173795,46.5584326],[12.1733068,46.5587061],[12.1729749,46.5584472],[12.1722883,46.5586648],[12.1713281,46.5584951],[12.1708131,46.5586796],[12.1703196,46.5588714],[12.1697563,46.559373],[12.1692889,46.5596277]]]},"properties":{"id":"e61bf12e-ac5f-3606-8c23-a1ffd222937a","version":0,"sources":[{"property":"","dataset":"OpenStreetMap","license":"ODbL-1.0","record_id":"w880760347@1","update_time":"2020-12-03T20:20:48.000Z","confidence":null,"between":null}],"subtype":"rock","class":"bare_rock","source_tags":[["natural","bare_rock"]]}}
{"type":"Feature","geometry":{"type":"Polygon","coordinates":[[[12.1705556,46.5591333],[12.1704495,46.5593439],[12.1702659,46.5597087],[12.1694076,46.5599079],[12.1689202,46.559782],[12.1692889,46.5596277],[12.1697563,46.559373],[12.1703196,46.5588714],[12.1708131,46.5586796],[12.1713281,46.5584951],[12.1722883,46.5586648],[12.1729749,46.5584472],[12.1733068,46.5587061],[12.1732157,46.5587572],[12.1732524,46.5589642],[12.1723472,46.5589599],[12.1715748,46.5589562],[12.1705556,46.5591333]]]},"properties":{"id":"c19362bb-1eae-36d2-a0d5-69e0ea30f44c","version":0,"sources":[{"property":"","dataset":"OpenStreetMap","license":"ODbL-1.0","record_id":"w880760348@1","update_time":"2020-12-03T20:20:48.000Z","confidence":null,"between":null}],"subtype":"shrub","class":"scrub","source_tags":[["natural","scrub"]]}}
{"type":"Feature","geometry":{"type":"Polygon","coordinates":[[[12.1733342,46.5405176],[12.1728621,46.5404807],[12.1727764,46.540296],[12.1722936,46.5403624],[12.1717035,46.5403329],[12.1723049,46.5399864],[12.1725082,46.5396613],[12.1729481,46.5393882],[12.1733665,46.5396392],[12.1731573,46.5398089],[12.1732395,46.5401381],[12.1733342,46.5405176]]]},"properties":{"id":"a154fdc7-5622-3d29-b00b-9f887311c666","version":0,"sources":[{"property":"","dataset":"OpenStreetMap","license":"ODbL-1.0","record_id":"w708948193@1","update_time":"2019-07-30T17:04:27.000Z","confidence":null,"between":null}],"subtype":"rock","class":"scree","source_tags":[["natural","scree"]]}}
{"type":"Feature","geometry":{"type":"Polygon","coordinates":[[[12.1546486,46.5445533],[12.1545911,46.5446646],[12.1545911,46.5448141],[12.1545011,46.5449057],[12.1535838,46.5448725],[12.1534953,46.5447083],[12.1537957,46.5445127],[12.1546486,46.5445533]]]},"properties":{"id":"fa00e6f2-2da9-366c-9ccf-0c0b2ebb6be3","version":0,"sources":[{"property":"","dataset":"OpenStreetMap","license":"ODbL-1.0","record_id":"w666304102@2","update_time":"2024-05-31T23:24:43.000Z","confidence":null,"between":null}],"subtype":"forest","class":"forest","source_tags":[["landuse","forest"]]}}
{"type":"Feature","geometry":{"type":"Polygon","coordinates":[[[12.1537514,46.5442692],[12.1536991,46.5442812],[12.1535087,46.5441346],[12.1533424,46.5440054],[12.153258,46.5437671],[12.1530394,46.5435743],[12.1530971,46.5434148],[12.1530635,46.5433219],[12.1530661,46.5432398],[12.1535543,46.5433302],[12.1540612,46.5432527],[12.1540398,46.5430203],[12.154316,46.5431826],[12.1546433,46.5432195],[12.1553943,46.5432583],[12.1555633,46.5432324],[12.1556183,46.543286],[12.1556862,46.5434222],[12.1554372,46.5433284],[12.1550711,46.5435802],[12.1534202,46.5436032],[12.1534577,46.5437379],[12.1534255,46.5439777],[12.1536509,46.5441327],[12.1537514,46.5442692]]]},"properties":{"id":"9351e315-963b-3402-b31d-3456fb3e5e08","version":0,"sources":[{"property":"","dataset":"OpenStreetMap","license":"ODbL-1.0","record_id":"w666304048@2","update_time":"2024-05-31T23:24:43.000Z","confidence":null,"between":null}],"subtype":"forest","class":"forest","source_tags":[["landuse","forest"]]}}
{"type":"Feature","geometry":{"type":"Polygon","coordinates":[[[12.1483001,46.5452073],[12.1483669,46.5452507],[12.1481201,46.5455606],[12.1485493,46.5458926],[12.1495149,46.5461915],[12.149649,46.5465383],[12.1491984,46.5466268],[12.1495524,46.5470142],[12.1491072,46.5471839],[12.1489999,46.5466674],[12.1486941,46.5465604],[12.1482435,46.546756],[12.1478895,46.546542],[12.147809,46.5461472],[12.1475247,46.5458705],[12.1466288,46.5456159],[12.1455506,46.5451547],[12.1456847,46.5448079],[12.1483001,46.5452073]]]},"properties":{"id":"e3802a19-5e69-3b73-9f30-718f01d6642f","version":0,"sources":[{"property":"","dataset":"OpenStreetMap","license":"ODbL-1.0","record_id":"w666304049@1","update_time":"2019-01-26T15:28:56.000Z","confidence":null,"between":null}],"subtype":"forest","class":"forest","source_tags":[["landuse","forest"]]}}
{"type":"Feature","geometry":{"type":"Polygon","coordinates":[[[12.1467388,46.5436106],[12.1466771,46.5436678],[12.1462487,46.5434849],[12.1463144,46.5434486],[12.1467388,46.5436106]]]},"properties":{"id":"5b5b9e65-4ce5-3f5e-aa17-f6595d6fcb05","version":0,"sources":[{"property":"","dataset":"OpenStreetMap","license":"ODbL-1.0","record_id":"w666304124@1","update_time":"2024-05-31T23:24:43.000Z","confidence":null,"between":null}],"subtype":"forest","class":"forest","source_tags":[["landuse","forest"]]}}
{"type":"Feature","geometry":{"type":"Polygon","coordinates":[[[12.144938,46.5415414],[12.1449915,46.541604],[12.1450169,46.5416437],[12.1450438,46.5417387],[12.1450438,46.541819],[12.1450371,46.5418457],[12.1450035,46.5418476],[12.1448936,46.5418411],[12.1448292,46.5418466],[12.1447675,46.5418568],[12.1447165,46.5418891],[12.1446562,46.5419075],[12.1445355,46.5419223],[12.1443799,46.5419306],[12.1443048,46.5419103],[12.1441707,46.5418457],[12.1439293,46.5416871],[12.1437281,46.541521],[12.1435297,46.541379],[12.1433929,46.5413291],[12.1432453,46.5412922],[12.1431246,46.5412517],[12.1430442,46.5412],[12.1429101,46.5410782],[12.1427947,46.5409638],[12.1427277,46.5408956],[12.1426821,46.5408033],[12.142666,46.540724],[12.1426499,46.5406428],[12.1426418,46.5405543],[12.1426016,46.5404694],[12.1425185,46.5403975],[12.1424299,46.5403163],[12.1423629,46.5402222],[12.1423763,46.5401465],[12.1424299,46.5400082],[12.1424085,46.5399657],[12.1423414,46.5398993],[12.1422556,46.5398366],[12.1421617,46.5398034],[12.1421429,46.5397333],[12.1420732,46.5396779],[12.141864,46.5395801],[12.1417648,46.539451],[12.1417057,46.539392],[12.1416146,46.5393532],[12.1415395,46.5392997],[12.1415073,46.5392278],[12.1415207,46.5391558],[12.1415234,46.5390838],[12.1415126,46.5390119],[12.1415234,46.5389418],[12.1414939,46.5388717],[12.1414,46.5388366],[12.14129,46.5388329],[12.1411961,46.5387997],[12.141172,46.5387296],[12.1412644,46.5384172],[12.1413663,46.538419],[12.1415008,46.5383949],[12.1415908,46.5383696],[12.1414361,46.5386829],[12.1432822,46.5390114],[12.1432218,46.5391126],[12.1429074,46.5392213],[12.1426666,46.5393112],[12.1424735,46.539718],[12.1426298,46.5397582],[12.1426908,46.5398505],[12.1428147,46.540074],[12.1433043,46.5404759],[12.1434538,46.5406792],[12.1437351,46.5407361],[12.1437992,46.5408624],[12.1438274,46.540962],[12.1439078,46.5410727],[12.1440244,46.5411569],[12.1442425,46.5412115],[12.1444623,46.5414191],[12.1442538,46.5415229],[12.1441244,46.54167],[12.1444194,46.5418895],[12.144938,46.5415414]]]},"properties":{"id":"67dbf80e-8e94-3e25-9864-c49f4a48875f","version":0,"sources":[{"property":"","dataset":"OpenStreetMap","license":"ODbL-1.0","record_id":"w1288541776@1","update_time":"2024-05-31T23:24:43.000Z","confidence":null,"between":null}],"subtype":"forest","class":"forest","source_tags":[["landuse","forest"]]}}
{"type":"Feature","geometry":{"type":"Polygon","coordinates":[[[12.1410593,46.5383157],[12.141003,46.5383661],[12.1409145,46.5384695],[12.1408716,46.5385359],[12.1408313,46.5386798],[12.1407616,46.538737],[12.1405739,46.5388052],[12.140598,46.5388754],[12.1406919,46.538903],[12.1407536,46.5389602],[12.140767,46.539034],[12.140767,46.5391078],[12.1408313,46.539165],[12.1410593,46.539261],[12.1411264,46.53932],[12.1411452,46.539392],[12.1411747,46.5394547],[12.1414188,46.5395045],[12.1414617,46.5395894],[12.1414456,46.5396263],[12.1413678,46.5396724],[12.1412203,46.5397185],[12.1411291,46.5397554],[12.1410963,46.5397863],[12.1409116,46.5398346],[12.1407453,46.5395542],[12.1409318,46.5394725],[12.1410016,46.5392991],[12.1406373,46.5392187],[12.140657,46.5391724],[12.140661,46.5391309],[12.1406369,46.5390977],[12.1405859,46.5390949],[12.1405148,46.539106],[12.1404237,46.5391143],[12.1403781,46.5391115],[12.140303,46.5390792],[12.1402627,46.5390552],[12.140256,46.5390276],[12.1402667,46.5389851],[12.1402855,46.538927],[12.1402976,46.538904],[12.14037,46.5388938],[12.1404169,46.5388606],[12.140421,46.5388246],[12.1403874,46.5388145],[12.1403003,46.5388136],[12.1401982,46.5388051],[12.1405469,46.5386133],[12.1408741,46.5383254],[12.1409862,46.5381236],[12.1409647,46.5378985],[12.1408687,46.537831],[12.1408985,46.5378147],[12.1410016,46.5378932],[12.1410284,46.5379965],[12.141027,46.5381561],[12.1410191,46.538261],[12.1410593,46.5383157]]]},"properties":{"id":"452a18ae-b412-3ede-96aa-0490b80edcd4","version":0,"sources":[{"property":"","dataset":"OpenStreetMap","license":"ODbL-1.0","record_id":"w1288541775@1","update_time":"2024-05-31T23:24:43.000Z","confidence":null,"between":null}],"subtype":"forest","class":"forest","source_tags":[["landuse","forest"]]}}
{"type":"Feature","geometry":{"type":"Polygon","coordinates":[[[12.1433499,46.5416907],[12.1433231,46.5416114],[12.1432748,46.5415653],[12.1432346,46.541545],[12.1430683,46.5415044],[12.143012,46.5414583],[12.1429235,46.5414159],[12.142843,46.5413642],[12.1427813,46.541307],[12.142446,46.5410579],[12.1424058,46.5409897],[12.1423441,46.5409288],[12.1422529,46.5408901],[12.1421644,46.5408513],[12.1421269,46.5407812],[12.1421027,46.5407056],[12.1420357,46.5405395],[12.1418935,46.5403476],[12.1418291,46.5402904],[12.141764,46.540297],[12.1419953,46.540045],[12.1420732,46.5400561],[12.1421778,46.5401521],[12.1423763,46.540486],[12.1424514,46.5406152],[12.1424997,46.5407904],[12.1425855,46.5409528],[12.1426874,46.541093],[12.1428886,46.5412849],[12.1431541,46.5414085],[12.1432963,46.5414601],[12.1434438,46.541521],[12.1436048,46.5416059],[12.1438622,46.5418014],[12.1438783,46.5418457],[12.1438569,46.5418679],[12.143787,46.5419083],[12.1433499,46.5416907]]]},"properties":{"id":"6accc61b-5230-3e8e-9a50-5c4fb2a6b027","version":0,"sources":[{"property":"","dataset":"OpenStreetMap","license":"ODbL-1.0","record_id":"w1288541774@1","update_time":"2024-05-31T23:24:42.000Z","confidence":null,"between":null}],"subtype":"forest","class":"forest","source_tags":[["landuse","forest"]]}}
{"type":"Feature","geometry":{"type":"Polygon","coordinates":[[[12.1334258,46.5399639],[12.1332903,46.5401262],[12.1332568,46.5401936],[12.1332273,46.5403006],[12.1331106,46.5405847],[12.133116,46.5405949],[12.1331428,46.540605],[12.1331924,46.5406225],[12.133183,46.540688],[12.1330516,46.5406954],[12.133002,46.5407175],[12.1329845,46.5407461],[12.132955,46.5408015],[12.1329403,46.5408412],[12.1328987,46.540864],[12.1321169,46.5408532],[12.1320632,46.5406963],[12.1320538,46.5405404],[12.1320914,46.5404777],[12.1321088,46.5404629],[12.1321423,46.5404583],[12.1321866,46.5404639],[12.1322174,46.540772],[12.1323462,46.5407664],[12.1324414,46.5407655],[12.1325339,46.5407581],[12.1325849,46.5407452],[12.1326318,46.5407369],[12.1327069,46.5407581],[12.1327579,46.5407692],[12.1327847,46.54076],[12.1328035,46.5407194],[12.1327887,46.540665],[12.13277,46.5406271],[12.1327874,46.5406096],[12.1329108,46.5406078],[12.1329939,46.5406004],[12.1330087,46.540558],[12.1330342,46.5404168],[12.1330731,46.540367],[12.1330932,46.5403329],[12.1331187,46.5402794],[12.133124,46.5402434],[12.1331441,46.5402083],[12.133171,46.5401751],[12.1332058,46.5401447],[12.1332407,46.5401152],[12.1332675,46.5400829],[12.1332957,46.5400506],[12.1333198,46.5400165],[12.1333279,46.5399805],[12.1332836,46.5399611],[12.1332407,46.5399833],[12.1332005,46.5400063],[12.1331522,46.5400239],[12.1331052,46.5400405],[12.1330556,46.5400478],[12.133006,46.5400552],[12.1329564,46.5400691],[12.1329188,46.5400958],[12.1328826,46.5401226],[12.1328451,46.5401465],[12.1327713,46.5401641],[12.1327,46.5400604],[12.1327069,46.5399989],[12.1327659,46.5399584],[12.1328437,46.5399141],[12.1329242,46.5398827],[12.1330342,46.5398514],[12.1331602,46.5398329],[12.13323,46.5398606],[12.1333158,46.5398975],[12.1334258,46.5399639]]]},"properties":{"id":"1d512111-b7ca-3c7c-bd16-e3f9db5f966f","version":0,"sources":[{"property":"","dataset":"OpenStreetMap","license":"ODbL-1.0","record_id":"w1290975394@1","update_time":"2024-06-10T14:57:18.000Z","confidence":null,"between":null}],"subtype":"forest","class":"wood","source_tags":[["natural","wood"]]}}
{"type":"Feature","geometry":{"type":"Polygon","coordinates":[[[12.1344376,46.5377879],[12.1344747,46.5378176],[12.1346695,46.537959],[12.1345306,46.5380499],[12.1344138,46.5379823],[12.1342417,46.5380795],[12.134005,46.5383078],[12.1337899,46.5384664],[12.1338083,46.5386292],[12.1335963,46.538811],[12.1331445,46.5391513],[12.1328679,46.5392887],[12.1325859,46.5394373],[12.1326843,46.5395571],[12.1325567,46.539617],[12.1319908,46.5397683],[12.1318835,46.5397563],[12.131803,46.5397554],[12.1317239,46.5397582],[12.1316313,46.5395854],[12.1322597,46.5393166],[12.132662,46.539016],[12.1329442,46.5388179],[12.13312,46.5387019],[12.1333292,46.5385267],[12.1335533,46.5382465],[12.1337991,46.5379759],[12.1339517,46.5378773],[12.134128,46.5377455],[12.1341971,46.5377274],[12.1344376,46.5377879]]]},"properties":{"id":"3116c3f8-beef-30f6-bec7-95cf673aa3c8","version":0,"sources":[{"property":"","dataset":"OpenStreetMap","license":"ODbL-1.0","record_id":"w140313760@11","update_time":"2024-08-01T13:15:31.000Z","confidence":null,"between":null}],"subtype":"forest","class":"forest","source_tags":[["landuse","forest"],["source","bing"]]}}
{"type":"Feature","geometry":{"type":"Polygon","coordinates":[[[12.1338698,46.5375884],[12.1339483,46.5376318],[12.1336338,46.5379537],[12.1331778,46.5384814],[12.1328291,46.5387545],[12.1320512,46.5392083],[12.1314558,46.5394371],[12.1313469,46.5393675],[12.132265,46.5389047],[12.1326188,46.5386478],[12.1327754,46.5387176],[12.1331939,46.5383264],[12.1338698,46.5375884]]]},"properties":{"id":"d12f26c7-f64a-3b92-af30-c821264f950c","version":0,"sources":[{"property":"","dataset":"OpenStreetMap","license":"ODbL-1.0","record_id":"w666426411@1","update_time":"2023-12-17T15:31:04.000Z","confidence":null,"between":null}],"subtype":"forest","class":"forest","source_tags":[["landuse","forest"]]}}
{"type":"Feature","geometry":{"type":"Polygon","coordinates":[[[12.1287684,46.5440322],[12.1288526,46.5440023],[12.1289545,46.5439857],[12.129043,46.5439931],[12.1291423,46.5440466],[12.1292335,46.5440724],[12.1292978,46.5441315],[12.1293193,46.5442034],[12.1293193,46.5442754],[12.1294132,46.5443049],[12.1294695,46.544244],[12.129558,46.5442071],[12.1296412,46.5441628],[12.1297941,46.5441499],[12.1298611,46.5441167],[12.1299469,46.5440761],[12.1299979,46.5440153],[12.1300301,46.543947],[12.1300757,46.5438824],[12.1301535,46.5438326],[12.1302608,46.5437883],[12.1302447,46.5438677],[12.1301401,46.5441684],[12.130073,46.5442256],[12.1299764,46.5442606],[12.1299013,46.5443141],[12.1298477,46.5443805],[12.1298289,46.5444543],[12.1297485,46.5445023],[12.1296626,46.5445687],[12.1296465,46.5446406],[12.1296653,46.5447126],[12.1297646,46.5447366],[12.1298343,46.5447901],[12.129837,46.544862],[12.1297485,46.544969],[12.1296439,46.5449893],[12.1295071,46.5451166],[12.1294776,46.545148],[12.1293998,46.5451517],[12.1293354,46.5451517],[12.1293139,46.5451295],[12.1293087,46.545067],[12.1293165,46.5450498],[12.1294094,46.544844],[12.1293917,46.5447569],[12.1290795,46.5445855],[12.1287323,46.544471],[12.1286756,46.5444165],[12.1286166,46.5443399],[12.1285978,46.5442551],[12.1286514,46.5441296],[12.1287684,46.5440322]]]},"properties":{"id":"d81b25d2-7f23-3917-aba2-30df89768fb6","version":0,"sources":[{"property":"","dataset":"OpenStreetMap","license":"ODbL-1.0","record_id":"w140313249@6","update_time":"2024-05-31T23:24:43.000Z","confidence":null,"between":null}],"subtype":"forest","class":"forest","source_tags":[["landuse","forest"],["source","bing"]]}}
{"type":"Feature","geometry":{"type":"Polygon","coordinates":[[[12.1296847,46.5456021],[12.1297501,46.5454474],[12.1298483,46.545318],[12.1300937,46.5446653],[12.1301755,46.5447103],[12.1303473,46.5446427],[12.1304046,46.544533],[12.1303514,46.5444993],[12.1303392,46.544367],[12.1304701,46.5442995],[12.130511,46.5444374],[12.130511,46.5446118],[12.1304332,46.5449466],[12.1303228,46.5453995],[12.130216,46.545641],[12.1296847,46.5456021]]]},"properties":{"id":"b9ba9b42-19db-3d32-99e3-3e32d1013267","version":0,"sources":[{"property":"","dataset":"OpenStreetMap","license":"ODbL-1.0","record_id":"w140313250@3","update_time":"2022-01-06T21:53:40.000Z","confidence":null,"between":null}],"subtype":"forest","class":"forest","source_tags":[["landuse","forest"],["source","bing"]]}}
{"type":"Feature","geometry":{"type":"Polygon","coordinates":[[[12.128418,46.5536209],[12.1285239,46.5533744],[12.1284864,46.5531051],[12.1282342,46.5527473],[12.1281538,46.5526292],[12.1281109,46.5524559],[12.1281645,46.5521681],[12.128084,46.5519136],[12.1277783,46.5516258],[12.1277407,46.5514451],[12.1279982,46.5510319],[12.1279982,46.5508954],[12.1276442,46.5503715],[12.1276656,46.5501834],[12.1278051,46.5499104],[12.1277836,46.5491983],[12.1279124,46.5489511],[12.1282825,46.5486449],[12.1286258,46.5479809],[12.1288619,46.5478075],[12.129173,46.5470253],[12.1292696,46.5468371],[12.1298328,46.546494],[12.1301493,46.5463022],[12.1304605,46.5461804],[12.1307877,46.5460587],[12.1309379,46.545948],[12.1310827,46.5459218],[12.1314115,46.545943],[12.1313455,46.546334],[12.1313792,46.5463738],[12.1315641,46.5464889],[12.1317219,46.5468166],[12.1320604,46.5469373],[12.1320027,46.5472813],[12.1316245,46.5468408],[12.1313617,46.546649],[12.1310935,46.5466195],[12.1307931,46.5463354],[12.1299938,46.5466268],[12.1294681,46.5470733],[12.1292642,46.5475344],[12.1290806,46.547762],[12.1287493,46.5479863],[12.128638,46.548236],[12.1286419,46.5483977],[12.1286688,46.5487667],[12.1288297,46.5497997],[12.1291355,46.5499325],[12.1292803,46.5501243],[12.1286258,46.5499067],[12.1286634,46.5494676],[12.1285588,46.5489733],[12.1284986,46.5485828],[12.1284327,46.5485711],[12.1282074,46.548881],[12.1279821,46.5493754],[12.128084,46.5498366],[12.128025,46.55046],[12.128363,46.5508548],[12.1283523,46.5511462],[12.1282603,46.5514565],[12.128485,46.5519141],[12.1286556,46.5520766],[12.1283254,46.5522013],[12.1282718,46.5526071],[12.1287439,46.5530904],[12.1285797,46.5534416],[12.128418,46.5536209]]]},"properties":{"id":"73cd1ce8-75c7-33a3-92d5-f281c6591a1b","version":0,"sources":[{"property":"","dataset":"OpenStreetMap","license":"ODbL-1.0","record_id":"w666304078@2","update_time":"2024-05-31T23:24:43.000Z","confidence":null,"between":null}],"subtype":"forest","class":"forest","source_tags":[["landuse","forest"],["leaf_type","mixed"]]}}
{"type":"Feature","geometry":{"type":"Polygon","coordinates":[[[12.1380825,46.5513748],[12.1376863,46.5513509],[12.1374789,46.5513584],[12.1374192,46.5512317],[12.1372262,46.5510948],[12.1370843,46.5509963],[12.1370093,46.5508465],[12.136779,46.5507123],[12.1365862,46.5505685],[12.1364066,46.550336],[12.1361964,46.5502334],[12.1357737,46.5501123],[12.1355077,46.5501345],[12.1349069,46.5502917],[12.1349038,46.5501338],[12.1346061,46.5500329],[12.1346094,46.549904],[12.1348438,46.5498137],[12.1348993,46.5497717],[12.1351268,46.5497422],[12.1351259,46.5496718],[12.134981,46.549611],[12.1348131,46.549515],[12.1348384,46.5493831],[12.1349419,46.5492213],[12.1350434,46.5490805],[12.1350254,46.5490386],[12.1349245,46.5491494],[12.1348074,46.5492546],[12.1346369,46.549341],[12.1345034,46.5492461],[12.1343646,46.5493006],[12.1344789,46.5495569],[12.134565,46.5499254],[12.1343301,46.5500057],[12.1342173,46.5500174],[12.1341095,46.5498976],[12.13409,46.5497625],[12.1342716,46.5497655],[12.1342535,46.5496447],[12.1341536,46.5496693],[12.1341758,46.5495307],[12.1340215,46.549382],[12.1338673,46.5493038],[12.133716,46.5492518],[12.1336633,46.5491918],[12.1335825,46.5490177],[12.1335288,46.5489192],[12.1334999,46.5488503],[12.1336991,46.5486814],[12.1337987,46.5486374],[12.1338021,46.5486983],[12.1338574,46.5487426],[12.1338453,46.5488032],[12.1338148,46.5488554],[12.1339001,46.5488967],[12.1340011,46.5488665],[12.1341031,46.5489442],[12.1341712,46.549015],[12.1342543,46.5489459],[12.134329,46.5489565],[12.1343051,46.5490747],[12.1343449,46.5491154],[12.1343898,46.5490406],[12.1344558,46.5488583],[12.1345553,46.5485797],[12.1346422,46.548475],[12.1348631,46.5485009],[12.1349364,46.5486433],[12.1350707,46.5486927],[12.135215,46.5488857],[12.1352166,46.5490378],[12.1351216,46.5491514],[12.1351528,46.5492439],[12.1352982,46.5493357],[12.1353615,46.5493758],[12.1353972,46.5493389],[12.1353267,46.549262],[12.135281,46.5491664],[12.1354069,46.549048],[12.1355261,46.54907],[12.1355899,46.5491541],[12.1355849,46.5492348],[12.1354265,46.549491],[12.1353927,46.5495904],[12.1354346,46.5497355],[12.1355469,46.5498205],[12.135708,46.549848],[12.1357164,46.5497438],[12.1358478,46.54977],[12.1358844,46.5498578],[12.1360563,46.5499436],[12.136137,46.5498917],[12.1360247,46.549784],[12.1359897,46.5497265],[12.1360385,46.5497306],[12.1361476,46.5498091],[12.136278,46.5498931],[12.1364006,46.5498461],[12.136571,46.5499266],[12.1368182,46.5501698],[12.1371365,46.5503584],[12.137288,46.5506576],[12.1375549,46.5509195],[12.1377448,46.5511701],[12.138017,46.5512792],[12.1381557,46.5513382],[12.1380825,46.5513748]]]},"properties":{"id":"12483f73-27a7-31c7-a3ef-303dc7eae875","version":0,"sources":[{"property":"","dataset":"OpenStreetMap","license":"ODbL-1.0","record_id":"w1135873158@1","update_time":"2023-01-28T08:51:30.000Z","confidence":null,"between":null}],"subtype":"forest","class":"wood","source_tags":[["natural","wood"]]}}
{"type":"Feature","geometry":{"type":"Polygon","coordinates":[[[12.1311799,46.5669974],[12.1323214,46.5669111],[12.1333696,46.5678309],[12.1346571,46.5683914],[12.1359445,46.5692471],[12.1353866,46.5692618],[12.13657,46.569891],[12.1347,46.5694241],[12.1350465,46.5697139],[12.1366559,46.570186],[12.1368029,46.5709287],[12.1357546,46.5711891],[12.134936,46.5712237],[12.1345069,46.5705452],[12.1341024,46.5707023],[12.1343567,46.571504],[12.1340595,46.5714988],[12.1341206,46.5718285],[12.1327688,46.5712975],[12.1315489,46.5709826],[12.1326862,46.5715431],[12.1319105,46.5720203],[12.1304943,46.5724186],[12.130991,46.5725757],[12.1316745,46.5723153],[12.1318493,46.5726642],[12.1327259,46.5730086],[12.1324931,46.5734902],[12.1318247,46.5732446],[12.1313526,46.5727726],[12.1305833,46.5727969],[12.1301757,46.5725462],[12.1288421,46.5724923],[12.1278797,46.5721774],[12.1277497,46.5719387],[12.1299599,46.5719971],[12.1305428,46.571563],[12.1277982,46.5701103],[12.1264138,46.5703274],[12.1245314,46.5693172],[12.1246407,46.5685658],[12.1267467,46.5691305],[12.1286187,46.5699688],[12.132981,46.5698389],[12.1325689,46.5686228],[12.1303877,46.5678199],[12.1302486,46.5673942],[12.1311799,46.5669974]]]},"properties":{"id":"49107a4c-6620-3803-8cba-167ba1c47684","version":0,"sources":[{"property":"","dataset":"OpenStreetMap","license":"ODbL-1.0","record_id":"w260181742@1","update_time":"2014-02-05T20:31:18.000Z","confidence":null,"between":null}],"subtype":"shrub","class":"scrub","source_tags":[["natural","scrub"]]}}
{"type":"Feature","geometry":{"type":"Polygon","coordinates":[[[12.1366559,46.570186],[12.1350465,46.5697139],[12.1347,46.5694241],[12.13657,46.569891],[12.1353866,46.5692618],[12.1359445,46.5692471],[12.1346571,46.5683914],[12.1333696,46.5678309],[12.1323214,46.5669111],[12.1311799,46.5669974],[12.1298881,46.5666662],[12.1288946,46.5662369],[12.1297552,46.5661908],[12.1309417,46.5664715],[12.1320178,46.566481],[12.1315382,46.5658157],[12.1312518,46.5652721],[12.1323712,46.566048],[12.1329405,46.5667392],[12.1339275,46.567285],[12.1346571,46.5680669],[12.1358373,46.5688193],[12.1371891,46.5695421],[12.1366956,46.5689225],[12.1366526,46.5684652],[12.1369992,46.5688583],[12.1372749,46.5681554],[12.1372749,46.568716],[12.1376644,46.5693747],[12.1381761,46.5699551],[12.1392093,46.5702155],[12.1399389,46.5704515],[12.1405365,46.5702944],[12.1407081,46.5704419],[12.1411802,46.5704124],[12.1411834,46.5698172],[12.1406041,46.5689911],[12.1401749,46.568401],[12.1401932,46.5678014],[12.1404324,46.5680617],[12.1406223,46.5675211],[12.1406223,46.5679636],[12.1407972,46.5687256],[12.1414195,46.5697287],[12.1415911,46.5703335],[12.1416306,46.5706626],[12.1411413,46.5710064],[12.1401822,46.5716804],[12.1384603,46.5734432],[12.1378004,46.5743909],[12.1377146,46.5751063],[12.13669,46.5754639],[12.1360785,46.5759986],[12.135129,46.5761498],[12.1353607,46.5757379],[12.1357616,46.5750254],[12.13588,46.5748149],[12.1368241,46.5736829],[12.1377844,46.5724881],[12.1386319,46.5714924],[12.138927,46.5708765],[12.1378648,46.5704266],[12.1373927,46.5712232],[12.1368241,46.5714592],[12.1364701,46.571142],[12.1368029,46.5709287],[12.1366559,46.570186]]]},"properties":{"id":"13530607-0263-3178-ab24-b58f357250b4","version":0,"sources":[{"property":"","dataset":"OpenStreetMap","license":"ODbL-1.0","record_id":"w704807497@3","update_time":"2020-10-04T19:03:48.000Z","confidence":null,"between":null}],"subtype":"rock","class":"scree","source_tags":[["natural","scree"]]}}
{"type":"Feature","geometry":{"type":"Polygon","coordinates":[[[12.150802,46.564039],[12.1510632,46.564432],[12.1512901,46.5647734],[12.1506463,46.5647719],[12.1503459,46.5649932],[12.151952,46.5653525],[12.1517406,46.5658637],[12.1505143,46.5662524],[12.1522309,46.5662081],[12.1527652,46.5664359],[12.1511795,46.5665179],[12.1511366,46.566754],[12.1521268,46.5672651],[12.1521734,46.5675471],[12.1522341,46.5679142],[12.1512653,46.5675653],[12.1499349,46.5665179],[12.1497204,46.5667687],[12.150922,46.5675801],[12.1510507,46.5679046],[12.1498738,46.5672061],[12.1491871,46.5670881],[12.1489082,46.5674127],[12.1492086,46.5680322],[12.1491723,46.5682379],[12.1491228,46.5685191],[12.1489828,46.568419],[12.1483042,46.5679341],[12.1456005,46.5672408],[12.1443345,46.5667687],[12.1449782,46.5673883],[12.1465446,46.5677129],[12.1476851,46.5682683],[12.1467592,46.5685685],[12.1459009,46.5681112],[12.1450458,46.5682535],[12.1441414,46.5687012],[12.1428968,46.568775],[12.1420091,46.5698346],[12.1415911,46.5703335],[12.1414195,46.5697287],[12.1407972,46.5687256],[12.1406223,46.5679636],[12.1406223,46.5675211],[12.1404324,46.5680617],[12.1401932,46.5678014],[12.1401749,46.568401],[12.1406041,46.5689911],[12.1411834,46.5698172],[12.1411802,46.5704124],[12.1407081,46.5704419],[12.1405365,46.5702944],[12.1399389,46.5704515],[12.1392093,46.5702155],[12.1381761,46.5699551],[12.1376644,46.5693747],[12.1372749,46.568716],[12.1372749,46.5681554],[12.1369992,46.5688583],[12.1366526,46.5684652],[12.1366956,46.5689225],[12.1371891,46.5695421],[12.1358373,46.5688193],[12.1346571,46.5680669],[12.1339275,46.567285],[12.1329405,46.5667392],[12.1323712,46.566048],[12.1337195,46.5661668],[12.1349561,46.565482],[12.1342691,46.5647735],[12.1360146,46.5640258],[12.1373275,46.5668233],[12.1385956,46.566543],[12.1379358,46.5654196],[12.1413045,46.5656449],[12.1441383,46.5652552],[12.1486775,46.5655996],[12.150802,46.564039]]]},"properties":{"id":"65ecf944-c600-3dfb-ae0f-42de5f345196","version":0,"sources":[{"property":"","dataset":"OpenStreetMap","license":"ODbL-1.0","record_id":"w260181735@4","update_time":"2021-06-14T14:10:00.000Z","confidence":null,"between":null}],"subtype":"shrub","class":"scrub","source_tags":[["natural","scrub"]]}}
{"type":"Feature","geometry":{"type":"Polygon","coordinates":[[[12.1490979,46.5692834],[12.1482074,46.569807],[12.1479177,46.5701242],[12.1479499,46.5697407],[12.1480465,46.5686638],[12.1476851,46.5682683],[12.1465446,46.5677129],[12.1449782,46.5673883],[12.1443345,46.5667687],[12.1456005,46.5672408],[12.1483042,46.5679341],[12.1489828,46.568419],[12.1490979,46.5692834]]]},"properties":{"id":"f516ce6e-a802-38aa-9541-f39d00a7cc18","version":0,"sources":[{"property":"","dataset":"OpenStreetMap","license":"ODbL-1.0","record_id":"w854991804@1","update_time":"2020-10-04T19:03:48.000Z","confidence":null,"between":null}],"subtype":"rock","class":"scree","source_tags":[["natural","scree"]]}}
{"type":"Feature","geometry":{"type":"Point","coordinates":[12.1458954,46.5709281]},"properties":{"id":"b4e39775-61e4-3a00-9def-8b3f6b9ef857","version":0,"sources":[{"property":"","dataset":"OpenStreetMap","license":"ODbL-1.0","record_id":"n8941011000@2","update_time":"2023-08-02T20:21:02.000Z","confidence":null,"between":null}],"subtype":"physical","class":"peak","names":{"primary":"Costa del Bartoldo","common":null,"rules":null},"source_tags":[["ele","2435"],["natural","peak"]],"elevation":2435}}
{"type":"Feature","geometry":{"type":"Point","coordinates":[12.1507072,46.5700062]},"properties":{"id":"a0878e8f-9371-315e-b818-193d07faf9a4","version":0,"sources":[{"property":"","dataset":"OpenStreetMap","license":"ODbL-1.0","record_id":"n8941011001@1","update_time":"2021-07-22T09:25:00.000Z","confidence":null,"between":null}],"subtype":"physical","class":"peak","names":{"primary":"Croda dei Zestelis","common":null,"rules":null},"source_tags":[["ele","2432"],["natural","peak"]],"elevation":2432}}
{"type":"Feature","geometry":{"type":"Polygon","coordinates":[[[12.1522341,46.5679142],[12.1518123,46.5685826],[12.1507716,46.5687449],[12.1495485,46.5687523],[12.1491723,46.5682379],[12.1492086,46.5680322],[12.1489082,46.5674127],[12.1491871,46.5670881],[12.1498738,46.5672061],[12.1510507,46.5679046],[12.150922,46.5675801],[12.1497204,46.5667687],[12.1499349,46.5665179],[12.1512653,46.5675653],[12.1522341,46.5679142]]]},"properties":{"id":"c71bdb07-1c6e-3e77-a8e2-b6961b58c82c","version":0,"sources":[{"property":"","dataset":"OpenStreetMap","license":"ODbL-1.0","record_id":"w854991805@1","update_time":"2020-10-04T19:03:48.000Z","confidence":null,"between":null}],"subtype":"rock","class":"scree","source_tags":[["natural","scree"]]}}
{"type":"Feature","geometry":{"type":"Polygon","coordinates":[[[12.1541619,46.5653519],[12.1539259,46.565315],[12.1537113,46.5653667],[12.1533787,46.5652708],[12.153368,46.5650052],[12.1530034,46.5647771],[12.1526491,46.5647763],[12.1515011,46.5647739],[12.1515441,46.5646143],[12.1516836,46.5644077],[12.1524024,46.5643708],[12.1530032,46.5645405],[12.1533143,46.5646511],[12.153765,46.5647175],[12.1540546,46.5649831],[12.1541619,46.5653519]]]},"properties":{"id":"b86c61c8-6fb2-33ee-8aa6-0efaa7e0ae6d","version":0,"sources":[{"property":"","dataset":"OpenStreetMap","license":"ODbL-1.0","record_id":"w882997518@1","update_time":"2020-12-09T23:40:55.000Z","confidence":null,"between":null}],"subtype":"rock","class":"bare_rock","source_tags":[["natural","bare_rock"]]}}
{"type":"Feature","geometry":{"type":"Point","coordinates":[12.1525955,46.5650407]},"properties":{"id":"1d55e883-174c-3dc4-9cae-e950e54b34ec","version":0,"sources":[{"property":"","dataset":"OpenStreetMap","license":"ODbL-1.0","record_id":"n5964702767@1","update_time":"2018-10-07T18:05:34.000Z","confidence":null,"between":null}],"subtype":"physical","class":"peak","names":{"primary":"Sas del Rana","common":null,"rules":null},"source_tags":[["ele","1825"],["natural","peak"]],"elevation":1825}}
{"type":"Feature","geometry":{"type":"Polygon","coordinates":[[[12.1552777,46.5657207],[12.154752,46.565942],[12.1547198,46.5656248],[12.1544945,46.5652781],[12.1547943,46.5645308],[12.1553344,46.5646939],[12.1561105,46.5649283],[12.1558142,46.5649978],[12.1556103,46.5652117],[12.1552348,46.5655732],[12.1552777,46.5657207]]]},"properties":{"id":"18a7edc9-5def-31a0-83ea-f2dbde6106ac","version":0,"sources":[{"property":"","dataset":"OpenStreetMap","license":"ODbL-1.0","record_id":"w882997520@1","update_time":"2020-12-09T23:40:55.000Z","confidence":null,"between":null}],"subtype":"shrub","class":"heath","source_tags":[["natural","heath"]]}}
{"type":"Feature","geometry":{"type":"Polygon","coordinates":[[[12.1552777,46.5657207],[12.1552348,46.5655732],[12.1556103,46.5652117],[12.1558142,46.5649978],[12.1561105,46.5649283],[12.1562004,46.5651159],[12.156068,46.5654498],[12.1559429,46.565765],[12.1552777,46.5657207]]]},"properties":{"id":"32d30d6b-8827-31f7-ac3b-a5a793436f88","version":0,"sources":[{"property":"","dataset":"OpenStreetMap","license":"ODbL-1.0","record_id":"w882997521@1","update_time":"2020-12-09T23:40:55.000Z","confidence":null,"between":null}],"subtype":"rock","class":"scree","source_tags":[["natural","scree"]]}}
{"type":"Feature","geometry":{"type":"Polygon","coordinates":[[[12.1623904,46.5641845],[12.1625304,46.5647987],[12.1629918,46.5653224],[12.1633083,46.5658055],[12.1638353,46.565958],[12.1632707,46.5662371],[12.1624339,46.5660158],[12.1622729,46.565256],[12.1618116,46.5650052],[12.1617257,46.5653298],[12.1615648,46.56651],[12.1611242,46.566827],[12.1613127,46.5659272],[12.1612,46.5653408],[12.1606421,46.5648687],[12.1597615,46.5645311],[12.1614041,46.5643342],[12.1617581,46.5644964],[12.1623904,46.5641845]]]},"properties":{"id":"95125e46-a59c-3e81-bd93-17c098a07e98","version":0,"sources":[{"property":"","dataset":"OpenStreetMap","license":"ODbL-1.0","record_id":"w854991811@1","update_time":"2020-10-04T19:03:48.000Z","confidence":null,"between":null}],"subtype":"rock","class":"scree","source_tags":[["natural","scree"]]}}
{"type":"Feature","geometry":{"type":"Polygon","coordinates":[[[12.1597615,46.5645311],[12.1605571,46.564039],[12.1609693,46.5629408],[12.1620746,46.5630429],[12.1631566,46.563716],[12.1626701,46.5640465],[12.1623904,46.5641845],[12.1617581,46.5644964],[12.1614041,46.5643342],[12.1597615,46.5645311]]]},"properties":{"id":"1241332c-2e4f-3610-8f82-c3ae6f343c96","version":0,"sources":[{"property":"","dataset":"OpenStreetMap","license":"ODbL-1.0","record_id":"w260181745@2","update_time":"2020-10-04T19:03:48.000Z","confidence":null,"between":null}],"subtype":"shrub","class":"scrub","source_tags":[["natural","scrub"]]}}
{"type":"Feature","geometry":{"type":"Polygon","coordinates":[[[12.1362018,46.53203],[12.1372747,46.5337424],[12.1394634,46.5344214],[12.1396423,46.5349078],[12.1400547,46.5360288],[12.1400718,46.5360752],[12.1401076,46.5361724],[12.1401194,46.5362046],[12.1401341,46.5362445],[12.1412229,46.5392038],[12.1435833,46.5420081],[12.1462869,46.5418015],[12.1476602,46.5433954],[12.1719073,46.5467013],[12.1887302,46.5511285],[12.2018623,46.5570603],[12.18858,46.5631242],[12.1837735,46.5647618],[12.1803617,46.5644815],[12.1753406,46.5666501],[12.1593332,46.5726983],[12.1546125,46.5778018],[12.1540117,46.5798962],[12.1508789,46.5822854],[12.1486473,46.5826983],[12.1475744,46.5862672],[12.1395492,46.5917529],[12.1395063,46.5926081],[12.1120231,46.5769807],[12.115302,46.5731408],[12.1165542,46.5699559],[12.1165357,46.5695239],[12.116371,46.5690819],[12.116769,46.5686165],[12.1177392,46.5674494],[12.1189928,46.5673878],[12.1213531,46.5635521],[12.1200227,46.5618407],[12.1230697,46.56128],[12.1285629,46.553637],[12.1273613,46.5495347],[12.1307301,46.5459043],[12.1309876,46.5400008],[12.1328759,46.5390562],[12.135837,46.5337129],[12.134335,46.5324138],[12.1362018,46.53203]]]},"properties":{"id":"2655298e-a4a0-3498-8973-ad1a2e4c87c6","version":0,"sources":[{"property":"","dataset":"OpenStreetMap","license":"ODbL-1.0","record_id":"w888466875@7","update_time":"2025-08-04T12:01:40.000Z","confidence":null,"between":null}],"subtype":"physical","class":"mountain_range","names":{"primary":"Gruppo del Pomagagnon","common":null,"rules":null},"source_tags":[["description","SOIUSA: Alpi orientali / Alpi Sud-orientali / Dolomiti / Dolomiti di Sesto, di Braies e d'Ampezzo / Dolomiti Ampezzane / Gruppo del Pomagagnon"],["natural","mountain_range"],["place","region"],["wikipedia","it:Pomagagnon"]]}}
{"type":"Feature","geometry":{"type":"Polygon","coordinates":[[[12.1685736,46.5615244],[12.167303,46.5607291],[12.1684467,46.5608457],[12.1703832,46.5616933],[12.1709197,46.5614572],[12.171778,46.5615015],[12.1719711,46.5612064],[12.1737028,46.5610399],[12.1743927,46.5609736],[12.1745253,46.5611398],[12.1746862,46.5615013],[12.1746862,46.5618185],[12.1734524,46.5623718],[12.1731305,46.5625267],[12.1714675,46.5631021],[12.1706521,46.5640758],[12.1701294,46.5641453],[12.1689999,46.5635889],[12.1679658,46.5632008],[12.1673693,46.5629769],[12.168056,46.5629695],[12.1682383,46.5627408],[12.1695076,46.5632376],[12.1702232,46.5630064],[12.1696009,46.5626597],[12.1695365,46.5624457],[12.1697286,46.5625014],[12.170223,46.5626447],[12.1710169,46.5629103],[12.170223,46.5623128],[12.1689604,46.5619024],[12.1677266,46.5616295],[12.1678366,46.5613936],[12.1685736,46.5615244]]]},"properties":{"id":"4d4adbe9-4bf7-3acb-a18b-f2ec1189818e","version":0,"sources":[{"property":"","dataset":"OpenStreetMap","license":"ODbL-1.0","record_id":"w854991814@3","update_time":"2020-12-10T21:18:19.000Z","confidence":null,"between":null}],"subtype":"rock","class":"scree","source_tags":[["natural","scree"]]}}
{"type":"Feature","geometry":{"type":"Polygon","coordinates":[[[12.1695365,46.5624457],[12.1694413,46.5623559],[12.1689604,46.5619024],[12.170223,46.5623128],[12.1710169,46.5629103],[12.170223,46.5626447],[12.1697286,46.5625014],[12.1695365,46.5624457]]]},"properties":{"id":"2a620bb2-f336-35d3-8205-d09b49b63dde","version":0,"sources":[{"property":"","dataset":"OpenStreetMap","license":"ODbL-1.0","record_id":"w883430307@1","update_time":"2020-12-10T21:18:19.000Z","confidence":null,"between":null}],"subtype":"grass","class":"grassland","source_tags":[["natural","grassland"]]}}
{"type":"Feature","geometry":{"type":"Polygon","coordinates":[[[12.1678366,46.5613936],[12.1677266,46.5616295],[12.1689604,46.5619024],[12.1694413,46.5623559],[12.1695365,46.5624457],[12.1696009,46.5626597],[12.1702232,46.5630064],[12.1695076,46.5632376],[12.1682383,46.5627408],[12.168056,46.5629695],[12.1673693,46.5629769],[12.1672524,46.5631158],[12.1671333,46.5632572],[12.1663318,46.5631714],[12.1659343,46.5631288],[12.1657857,46.5627379],[12.1662787,46.5623657],[12.1651774,46.5611507],[12.165686,46.561012],[12.1678366,46.5613936]]]},"properties":{"id":"c0acc781-99df-35ef-9d1a-2c8d12d88b49","version":0,"sources":[{"property":"","dataset":"OpenStreetMap","license":"ODbL-1.0","record_id":"w260181754@4","update_time":"2020-12-10T21:18:19.000Z","confidence":null,"between":null}],"subtype":"shrub","class":"scrub","source_tags":[["natural","scrub"]]}}
{"type":"Feature","geometry":{"type":"Polygon","coordinates":[[[12.1678169,46.56462],[12.1676481,46.5639725],[12.1671333,46.5632572],[12.1672524,46.5631158],[12.1673693,46.5629769],[12.1679658,46.5632008],[12.1689999,46.5635889],[12.1701294,46.5641453],[12.1694839,46.5642311],[12.1683776,46.5643782],[12.1678169,46.56462]]]},"properties":{"id":"d0f0153c-5449-3da8-bb09-7fd6adc1d282","version":0,"sources":[{"property":"","dataset":"OpenStreetMap","license":"ODbL-1.0","record_id":"w882997515@1","update_time":"2020-12-09T23:40:55.000Z","confidence":null,"between":null}],"subtype":"grass","class":"grassland","source_tags":[["natural","grassland"]]}}
{"type":"Feature","geometry":{"type":"LineString","coordinates":[[12.1665028,46.5661375],[12.1666744,46.5660065],[12.1671626,46.5659826],[12.1672779,46.5659531],[12.1677098,46.5656267],[12.1681443,46.5651896],[12.1690482,46.5650107],[12.1699816,46.564913],[12.1708023,46.5645811],[12.170915,46.564179]]},"properties":{"id":"a24aca44-de69-3986-9f54-60c797aefddb","version":0,"sources":[{"property":"","dataset":"OpenStreetMap","license":"ODbL-1.0","record_id":"w1054493544@1","update_time":"2022-04-24T18:15:22.000Z","confidence":null,"between":null}],"subtype":"physical","class":"cliff","source_tags":[["natural","cliff"]]}}
{"type":"Feature","geometry":{"type":"Polygon","coordinates":[[[12.1649482,46.5633373],[12.1651568,46.5637785],[12.1652555,46.5639873],[12.1663928,46.5646806],[12.1664415,46.564974],[12.1664786,46.565197],[12.1660576,46.565314],[12.1653414,46.5644446],[12.1647835,46.5636332],[12.1646466,46.563401],[12.1649482,46.5633373]]]},"properties":{"id":"9732ae12-af7e-3ce2-83b8-48e0f3e9b8cd","version":0,"sources":[{"property":"","dataset":"OpenStreetMap","license":"ODbL-1.0","record_id":"w854991812@2","update_time":"2020-12-09T23:40:55.000Z","confidence":null,"between":null}],"subtype":"rock","class":"scree","source_tags":[["natural","scree"]]}}
{"type":"Feature","geometry":{"type":"Polygon","coordinates":[[[12.1664415,46.564974],[12.1663928,46.5646806],[12.1652555,46.5639873],[12.1651568,46.5637785],[12.1653168,46.5638033],[12.1654808,46.5638287],[12.1656364,46.563895],[12.165733,46.5640573],[12.1661246,46.5643229],[12.1664894,46.5644704],[12.1666664,46.5648171],[12.1664415,46.564974]]]},"properties":{"id":"201600ee-4da7-371e-8441-b7b9b84d20d7","version":0,"sources":[{"property":"","dataset":"OpenStreetMap","license":"ODbL-1.0","record_id":"w882997517@1","update_time":"2020-12-09T23:40:55.000Z","confidence":null,"between":null}],"subtype":"shrub","class":"scrub","source_tags":[["natural","scrub"]]}}
{"type":"Feature","geometry":{"type":"Polygon","coordinates":[[[12.1671333,46.5632572],[12.1676481,46.5639725],[12.1678169,46.56462],[12.1673073,46.5648397],[12.166981,46.5645673],[12.1667898,46.5644077],[12.1669292,46.5637365],[12.1666717,46.5633897],[12.1663318,46.5631714],[12.1671333,46.5632572]]]},"properties":{"id":"2847d029-2cbb-38bb-a938-4270a76894fa","version":0,"sources":[{"property":"","dataset":"OpenStreetMap","license":"ODbL-1.0","record_id":"w854991813@2","update_time":"2020-12-09T23:40:55.000Z","confidence":null,"between":null}],"subtype":"rock","class":"scree","source_tags":[["natural","scree"]]}}
{"type":"Feature","geometry":{"type":"Polygon","coordinates":[[[12.1664786,46.565197],[12.1664415,46.564974],[12.1666664,46.5648171],[12.1664894,46.5644704],[12.1661246,46.5643229],[12.165733,46.5640573],[12.1656364,46.563895],[12.1654808,46.5638287],[12.1653168,46.5638033],[12.1651568,46.5637785],[12.1649482,46.5633373],[12.1656275,46.5631937],[12.1659343,46.5631288],[12.1663318,46.5631714],[12.1666717,46.5633897],[12.1669292,46.5637365],[12.1667898,46.5644077],[12.166981,46.5645673],[12.1673073,46.5648397],[12.1664786,46.565197]]]},"properties":{"id":"6c82595e-afe9-3195-80fd-46d05487aeb6","version":0,"sources":[{"property":"","dataset":"OpenStreetMap","license":"ODbL-1.0","record_id":"w882997516@1","update_time":"2020-12-09T23:40:55.000Z","confidence":null,"between":null}],"subtype":"grass","class":"grassland","source_tags":[["natural","grassland"]]}}
{"type":"Feature","geometry":{"type":"Polygon","coordinates":[[[12.1623904,46.5641845],[12.1626701,46.5640465],[12.1631566,46.563716],[12.1637972,46.5635806],[12.1646466,46.563401],[12.1647835,46.5636332],[12.1653414,46.5644446],[12.1660576,46.565314],[12.1654387,46.565486],[12.1639573,46.5658977],[12.1638353,46.565958],[12.1633083,46.5658055],[12.1629918,46.5653224],[12.1625304,46.5647987],[12.1623904,46.5641845]]]},"properties":{"id":"19ede4da-03ff-341d-8494-9bc6f4505914","version":0,"sources":[{"property":"","dataset":"OpenStreetMap","license":"ODbL-1.0","record_id":"w854991810@1","update_time":"2020-10-04T19:03:48.000Z","confidence":null,"between":null}],"subtype":"grass","class":"grassland","source_tags":[["natural","grassland"]]}}
{"type":"Feature","geometry":{"type":"Point","coordinates":[12.1660624,46.5664231]},"properties":{"id":"4f915d21-0f60-3139-8823-45975b51cf98","version":0,"sources":[{"property":"","dataset":"OpenStreetMap","license":"ODbL-1.0","record_id":"n8941011002@1","update_time":"2021-07-22T09:25:00.000Z","confidence":null,"between":null}],"subtype":"physical","class":"saddle","names":{"primary":"Forcella Zum\u00e8les","common":null,"rules":null},"source_tags":[["ele","2072"],["natural","saddle"]],"elevation":2072}}
{"type":"Feature","geometry":{"type":"LineString","coordinates":[[12.1644777,46.5671701],[12.1641773,46.5668493],[12.1643114,46.5666464],[12.1647084,46.566521],[12.1652609,46.5667128],[12.1655627,46.5666612],[12.1657719,46.5665035]]},"properties":{"id":"4bf76ec8-667d-3992-956c-ce6abf3c8495","version":0,"sources":[{"property":"","dataset":"OpenStreetMap","license":"ODbL-1.0","record_id":"w1054493546@1","update_time":"2022-04-24T18:15:22.000Z","confidence":null,"between":null}],"subtype":"physical","class":"cliff","source_tags":[["natural","cliff"]]}}
{"type":"Feature","geometry":{"type":"LineString","coordinates":[[12.1652609,46.5662075],[12.1650892,46.5659715],[12.1651643,46.5657797],[12.1655881,46.5656875]]},"properties":{"id":"6be62d3e-39b3-3c6e-bfde-2cb26bc60146","version":0,"sources":[{"property":"","dataset":"OpenStreetMap","license":"ODbL-1.0","record_id":"w1054493543@1","update_time":"2022-04-24T18:15:22.000Z","confidence":null,"between":null}],"subtype":"physical","class":"cliff","source_tags":[["natural","cliff"]]}}
{"type":"Feature","geometry":{"type":"LineString","coordinates":[[12.1530461,46.5699988],[12.1538508,46.5698365],[12.1551812,46.5697148],[12.1558464,46.5689994],[12.1569085,46.5685163],[12.1579814,46.5683761],[12.159006,46.5686748],[12.1597034,46.5687339],[12.1607119,46.5685605],[12.1613073,46.5681475],[12.1619135,46.5680737],[12.1621656,46.5677713],[12.1629703,46.56755],[12.163834,46.5670484],[12.1642524,46.5672623]]},"properties":{"id":"29cc2215-daa9-3b66-b9d9-78abbeb1ddf8","version":0,"sources":[{"property":"","dataset":"OpenStreetMap","license":"ODbL-1.0","record_id":"w1054493545@1","update_time":"2022-04-24T18:15:22.000Z","confidence":null,"between":null}],"subtype":"physical","class":"cliff","source_tags":[["natural","cliff"]]}}
{"type":"Feature","geometry":{"type":"Polygon","coordinates":[[[12.1612,46.5653408],[12.1613127,46.5659272],[12.1611242,46.566827],[12.1604061,46.5673435],[12.1600887,46.5674008],[12.1597656,46.5669997],[12.1585929,46.5655437],[12.1588826,46.5652486],[12.1591367,46.5648691],[12.1596429,46.5651083],[12.1597615,46.5645311],[12.1606421,46.5648687],[12.1612,46.5653408]]]},"properties":{"id":"9d0f332d-4b20-39a0-89dc-3ce5d4effad3","version":0,"sources":[{"property":"","dataset":"OpenStreetMap","license":"ODbL-1.0","record_id":"w854991809@1","update_time":"2020-10-04T19:03:48.000Z","confidence":null,"between":null}],"subtype":"grass","class":"grassland","source_tags":[["natural","grassland"]]}}
{"type":"Feature","geometry":{"type":"Polygon","coordinates":[[[12.1577883,46.5656101],[12.1582818,46.5665542],[12.1588407,46.5676263],[12.1579696,46.5676128],[12.1578633,46.5671517],[12.1577561,46.566687],[12.1574557,46.5655142],[12.1577883,46.5656101]]]},"properties":{"id":"7f0d9c4d-de80-34ff-aba4-54664a9287c6","version":0,"sources":[{"property":"","dataset":"OpenStreetMap","license":"ODbL-1.0","record_id":"w854991807@1","update_time":"2020-10-04T19:03:48.000Z","confidence":null,"between":null}],"subtype":"rock","class":"scree","source_tags":[["natural","scree"]]}}
{"type":"Feature","geometry":{"type":"Polygon","coordinates":[[[12.159054,46.5669086],[12.1582496,46.5658387],[12.1574771,46.5650273],[12.1574226,46.5649002],[12.1586119,46.5646211],[12.1591367,46.5648691],[12.1588826,46.5652486],[12.1585929,46.5655437],[12.1597656,46.5669997],[12.1600887,46.5674008],[12.1595035,46.5675066],[12.159054,46.5669086]]]},"properties":{"id":"453699bb-cafa-3b76-a9d9-2a72980beb52","version":0,"sources":[{"property":"","dataset":"OpenStreetMap","license":"ODbL-1.0","record_id":"w854991806@1","update_time":"2020-10-04T19:03:48.000Z","confidence":null,"between":null}],"subtype":"rock","class":"scree","source_tags":[["natural","scree"]]}}
{"type":"Feature","geometry":{"type":"Polygon","coordinates":[[[12.1574771,46.5650273],[12.1582496,46.5658387],[12.159054,46.5669086],[12.1595035,46.5675066],[12.1588407,46.5676263],[12.1582818,46.5665542],[12.1577883,46.5656101],[12.1574557,46.5655142],[12.1577561,46.566687],[12.1578633,46.5671517],[12.1579696,46.5676128],[12.1563506,46.5675426],[12.1541297,46.5676238],[12.1545755,46.566419],[12.154752,46.565942],[12.1552777,46.5657207],[12.1559429,46.565765],[12.156068,46.5654498],[12.1562004,46.5651159],[12.1561105,46.5649283],[12.1566319,46.5650858],[12.1574226,46.5649002],[12.1574771,46.5650273]]]},"properties":{"id":"58d4cd13-7f41-3bc9-b39a-8f6b6696ca29","version":0,"sources":[{"property":"","dataset":"OpenStreetMap","license":"ODbL-1.0","record_id":"w854991808@2","update_time":"2020-12-09T23:40:55.000Z","confidence":null,"between":null}],"subtype":"grass","class":"grassland","source_tags":[["natural","grassland"]]}}
{"type":"Feature","geometry":{"type":"Polygon","coordinates":[[[12.1533038,46.5666654],[12.1539259,46.5668198],[12.1540117,46.5659641],[12.1541619,46.5655437],[12.1541619,46.5653519],[12.1540546,46.5649831],[12.153765,46.5647175],[12.1533143,46.5646511],[12.1530032,46.5645405],[12.1524024,46.5643708],[12.1516836,46.5644077],[12.1515441,46.5646143],[12.1515011,46.5647739],[12.1512901,46.5647734],[12.1510632,46.564432],[12.150802,46.564039],[12.1523904,46.5641712],[12.1540652,46.5643106],[12.1547943,46.5645308],[12.1544945,46.5652781],[12.1547198,46.5656248],[12.154752,46.565942],[12.1545755,46.566419],[12.1541297,46.5676238],[12.1541586,46.568009],[12.1541834,46.5683392],[12.1536791,46.5684794],[12.1535611,46.5680663],[12.1530032,46.5678819],[12.1522341,46.5679142],[12.1521734,46.5675471],[12.1521268,46.5672651],[12.1511366,46.566754],[12.1511795,46.5665179],[12.1527652,46.5664359],[12.1533038,46.5666654]]]},"properties":{"id":"ba6768b6-60b5-3d86-9449-c6dc7033d767","version":0,"sources":[{"property":"","dataset":"OpenStreetMap","license":"ODbL-1.0","record_id":"w882997522@1","update_time":"2020-12-09T23:40:55.000Z","confidence":null,"between":null}],"subtype":"rock","class":"scree","source_tags":[["natural","scree"]]}}
{"type":"Feature","geometry":{"type":"Polygon","coordinates":[[[12.1540117,46.5659641],[12.1539259,46.5668198],[12.1533038,46.5666654],[12.1534292,46.566185],[12.153454,46.5660901],[12.1535828,46.5656475],[12.1528779,46.5659227],[12.1526633,46.5655096],[12.1530034,46.5647771],[12.153368,46.5650052],[12.1533787,46.5652708],[12.1537113,46.5653667],[12.1539259,46.565315],[12.1541619,46.5653519],[12.1541619,46.5655437],[12.1540117,46.5659641]]]},"properties":{"id":"bf2adb26-7ee2-3cd5-ad74-5d04ea2c7710","version":0,"sources":[{"property":"","dataset":"OpenStreetMap","license":"ODbL-1.0","record_id":"w882997519@1","update_time":"2020-12-09T23:40:55.000Z","confidence":null,"between":null}],"subtype":"grass","class":"grassland","source_tags":[["natural","grassland"]]}}
{"type":"Feature","geometry":{"type":"Polygon","coordinates":[[[12.1530034,46.5647771],[12.1526633,46.5655096],[12.1528779,46.5659227],[12.1535828,46.5656475],[12.153454,46.5660901],[12.1534292,46.566185],[12.1533038,46.5666654],[12.1527652,46.5664359],[12.1522309,46.5662081],[12.1505143,46.5662524],[12.1517406,46.5658637],[12.151952,46.5653525],[12.1503459,46.5649932],[12.1506463,46.5647719],[12.1512901,46.5647734],[12.1515011,46.5647739],[12.1526491,46.5647763],[12.1530034,46.5647771]]]},"properties":{"id":"ddba56f6-d9cf-3c2b-b09d-f7dc5225e82d","version":0,"sources":[{"property":"","dataset":"OpenStreetMap","license":"ODbL-1.0","record_id":"w260181731@2","update_time":"2020-12-09T23:40:55.000Z","confidence":null,"between":null}],"subtype":"forest","class":"forest","source_tags":[["landuse","forest"]]}}
{"type":"Feature","geometry":{"type":"Point","coordinates":[12.1530354,46.5694263]},"properties":{"id":"28a6131b-3840-31bf-8949-de78e86fc3cd","version":0,"sources":[{"property":"","dataset":"OpenStreetMap","license":"ODbL-1.0","record_id":"n8938746490@1","update_time":"2021-07-21T12:19:52.000Z","confidence":null,"between":null}],"subtype":"physical","class":"peak","names":{"primary":"Punta Erbing","common":null,"rules":null},"source_tags":[["ele","2301"],["natural","peak"]],"elevation":2301}}
{"type":"Feature","geometry":{"type":"Polygon","coordinates":[[[12.1734524,46.5623718],[12.1746862,46.5618185],[12.1746862,46.5615013],[12.1745253,46.5611398],[12.1743927,46.5609736],[12.1746029,46.5609534],[12.175287,46.5615898],[12.1756036,46.5614528],[12.1757947,46.5613701],[12.1758664,46.561339],[12.176435,46.5614054],[12.1768695,46.561671],[12.1778727,46.5620693],[12.179364,46.5622796],[12.180748,46.5621652],[12.1819818,46.5620361],[12.1831566,46.5621873],[12.1841812,46.5623607],[12.1849,46.5625857],[12.1856028,46.5629619],[12.1860695,46.5632385],[12.1860158,46.5636406],[12.1859461,46.5639061],[12.1855277,46.5643339],[12.184943,46.5644298],[12.1847874,46.5642454],[12.1849,46.5641311],[12.1851146,46.5640168],[12.1852325,46.5640978],[12.1854407,46.5639204],[12.1856986,46.5637006],[12.1855972,46.5630946],[12.1852909,46.563258],[12.184379,46.5629998],[12.1841966,46.5630072],[12.1832739,46.5624539],[12.1825932,46.5622831],[12.1817563,46.562202],[12.1812462,46.5623875],[12.1810209,46.56269],[12.1806412,46.5626204],[12.1799803,46.5626706],[12.1790982,46.5627375],[12.1788599,46.5624605],[12.177905,46.5623646],[12.1772752,46.562286],[12.1770038,46.5625564],[12.1760382,46.5622318],[12.1746896,46.5623893],[12.1745898,46.5625343],[12.1739032,46.5626228],[12.1739246,46.5633236],[12.1739461,46.564076],[12.1733807,46.5637319],[12.172605,46.5640612],[12.173356,46.5647915],[12.1739724,46.5644481],[12.1738914,46.5649486],[12.1729392,46.5652916],[12.1710944,46.5647583],[12.1704531,46.5648275],[12.1601405,46.5690467],[12.1592609,46.5690305],[12.1571197,46.5689912],[12.1567674,46.5689847],[12.1541834,46.5710462],[12.1521663,46.5718722],[12.1493983,46.5727573],[12.1483469,46.573709],[12.1472311,46.5747191],[12.145257,46.5747486],[12.1429395,46.5747191],[12.1427679,46.5769168],[12.1404719,46.5790702],[12.1399355,46.5808401],[12.1413517,46.5818429],[12.1418203,46.5818501],[12.1408243,46.5828437],[12.140075,46.5835463],[12.1386604,46.5848108],[12.1378648,46.5836791],[12.1381152,46.5825706],[12.1383261,46.5816365],[12.1383968,46.5800584],[12.138412,46.5797192],[12.1376395,46.577846],[12.1373606,46.5764891],[12.1370491,46.5763699],[12.1360785,46.5759986],[12.13669,46.5754639],[12.1377146,46.5751063],[12.1378004,46.5743909],[12.1384603,46.5734432],[12.1401822,46.5716804],[12.1411413,46.5710064],[12.1416306,46.5706626],[12.1415911,46.5703335],[12.1420091,46.5698346],[12.1428968,46.568775],[12.1441414,46.5687012],[12.1450458,46.5682535],[12.1459009,46.5681112],[12.1467592,46.5685685],[12.1476851,46.5682683],[12.1480465,46.5686638],[12.1479499,46.5697407],[12.1479177,46.5701242],[12.1482074,46.569807],[12.1490979,46.5692834],[12.1489828,46.568419],[12.1491228,46.5685191],[12.1491723,46.5682379],[12.1495485,46.5687523],[12.1507716,46.5687449],[12.1518123,46.5685826],[12.1522341,46.5679142],[12.1530032,46.5678819],[12.1535611,46.5680663],[12.1536791,46.5684794],[12.1541834,46.5683392],[12.1541586,46.568009],[12.1541297,46.5676238],[12.1563506,46.5675426],[12.1579696,46.5676128],[12.1587324,46.5676459],[12.1588407,46.5676263],[12.1595035,46.5675066],[12.1600887,46.5674008],[12.1604061,46.5673435],[12.1611242,46.566827],[12.1615648,46.56651],[12.1617257,46.5653298],[12.1618116,46.5650052],[12.1622729,46.565256],[12.1624339,46.5660158],[12.1632707,46.5662371],[12.1638353,46.565958],[12.1639573,46.5658977],[12.1654387,46.565486],[12.1660576,46.565314],[12.1664786,46.565197],[12.1673073,46.5648397],[12.1678169,46.56462],[12.1683776,46.5643782],[12.1694839,46.5642311],[12.1701294,46.5641453],[12.1706521,46.5640758],[12.1714675,46.5631021],[12.1731305,46.5625267],[12.1734524,46.5623718]]]},"properties":{"id":"c3141790-ffe5-3c29-a95c-8b6b1f47a799","version":0,"sources":[{"property":"","dataset":"OpenStreetMap","license":"ODbL-1.0","record_id":"w854991815@2","update_time":"2020-12-09T23:40:55.000Z","confidence":null,"between":null}],"subtype":"rock","class":"bare_rock","source_tags":[["natural","bare_rock"]]}}
{"type":"Feature","geometry":{"type":"Polygon","coordinates":[[[12.1626457,46.5740517],[12.1644524,46.5756816],[12.1688371,46.576218],[12.1710688,46.5742525],[12.1774267,46.570966],[12.1779804,46.5681763],[12.17879,46.5682028],[12.1789777,46.5682876],[12.1790411,46.5683694],[12.1794222,46.5683904],[12.1797824,46.5682876],[12.1800184,46.5682876],[12.1801894,46.5683904],[12.1806614,46.5687265],[12.1807902,46.5688182],[12.1815412,46.5694378],[12.1819335,46.5694751],[12.1821696,46.5695268],[12.1822279,46.5696738],[12.1818416,46.5703081],[12.1819094,46.5710443],[12.1820776,46.5714439],[12.1806614,46.5714144],[12.17961,46.5717242],[12.178946,46.5717294],[12.1778615,46.5717379],[12.1777217,46.571739],[12.1778719,46.5721667],[12.1777647,46.5731403],[12.1783869,46.5734353],[12.1779363,46.5736566],[12.1767347,46.5731108],[12.176563,46.5733025],[12.176713,46.5733598],[12.1784942,46.5740401],[12.1784477,46.5741057],[12.1780865,46.5746153],[12.1768205,46.5743203],[12.1763715,46.574166],[12.1758764,46.5739958],[12.1757047,46.5744826],[12.1748893,46.5742761],[12.1759247,46.5750814],[12.1745889,46.5748218],[12.1742456,46.5750431],[12.1751683,46.5753086],[12.1752541,46.5758101],[12.1739452,46.5758248],[12.1730011,46.5757953],[12.1730654,46.5760461],[12.1744602,46.5765771],[12.175297,46.5765476],[12.175812,46.5767246],[12.1756833,46.5772261],[12.1752166,46.5774856],[12.1745299,46.5772349],[12.1744602,46.5769311],[12.1734087,46.5766213],[12.1734141,46.5771022],[12.1709626,46.5752643],[12.1705549,46.5752201],[12.170512,46.5754561],[12.1710484,46.5757511],[12.1714132,46.5762821],[12.1710699,46.5764591],[12.171499,46.5766803],[12.1715419,46.5771228],[12.1707695,46.5772113],[12.1702545,46.5770196],[12.1704905,46.5764738],[12.1700828,46.5763263],[12.1699326,46.5766508],[12.1699111,46.5772703],[12.1690528,46.5773293],[12.1688383,46.5768868],[12.1693103,46.5766361],[12.1678941,46.5764001],[12.1667569,46.5765918],[12.1684306,46.5771966],[12.1698682,46.5780373],[12.1713703,46.5790697],[12.1716704,46.5791079],[12.1719496,46.5791435],[12.1721267,46.5788131],[12.1707748,46.5780461],[12.1710913,46.5775948],[12.1718423,46.5774178],[12.173044,46.577816],[12.1728562,46.5785918],[12.1732371,46.5786862],[12.1734946,46.5798367],[12.1729796,46.5795417],[12.1725934,46.5796154],[12.1728079,46.5799546],[12.1721213,46.5801464],[12.1713917,46.5800579],[12.1695249,46.5790255],[12.1690743,46.5794532],[12.1684091,46.5793352],[12.1683662,46.5795269],[12.167363,46.5793735],[12.1666549,46.5795358],[12.1659629,46.577816],[12.1652334,46.5778013],[12.1658127,46.5789812],[12.1647828,46.5785535],[12.1639459,46.578701],[12.1635597,46.5783765],[12.1623366,46.5787305],[12.1616339,46.5785181],[12.1616714,46.5781405],[12.1604034,46.5780098],[12.1592543,46.5765828],[12.1606523,46.5749706],[12.1606848,46.5749681],[12.1612422,46.5749251],[12.1621917,46.5746389],[12.1626457,46.5740517]]]},"properties":{"id":"855d1e8f-d175-3132-8f03-00f27567aede","version":0,"sources":[{"property":"","dataset":"OpenStreetMap","license":"ODbL-1.0","record_id":"w259552712@5","update_time":"2020-12-03T20:20:48.000Z","confidence":null,"between":null}],"subtype":"shrub","class":"scrub","source_tags":[["natural","scrub"]]}}
{"type":"Feature","geometry":{"type":"LineString","coordinates":[[12.1509218,46.5833473],[12.1555137,46.5773003],[12.1607494,46.5739668],[12.1677446,46.5711347],[12.1731519,46.5689515]]},"properties":{"id":"098ec6d5-b911-3b4d-9f2c-cee3c1928049","version":0,"sources":[{"property":"","dataset":"OpenStreetMap","license":"ODbL-1.0","record_id":"w1033588865@1","update_time":"2022-02-20T18:49:47.000Z","confidence":null,"between":null}],"subtype":"physical","class":"valley","names":{"primary":"Val Padeon","common":null,"rules":null},"source_tags":[["natural","valley"]]}}
{"type":"Feature","geometry":{"type":"Polygon","coordinates":[[[12.173044,46.577816],[12.1718423,46.5774178],[12.1710913,46.5775948],[12.1707748,46.5780461],[12.1721267,46.5788131],[12.1719496,46.5791435],[12.1716704,46.5791079],[12.1713703,46.5790697],[12.1698682,46.5780373],[12.1684306,46.5771966],[12.1667569,46.5765918],[12.1678941,46.5764001],[12.1693103,46.5766361],[12.1688383,46.5768868],[12.1690528,46.5773293],[12.1699111,46.5772703],[12.1699326,46.5766508],[12.1700828,46.5763263],[12.1704905,46.5764738],[12.1702545,46.5770196],[12.1707695,46.5772113],[12.1715419,46.5771228],[12.171499,46.5766803],[12.1710699,46.5764591],[12.1714132,46.5762821],[12.1710484,46.5757511],[12.170512,46.5754561],[12.1705549,46.5752201],[12.1709626,46.5752643],[12.1734141,46.5771022],[12.1734087,46.5766213],[12.1744602,46.5769311],[12.1745299,46.5772349],[12.1752166,46.5774856],[12.1756833,46.5772261],[12.175812,46.5767246],[12.175297,46.5765476],[12.1744602,46.5765771],[12.1730654,46.5760461],[12.1730011,46.5757953],[12.1739452,46.5758248],[12.1752541,46.5758101],[12.1751683,46.5753086],[12.1742456,46.5750431],[12.1745889,46.5748218],[12.1759247,46.5750814],[12.1748893,46.5742761],[12.1757047,46.5744826],[12.1758764,46.5739958],[12.1763715,46.574166],[12.1768205,46.5743203],[12.1780865,46.5746153],[12.1779126,46.5747617],[12.1769822,46.5755451],[12.1767247,46.5765554],[12.1761989,46.5773667],[12.1759951,46.5783991],[12.1758449,46.577728],[12.175008,46.5775658],[12.1749973,46.577905],[12.175842,46.5786351],[12.1754306,46.5793183],[12.1747827,46.5782811],[12.1741819,46.577492],[12.1736991,46.5774994],[12.173388,46.5780009],[12.1740639,46.578731],[12.1751797,46.57952],[12.1752705,46.5796117],[12.1751475,46.5798371],[12.1755338,46.5808696],[12.1748042,46.581017],[12.1729796,46.5795417],[12.1734946,46.5798367],[12.1732371,46.5786862],[12.1728562,46.5785918],[12.173044,46.577816]]]},"properties":{"id":"8ca46a57-ad8a-3acd-835a-9e31b67a2d26","version":0,"sources":[{"property":"","dataset":"OpenStreetMap","license":"ODbL-1.0","record_id":"w854991820@1","update_time":"2020-10-04T19:03:48.000Z","confidence":null,"between":null}],"subtype":"rock","class":"scree","source_tags":[["natural","scree"]]}}
{"type":"Feature","geometry":{"type":"Polygon","coordinates":[[[12.1695249,46.5790255],[12.1713917,46.5800579],[12.1694183,46.5798814],[12.16753,46.5802059],[12.1642685,46.5794242],[12.1635597,46.5783765],[12.1639459,46.578701],[12.1647828,46.5785535],[12.1658127,46.5789812],[12.1652334,46.5778013],[12.1659629,46.577816],[12.1666549,46.5795358],[12.167363,46.5793735],[12.1683662,46.5795269],[12.1684091,46.5793352],[12.1690743,46.5794532],[12.1695249,46.5790255]]]},"properties":{"id":"2510e42b-9129-3365-b2ec-6e83d97022e0","version":0,"sources":[{"property":"","dataset":"OpenStreetMap","license":"ODbL-1.0","record_id":"w854991819@1","update_time":"2020-10-04T19:03:48.000Z","confidence":null,"between":null}],"subtype":"rock","class":"scree","source_tags":[["natural","scree"]]}}
{"type":"Feature","geometry":{"type":"Polygon","coordinates":[[[12.152338,46.5722705],[12.1518874,46.572949],[12.1522736,46.5734063],[12.1519694,46.5745621],[12.1494932,46.5742494],[12.1483469,46.5753681],[12.1494739,46.5767745],[12.1491194,46.5772855],[12.1478963,46.5776838],[12.1475315,46.5783622],[12.1467376,46.5792472],[12.1450853,46.5770791],[12.1434331,46.5779345],[12.1426267,46.5789044],[12.1440339,46.5802354],[12.1419525,46.5796897],[12.1410727,46.5799256],[12.1412015,46.5802501],[12.1430409,46.5804279],[12.1418203,46.5818501],[12.1413517,46.5818429],[12.1399355,46.5808401],[12.1404719,46.5790702],[12.1427679,46.5769168],[12.1429395,46.5747191],[12.1458149,46.5759138],[12.1468019,46.5761351],[12.1469736,46.5753681],[12.1472311,46.5747191],[12.1483469,46.573709],[12.1493983,46.5727573],[12.1521663,46.5718722],[12.1541834,46.5710462],[12.1567674,46.5689847],[12.1566534,46.5692344],[12.1548056,46.5713854],[12.1557498,46.5739668],[12.1546554,46.5741143],[12.1531534,46.5720492],[12.152338,46.5722705]]]},"properties":{"id":"ab5444d3-1dad-3a5d-b57d-557f03d2fb02","version":0,"sources":[{"property":"","dataset":"OpenStreetMap","license":"ODbL-1.0","record_id":"w854991803@1","update_time":"2020-10-04T19:03:48.000Z","confidence":null,"between":null}],"subtype":"shrub","class":"scrub","source_tags":[["natural","scrub"]]}}
{"type":"Feature","geometry":{"type":"Point","coordinates":[12.147997,46.5710763]},"properties":{"id":"ec856e9c-fd30-385b-8c21-6550333d3e45","version":0,"sources":[{"property":"","dataset":"OpenStreetMap","license":"ODbL-1.0","record_id":"n11084290916@1","update_time":"2023-08-02T20:21:02.000Z","confidence":null,"between":null}],"subtype":"physical","class":"saddle","names":{"primary":"Forcella Zestel\u00ecs","common":null,"rules":null},"source_tags":[["ele","2231"],["natural","saddle"]],"elevation":2231}}
{"type":"Feature","geometry":{"type":"Point","coordinates":[12.1439812,46.5714029]},"properties":{"id":"44d3abb8-c94f-366f-9787-f4152f1dd9b4","version":0,"sources":[{"property":"","dataset":"OpenStreetMap","license":"ODbL-1.0","record_id":"n11084290917@1","update_time":"2023-08-02T20:21:02.000Z","confidence":null,"between":null}],"subtype":"physical","class":"peak","names":{"primary":"Testa del Bartoldo","common":null,"rules":null},"source_tags":[["ele","2440"],["natural","peak"]],"elevation":2440}}
{"type":"Feature","geometry":{"type":"Point","coordinates":[12.1402352,46.5740641]},"properties":{"id":"79834931-2dda-33b0-a0f3-90af91a23314","version":0,"sources":[{"property":"","dataset":"OpenStreetMap","license":"ODbL-1.0","record_id":"n1253996048@5","update_time":"2021-07-22T09:25:00.000Z","confidence":null,"between":null}],"subtype":"physical","class":"peak","names":{"primary":"Croda del Pomagagnon","common":null,"rules":null},"source_tags":[["ele","2450"],["natural","peak"],["wikipedia","it:Pomagagnon"]],"wikidata":"Q3493796","elevation":2450}}
{"type":"Feature","geometry":{"type":"Polygon","coordinates":[[[12.1458149,46.5759138],[12.1429395,46.5747191],[12.1472311,46.5747191],[12.1469736,46.5753681],[12.1468019,46.5761351],[12.1458149,46.5759138]]]},"properties":{"id":"71e59eac-5ab4-3846-9eb9-db83d8eb280e","version":0,"sources":[{"property":"","dataset":"OpenStreetMap","license":"ODbL-1.0","record_id":"w854991802@1","update_time":"2020-10-04T19:03:48.000Z","confidence":null,"between":null}],"subtype":"rock","class":"scree","source_tags":[["natural","scree"]]}}
{"type":"Feature","geometry":{"type":"Point","coordinates":[12.1386534,46.5755229]},"properties":{"id":"e604bd47-e7fe-3952-9730-8acf915845cd","version":0,"sources":[{"property":"","dataset":"OpenStreetMap","license":"ODbL-1.0","record_id":"n8941010999@1","update_time":"2021-07-22T09:25:00.000Z","confidence":null,"between":null}],"subtype":"physical","class":"peak","names":{"primary":"Croda de Longes","common":null,"rules":null},"source_tags":[["ele","2443"],["natural","peak"]],"elevation":2443}}
{"type":"Feature","geometry":{"type":"Point","coordinates":[12.1353949,46.5759396]},"properties":{"id":"dcae4a7c-53ec-3022-adae-d2a1ae05bc38","version":0,"sources":[{"property":"","dataset":"OpenStreetMap","license":"ODbL-1.0","record_id":"n3625423004@1","update_time":"2015-06-29T15:48:16.000Z","confidence":null,"between":null}],"subtype":"physical","class":"saddle","names":{"primary":"Forc. Pomagagnon","common":null,"rules":null},"source_tags":[["ele","2178"],["natural","saddle"]],"elevation":2178}}
{"type":"Feature","geometry":{"type":"Point","coordinates":[12.1344595,46.5744618]},"properties":{"id":"4df2c292-2850-3426-b2fe-bc0917f47f86","version":0,"sources":[{"property":"","dataset":"OpenStreetMap","license":"ODbL-1.0","record_id":"n10816556947@1","update_time":"2023-04-16T16:41:38.000Z","confidence":null,"between":null}],"subtype":"physical","class":"peak","names":{"primary":"Campanile Dimai","common":null,"rules":null},"source_tags":[["ele","2310"],["natural","peak"]],"elevation":2310}}
{"type":"Feature","geometry":{"type":"Polygon","coordinates":[[[12.1334982,46.5718353],[12.1332943,46.5724106],[12.1331441,46.5722705],[12.1330199,46.5720732],[12.1326862,46.5715431],[12.1315489,46.5709826],[12.1327688,46.5712975],[12.1341206,46.5718285],[12.1340595,46.5714988],[12.1343567,46.571504],[12.1341024,46.5707023],[12.1345069,46.5705452],[12.134936,46.5712237],[12.1347856,46.5717837],[12.1341526,46.572123],[12.1334982,46.5718353]]]},"properties":{"id":"86d1b813-9f0e-370f-9e74-0c94e98ceac0","version":0,"sources":[{"property":"","dataset":"OpenStreetMap","license":"ODbL-1.0","record_id":"w854991779@1","update_time":"2020-10-04T19:03:48.000Z","confidence":null,"between":null}],"subtype":"rock","class":"scree","source_tags":[["natural","scree"]]}}
{"type":"Feature","geometry":{"type":"Point","coordinates":[12.131986,46.5755108]},"properties":{"id":"ad05918e-b799-3352-bc0e-3f9f59c7b34b","version":0,"sources":[{"property":"","dataset":"OpenStreetMap","license":"ODbL-1.0","record_id":"n4306149980@1","update_time":"2016-07-16T15:31:08.000Z","confidence":null,"between":null}],"subtype":"physical","class":"peak","names":{"primary":"Punta della Croce","common":null,"rules":null},"source_tags":[["ele","2297"],["natural","peak"],["source","GPS"]],"elevation":2297}}
{"type":"Feature","geometry":{"type":"Polygon","coordinates":[[[12.133069,46.577304],[12.1323753,46.5767933],[12.1328853,46.5764853],[12.1336484,46.5760244],[12.1349895,46.5751247],[12.1357616,46.5750254],[12.1353607,46.5757379],[12.135129,46.5761498],[12.1351933,46.5765923],[12.1351397,46.577669],[12.1345067,46.5778018],[12.1346107,46.5775109],[12.1346623,46.5773667],[12.1345013,46.5769574],[12.134437,46.5764559],[12.1336967,46.5770164],[12.133069,46.577304]]]},"properties":{"id":"4eb6886d-b159-3ee5-a00c-18d3990edfd1","version":0,"sources":[{"property":"","dataset":"OpenStreetMap","license":"ODbL-1.0","record_id":"w854991782@1","update_time":"2020-10-04T19:03:48.000Z","confidence":null,"between":null}],"subtype":"rock","class":"scree","source_tags":[["natural","scree"]]}}
{"type":"Feature","geometry":{"type":"Point","coordinates":[12.129961,46.5759336]},"properties":{"id":"eaf8a8a2-4db5-3daf-84aa-48ab8ccc74ae","version":0,"sources":[{"property":"","dataset":"OpenStreetMap","license":"ODbL-1.0","record_id":"n289846512@4","update_time":"2016-07-20T09:23:09.000Z","confidence":null,"between":null}],"subtype":"physical","class":"peak","names":{"primary":"Punta Fiames","common":null,"rules":null},"source_tags":[["ele","2240"],["natural","peak"],["source","survey"],["summit:cross","yes"]],"elevation":2240}}
{"type":"Feature","geometry":{"type":"Polygon","coordinates":[[[12.1312988,46.5812972],[12.130655,46.5807368],[12.1302259,46.5798298],[12.1317279,46.5794463],[12.1311057,46.5789448],[12.1294212,46.5793209],[12.1289384,46.5795643],[12.1284556,46.5795938],[12.1280372,46.5793873],[12.1279621,46.578967],[12.1282732,46.5778976],[12.1296251,46.577433],[12.1309233,46.5774699],[12.1321463,46.5769315],[12.1323753,46.5767933],[12.133069,46.577304],[12.1328384,46.5777944],[12.1325594,46.5780599],[12.1321946,46.5779972],[12.1317548,46.5779714],[12.1317118,46.5781963],[12.1322805,46.5783585],[12.1328598,46.5782553],[12.1326345,46.5787605],[12.1323073,46.579391],[12.1319157,46.5800141],[12.1315026,46.5805008],[12.131744,46.5808695],[12.1312988,46.5812972]]]},"properties":{"id":"15e4684d-8454-3358-99bd-71161a0e318b","version":0,"sources":[{"property":"","dataset":"OpenStreetMap","license":"ODbL-1.0","record_id":"w854991785@1","update_time":"2020-10-04T19:03:48.000Z","confidence":null,"between":null}],"subtype":"shrub","class":"scrub","source_tags":[["natural","scrub"]]}}
{"type":"Feature","geometry":{"type":"Point","coordinates":[12.1319747,46.5782313]},"properties":{"id":"77048600-6b32-3add-8b7d-61b9a5cf8d9c","version":0,"sources":[{"property":"","dataset":"OpenStreetMap","license":"ODbL-1.0","record_id":"n11081378805@1","update_time":"2023-08-01T15:32:14.000Z","confidence":null,"between":null}],"subtype":"physical","class":"saddle","names":{"primary":"Forzela de Ra Pezories","common":null,"rules":null},"source_tags":[["ele","2132"],["natural","saddle"]],"elevation":2132}}
{"type":"Feature","geometry":{"type":"Polygon","coordinates":[[[12.131744,46.5808695],[12.1315026,46.5805008],[12.1319157,46.5800141],[12.1323073,46.579391],[12.1326345,46.5787605],[12.1328598,46.5782553],[12.1322805,46.5783585],[12.1317118,46.5781963],[12.1317548,46.5779714],[12.1321946,46.5779972],[12.1325594,46.5780599],[12.1328384,46.5777944],[12.133069,46.577304],[12.1336967,46.5770164],[12.134437,46.5764559],[12.1345013,46.5769574],[12.1346623,46.5773667],[12.1346107,46.5775109],[12.1345067,46.5778018],[12.1338844,46.5780967],[12.1335143,46.5785613],[12.1331441,46.5790259],[12.1334606,46.5790849],[12.13301,46.5794168],[12.1326989,46.5797597],[12.1327096,46.5800584],[12.1333104,46.5797634],[12.1339005,46.5795385],[12.1340346,46.5798814],[12.1335894,46.5801284],[12.1331388,46.5801911],[12.1325219,46.5802022],[12.1321517,46.5804935],[12.1321785,46.5806667],[12.131744,46.5808695]]]},"properties":{"id":"199e8b9f-4e9b-342a-b729-24a9f4b67754","version":0,"sources":[{"property":"","dataset":"OpenStreetMap","license":"ODbL-1.0","record_id":"w854991786@1","update_time":"2020-10-04T19:03:48.000Z","confidence":null,"between":null}],"subtype":"grass","class":"grassland","source_tags":[["natural","grassland"]]}}
{"type":"Feature","geometry":{"type":"Polygon","coordinates":[[[12.1364315,46.5821827],[12.1361428,46.5825545],[12.1357512,46.5814669],[12.1349788,46.5810465],[12.1348822,46.5808548],[12.1350378,46.5807626],[12.1355689,46.580829],[12.1357888,46.5807442],[12.1354294,46.5804123],[12.1353275,46.5800547],[12.1348822,46.5799551],[12.1341956,46.5796307],[12.1340185,46.5792619],[12.1344531,46.5791808],[12.1349037,46.5794758],[12.1359229,46.5801469],[12.1363145,46.579343],[12.1367383,46.5791034],[12.1361375,46.578259],[12.1351397,46.577669],[12.1351933,46.5765923],[12.135129,46.5761498],[12.1360785,46.5759986],[12.1370491,46.5763699],[12.1373606,46.5764891],[12.1376395,46.577846],[12.138412,46.5797192],[12.1383968,46.5800584],[12.1383315,46.5800768],[12.1381116,46.5800289],[12.1370709,46.580357],[12.1361536,46.5808843],[12.136116,46.5818835],[12.1364315,46.5821827]]]},"properties":{"id":"ae80f2d4-297d-3886-89b1-e0007c3ed3d7","version":0,"sources":[{"property":"","dataset":"OpenStreetMap","license":"ODbL-1.0","record_id":"w854991788@1","update_time":"2020-10-04T19:03:48.000Z","confidence":null,"between":null}],"subtype":"rock","class":"scree","source_tags":[["natural","scree"]]}}
{"type":"Feature","geometry":{"type":"Polygon","coordinates":[[[12.1318084,46.5823296],[12.1316879,46.5820855],[12.1319103,46.5815258],[12.1320927,46.5810097],[12.1323824,46.5807958],[12.1323717,46.5810097],[12.1322322,46.5812604],[12.1322751,46.58143],[12.1324789,46.5813415],[12.1325433,46.5809728],[12.1326506,46.5806631],[12.1321785,46.5806667],[12.1321517,46.5804935],[12.1325219,46.5802022],[12.1331388,46.5801911],[12.1335894,46.5801284],[12.1340346,46.5798814],[12.1339005,46.5795385],[12.1333104,46.5797634],[12.1327096,46.5800584],[12.1326989,46.5797597],[12.13301,46.5794168],[12.1334606,46.5790849],[12.1331441,46.5790259],[12.1335143,46.5785613],[12.1338844,46.5780967],[12.1345067,46.5778018],[12.1351397,46.577669],[12.1361375,46.578259],[12.1367383,46.5791034],[12.1363145,46.579343],[12.1359229,46.5801469],[12.1349037,46.5794758],[12.1344531,46.5791808],[12.1340185,46.5792619],[12.1341956,46.5796307],[12.1348822,46.5799551],[12.1353275,46.5800547],[12.1354294,46.5804123],[12.1357888,46.5807442],[12.1355689,46.580829],[12.1350378,46.5807626],[12.1348822,46.5808548],[12.1349788,46.5810465],[12.1343565,46.5811903],[12.1336859,46.581382],[12.1334124,46.5817876],[12.1333694,46.5822485],[12.1318084,46.5823296]]]},"properties":{"id":"2a30bbb9-1878-33b7-9e12-38eabe3fa890","version":0,"sources":[{"property":"","dataset":"OpenStreetMap","license":"ODbL-1.0","record_id":"w854991784@1","update_time":"2020-10-04T19:03:48.000Z","confidence":null,"between":null}],"subtype":"shrub","class":"scrub","source_tags":[["natural","scrub"]]}}
{"type":"Feature","geometry":{"type":"Polygon","coordinates":[[[12.1230375,46.5813747],[12.1230106,46.5812125],[12.1235524,46.5813489],[12.1238153,46.5811941],[12.124105,46.5812346],[12.1238099,46.5809765],[12.1240811,46.5808694],[12.1242337,46.5806115],[12.1245127,46.5804972],[12.1247648,46.5802796],[12.1244376,46.5802944],[12.1248131,46.5800805],[12.1246766,46.5799402],[12.1245341,46.5799146],[12.1244268,46.5797708],[12.124577,46.5797561],[12.1251188,46.5795496],[12.1253495,46.5795717],[12.1257089,46.5794685],[12.1256714,46.5793947],[12.1253924,46.5793689],[12.1253227,46.5792362],[12.1251725,46.5791809],[12.1248453,46.5791514],[12.1247004,46.5790186],[12.1244161,46.5790149],[12.1243678,46.5788896],[12.1246951,46.5787531],[12.1247219,46.5788933],[12.1249448,46.5789115],[12.124974,46.5787826],[12.1246897,46.5786683],[12.1244805,46.5786241],[12.1244751,46.5785208],[12.1250331,46.578023],[12.1248078,46.5777206],[12.1241534,46.5767767],[12.1234159,46.5757625],[12.1235363,46.5752354],[12.1243332,46.5748775],[12.1246843,46.5748224],[12.1239977,46.5740959],[12.1250006,46.5742547],[12.1251078,46.5740629],[12.1260631,46.5740922],[12.1277475,46.5742323],[12.1288844,46.5740113],[12.1293865,46.574199],[12.1294852,46.5745349],[12.1299766,46.5742727],[12.1297856,46.5738122],[12.129217,46.5738269],[12.1298285,46.5736278],[12.1303628,46.5736311],[12.130365,46.573259],[12.1292814,46.5735983],[12.1291204,46.5734139],[12.1293994,46.5733549],[12.1292921,46.5731631],[12.1301729,46.5729133],[12.1305833,46.5727969],[12.1313526,46.5727726],[12.1318247,46.5732446],[12.1324931,46.5734902],[12.1327259,46.5730086],[12.1318493,46.5726642],[12.1316745,46.5723153],[12.130991,46.5725757],[12.1304943,46.5724186],[12.1319105,46.5720203],[12.1326862,46.5715431],[12.1330199,46.5720732],[12.1331441,46.5722705],[12.1332943,46.5724106],[12.1334982,46.5718353],[12.1341526,46.572123],[12.1347856,46.5717837],[12.134936,46.5712237],[12.1357546,46.5711891],[12.1368029,46.5709287],[12.1364701,46.571142],[12.1368241,46.5714592],[12.1373927,46.5712232],[12.1378648,46.5704266],[12.138927,46.5708765],[12.1386319,46.5714924],[12.1377844,46.5724881],[12.1368241,46.5736829],[12.13588,46.5748149],[12.1357616,46.5750254],[12.1349895,46.5751247],[12.1336484,46.5760244],[12.1328853,46.5764853],[12.1323753,46.5767933],[12.1321463,46.5769315],[12.1309233,46.5774699],[12.1296251,46.577433],[12.1282732,46.5778976],[12.1279621,46.578967],[12.1280372,46.5793873],[12.1284556,46.5795938],[12.1289384,46.5795643],[12.1294212,46.5793209],[12.1311057,46.5789448],[12.1317279,46.5794463],[12.1302259,46.5798298],[12.130655,46.5807368],[12.1312988,46.5812972],[12.1316879,46.5820855],[12.1318084,46.5823296],[12.1333694,46.5822485],[12.1333547,46.5823053],[12.1331012,46.5832809],[12.1325004,46.5839298],[12.1320605,46.5836274],[12.1311164,46.5837381],[12.1306229,46.5842173],[12.1298718,46.5844681],[12.1297967,46.584645],[12.1291637,46.5853971],[12.1295392,46.5864811],[12.1288588,46.5882098],[12.1288311,46.5882802],[12.1287716,46.588458],[12.1264391,46.5911579],[12.1263313,46.591163],[12.1253014,46.590964],[12.1250413,46.5893454],[12.1244538,46.5888295],[12.1239978,46.5886267],[12.1232518,46.5890026],[12.1235715,46.5892643],[12.1226245,46.5896516],[12.1229947,46.589305],[12.1221553,46.5892865],[12.1219969,46.5896958],[12.121439,46.5903594],[12.1211815,46.58974],[12.1204412,46.5900276],[12.1206987,46.5908386],[12.1190786,46.591974],[12.1172962,46.5930791],[12.1164913,46.5920442],[12.1159549,46.5917197],[12.1169537,46.59159],[12.1177906,46.5906463],[12.1166748,46.5900269],[12.1178549,46.5903219],[12.1178028,46.5902575],[12.1167821,46.5889954],[12.1179306,46.5891871],[12.1184564,46.5891354],[12.1178019,46.5887078],[12.1172327,46.5886563],[12.116825,46.5883171],[12.1176833,46.5877125],[12.1187347,46.5871816],[12.1192181,46.5869456],[12.1194967,46.5871302],[12.1202241,46.587045],[12.1210931,46.5870966],[12.1218227,46.5869639],[12.122608,46.5867467],[12.1230586,46.5870122],[12.123005,46.5873289],[12.1234535,46.5874579],[12.1240779,46.5872035],[12.1231874,46.5869311],[12.1231874,46.5868647],[12.1220716,46.5864002],[12.1217712,46.5864444],[12.1212777,46.5862527],[12.1214815,46.5860905],[12.1218141,46.5861569],[12.1217175,46.5859873],[12.1214282,46.5858985],[12.1214708,46.5857144],[12.1219214,46.5858767],[12.1224364,46.5854416],[12.122917,46.5855039],[12.1228655,46.5853236],[12.1223938,46.5851833],[12.1218467,46.5850063],[12.1220128,46.5848515],[12.1221201,46.5846893],[12.1221791,46.5845529],[12.1220558,46.5845013],[12.1219002,46.584634],[12.1217607,46.5844976],[12.121294,46.5845455],[12.1212457,46.5844644],[12.1215866,46.5843352],[12.1223776,46.5843612],[12.1223884,46.5844497],[12.1225225,46.5843686],[12.1231501,46.5842063],[12.1235632,46.584151],[12.1236865,46.5841842],[12.124105,46.5839814],[12.1240621,46.5838303],[12.1237724,46.5839962],[12.1235846,46.5839151],[12.1228819,46.5840331],[12.1232306,46.583786],[12.1225493,46.5836091],[12.1222113,46.5834431],[12.122088,46.5836607],[12.1218841,46.5836386],[12.1218948,46.5829122],[12.1219217,46.5828053],[12.1218036,46.5827242],[12.1216212,46.5825398],[12.1215837,46.5824329],[12.1217768,46.5825325],[12.1220128,46.5824182],[12.1218036,46.5823186],[12.1221255,46.5823186],[12.1220128,46.5825841],[12.1220426,46.582724],[12.1228712,46.5825066],[12.1229624,46.582562],[12.1231852,46.5825544],[12.1233861,46.5824218],[12.1235202,46.582573],[12.1234881,46.58282],[12.1231716,46.5829085],[12.1229731,46.5831592],[12.1232467,46.5831482],[12.1231984,46.5833178],[12.1233676,46.5834135],[12.1232413,46.5835538],[12.1233593,46.5836791],[12.1236061,46.5837381],[12.1236597,46.5835501],[12.1234881,46.583539],[12.1235954,46.5833657],[12.1234451,46.5832367],[12.1235929,46.583207],[12.1236597,46.5833067],[12.1239119,46.5832182],[12.1241777,46.5832992],[12.1243303,46.583303],[12.1244376,46.5829712],[12.124577,46.5828864],[12.1243625,46.5828938],[12.124003,46.5830818],[12.1240567,46.5829491],[12.1242659,46.5828532],[12.1244805,46.5827721],[12.1240513,46.5827057],[12.1240406,46.582632],[12.1241854,46.5825583],[12.124223,46.582503],[12.1244352,46.5824143],[12.1240299,46.5824034],[12.1242313,46.5822631],[12.1244107,46.582337],[12.1245609,46.5822301],[12.1242498,46.5821084],[12.1242284,46.5819647],[12.1244566,46.5820566],[12.1242927,46.5818909],[12.1237348,46.5819462],[12.1234344,46.5817176],[12.1232467,46.5813784],[12.1230375,46.5813747]],[[12.1268137,46.5844609],[12.1258589,46.5842692],[12.1253525,46.5848182],[12.124904,46.5849328],[12.1254276,46.5852532],[12.125022,46.5852573],[12.12514,46.585508],[12.1248611,46.5861052],[12.1258911,46.586002],[12.1269532,46.5855301],[12.127348,46.5851795],[12.1269961,46.5851762],[12.1268996,46.5848665],[12.1268137,46.5844609]]]},"properties":{"id":"b27db0fe-59da-3ff1-9ab0-ce6894506d15","version":0,"sources":[{"property":"","dataset":"OpenStreetMap","license":"ODbL-1.0","record_id":"r11718329@1","update_time":"2020-12-15T10:15:43.000Z","confidence":null,"between":null}],"subtype":"rock","class":"bare_rock","source_tags":[["natural","bare_rock"],["type","multipolygon"]]}}
{"type":"Feature","geometry":{"type":"Polygon","coordinates":[[[12.1208059,46.5781042],[12.1198671,46.5781816],[12.1200013,46.577905],[12.1187353,46.5778976],[12.118113,46.5777723],[12.11748,46.5778018],[12.1170705,46.5778249],[12.1169967,46.5775928],[12.1169059,46.5773077],[12.1175226,46.5774038],[12.1177586,46.5775513],[12.1180375,46.5775955],[12.118177,46.5774996],[12.1194323,46.5776029],[12.1198936,46.5774923],[12.11984,46.5773153],[12.1213206,46.5776914],[12.1216102,46.5778241],[12.1232088,46.5780454],[12.1243676,46.5781486],[12.1239384,46.5778536],[12.1247109,46.5776693],[12.1248078,46.5777206],[12.1250331,46.578023],[12.1244751,46.5785208],[12.1243249,46.578554],[12.1234827,46.5784803],[12.1231877,46.5785098],[12.1225761,46.5783586],[12.1222811,46.5781779],[12.1219163,46.5781964],[12.1212417,46.5781404],[12.1208059,46.5781042]]]},"properties":{"id":"477093ed-3989-3ddb-a8dc-22ce258470f6","version":0,"sources":[{"property":"","dataset":"OpenStreetMap","license":"ODbL-1.0","record_id":"w885071446@1","update_time":"2020-12-15T10:15:43.000Z","confidence":null,"between":null}],"subtype":"rock","class":"scree","source_tags":[["natural","scree"]]}}
{"type":"Feature","geometry":{"type":"Polygon","coordinates":[[[12.1234159,46.5757625],[12.1241534,46.5767767],[12.1247109,46.5776693],[12.1239384,46.5778536],[12.1243676,46.5781486],[12.1232088,46.5780454],[12.1216102,46.5778241],[12.1213206,46.5776914],[12.11984,46.5773153],[12.1198936,46.5774923],[12.1194323,46.5776029],[12.118177,46.5774996],[12.1180375,46.5775955],[12.1177586,46.5775513],[12.1175226,46.5774038],[12.1169059,46.5773077],[12.1180271,46.5765002],[12.1184831,46.5769832],[12.1194409,46.5773591],[12.119674,46.577009],[12.1198724,46.5761941],[12.120602,46.5761572],[12.1212672,46.5760319],[12.1214979,46.5761646],[12.1217017,46.5760429],[12.121353,46.5755267],[12.1214496,46.5754714],[12.1218924,46.5759469],[12.1223454,46.5759471],[12.122324,46.5756668],[12.1229975,46.5756777],[12.1234159,46.5757625]]]},"properties":{"id":"0f6a1842-8775-3d62-bdcf-c52e4bf0b26d","version":0,"sources":[{"property":"","dataset":"OpenStreetMap","license":"ODbL-1.0","record_id":"w264780154@2","update_time":"2020-12-15T10:15:43.000Z","confidence":null,"between":null}],"subtype":"shrub","class":"scrub","source_tags":[["natural","scrub"]]}}
{"type":"Feature","geometry":{"type":"Polygon","coordinates":[[[12.1198671,46.5781816],[12.1193536,46.5782706],[12.1192287,46.5782922],[12.1182631,46.5783328],[12.1176677,46.5779014],[12.1170937,46.5778977],[12.1170705,46.5778249],[12.11748,46.5778018],[12.118113,46.5777723],[12.1187353,46.5778976],[12.1200013,46.577905],[12.1198671,46.5781816]]]},"properties":{"id":"aa828ddb-27fb-30b2-a1a6-e6db5f88a869","version":0,"sources":[{"property":"","dataset":"OpenStreetMap","license":"ODbL-1.0","record_id":"w885071445@1","update_time":"2020-12-15T10:15:43.000Z","confidence":null,"between":null}],"subtype":"shrub","class":"scrub","source_tags":[["natural","scrub"]]}}
{"type":"Feature","geometry":{"type":"Polygon","coordinates":[[[12.118883,46.5814446],[12.1192799,46.5812344],[12.1198134,46.5811572],[12.119733,46.5805709],[12.1200334,46.5804234],[12.1210097,46.5802133],[12.1217661,46.5798851],[12.1219002,46.5792915],[12.1220772,46.5788933],[12.1219163,46.5781964],[12.1222811,46.5781779],[12.1225761,46.5783586],[12.1231877,46.5785098],[12.1234827,46.5784803],[12.1243249,46.578554],[12.1244751,46.5785208],[12.1244805,46.5786241],[12.1246897,46.5786683],[12.124974,46.5787826],[12.1249448,46.5789115],[12.1247219,46.5788933],[12.1246951,46.5787531],[12.1243678,46.5788896],[12.1244161,46.5790149],[12.1247004,46.5790186],[12.1248453,46.5791514],[12.1251725,46.5791809],[12.1253227,46.5792362],[12.1253924,46.5793689],[12.1256714,46.5793947],[12.1257089,46.5794685],[12.1253495,46.5795717],[12.1251188,46.5795496],[12.124577,46.5797561],[12.1244268,46.5797708],[12.1245341,46.5799146],[12.1246766,46.5799402],[12.1248131,46.5800805],[12.1244376,46.5802944],[12.1247648,46.5802796],[12.1245127,46.5804972],[12.1242337,46.5806115],[12.1240811,46.5808694],[12.1238099,46.5809765],[12.124105,46.5812346],[12.1238153,46.5811941],[12.1235524,46.5813489],[12.1230106,46.5812125],[12.1222382,46.5813932],[12.121986,46.5813932],[12.1217983,46.5814927],[12.1206801,46.581699],[12.1201436,46.5816363],[12.1193682,46.5814079],[12.118883,46.5814446]]]},"properties":{"id":"cd35ee05-7717-3587-b1ad-022ad0eb5962","version":0,"sources":[{"property":"","dataset":"OpenStreetMap","license":"ODbL-1.0","record_id":"w264780167@1","update_time":"2014-03-06T17:53:55.000Z","confidence":null,"between":null}],"subtype":"shrub","class":"scrub","source_tags":[["natural","scrub"]]}}
{"type":"Feature","geometry":{"type":"Polygon","coordinates":[[[12.1122228,46.5850727],[12.1120994,46.5845418],[12.1120243,46.5849105],[12.1119707,46.5844976],[12.1119385,46.5841916],[12.1117239,46.5831777],[12.1116863,46.5826504],[12.1119815,46.5825183],[12.1123759,46.5825439],[12.1123412,46.5819298],[12.112809,46.5812707],[12.1129772,46.5812135],[12.11302,46.581102],[12.1128669,46.5808157],[12.1130327,46.5802404],[12.1128486,46.580199],[12.112958,46.5799172],[12.1132425,46.5799184],[12.1135328,46.579567],[12.1133767,46.5795154],[12.1135503,46.5790824],[12.1134827,46.5787206],[12.1135321,46.5785712],[12.1138173,46.5785635],[12.1138816,46.5781232],[12.114074,46.5780194],[12.1137839,46.5779666],[12.1139321,46.5775971],[12.1142471,46.5767972],[12.1144398,46.5767622],[12.1145211,46.5765538],[12.114326,46.576538],[12.1144192,46.5763565],[12.1145724,46.5764124],[12.115023,46.5760651],[12.1153002,46.5762622],[12.1152941,46.5765894],[12.1150814,46.5768097],[12.1153586,46.5768734],[12.1154909,46.576773],[12.1157692,46.5768202],[12.1158706,46.5771049],[12.1169059,46.5773077],[12.1169967,46.5775928],[12.1170705,46.5778249],[12.1170937,46.5778977],[12.1176677,46.5779014],[12.1182631,46.5783328],[12.1192287,46.5782922],[12.1193536,46.5782706],[12.1198671,46.5781816],[12.1208059,46.5781042],[12.1212417,46.5781404],[12.1219163,46.5781964],[12.1220772,46.5788933],[12.1219002,46.5792915],[12.1217661,46.5798851],[12.1210097,46.5802133],[12.1200334,46.5804234],[12.119733,46.5805709],[12.1198134,46.5811572],[12.1192799,46.5812344],[12.118883,46.5814446],[12.1181612,46.5811166],[12.1180539,46.5809876],[12.1178286,46.580936],[12.1177857,46.5812715],[12.116705,46.5810685],[12.1162032,46.5808327],[12.1164124,46.581065],[12.1168398,46.5812183],[12.1181695,46.5816953],[12.117912,46.581817],[12.1174477,46.5817508],[12.1168445,46.5814151],[12.1161495,46.5814337],[12.115243,46.5816992],[12.1141432,46.5823997],[12.1139179,46.5830634],[12.1137946,46.5838008],[12.1135668,46.5844679],[12.1134351,46.5845013],[12.1133815,46.5845861],[12.1131026,46.5846709],[12.112966,46.584597],[12.1128075,46.5845824],[12.1127914,46.5847999],[12.112888,46.5850654],[12.1130757,46.5850285],[12.1134888,46.5851981],[12.1135102,46.585364],[12.1133386,46.5854193],[12.1131591,46.5851942],[12.1130274,46.5852239],[12.1130787,46.5853749],[12.1123837,46.5852718],[12.1123469,46.5851384],[12.1122228,46.5850727]]]},"properties":{"id":"df1ca3d2-2b1e-3d87-a7c4-dd79f64f7a79","version":0,"sources":[{"property":"","dataset":"OpenStreetMap","license":"ODbL-1.0","record_id":"w264780156@8","update_time":"2024-09-05T19:29:47.000Z","confidence":null,"between":null}],"subtype":"forest","class":"forest","source_tags":[["landuse","forest"]]}}
{"type":"Feature","geometry":{"type":"Polygon","coordinates":[[[12.1163158,46.5754712],[12.1156292,46.57532],[12.1157187,46.5751845],[12.1159296,46.5752168],[12.1162139,46.5746083],[12.1158652,46.5741068],[12.1163587,46.5729673],[12.1171135,46.5729056],[12.1173066,46.5726216],[12.1174354,46.5726437],[12.1166629,46.5746129],[12.1163158,46.5754712]]]},"properties":{"id":"82132fea-91ff-3dde-bb75-a1f23ef75c41","version":0,"sources":[{"property":"","dataset":"OpenStreetMap","license":"ODbL-1.0","record_id":"w666286905@1","update_time":"2019-01-26T13:11:52.000Z","confidence":null,"between":null}],"subtype":"forest","class":"forest","source_tags":[["landuse","forest"],["leaf_type","mixed"]]}}
{"type":"Feature","geometry":{"type":"Polygon","coordinates":[[[12.1239977,46.5740959],[12.1238475,46.5731039],[12.1243303,46.5728753],[12.1258782,46.5729046],[12.1259503,46.5721894],[12.1252395,46.5719759],[12.1256336,46.5719462],[12.1262022,46.5720716],[12.1271892,46.5723666],[12.1288308,46.5729492],[12.1292921,46.5731631],[12.1293994,46.5733549],[12.1291204,46.5734139],[12.1292814,46.5735983],[12.130365,46.573259],[12.1303628,46.5736311],[12.1298285,46.5736278],[12.129217,46.5738269],[12.1297856,46.5738122],[12.1299766,46.5742727],[12.1294852,46.5745349],[12.1293865,46.574199],[12.1288844,46.5740113],[12.1291097,46.573613],[12.1286806,46.5736278],[12.1283909,46.5734581],[12.128496,46.5737196],[12.1274682,46.574026],[12.127082,46.573613],[12.1260069,46.573137],[12.1250199,46.5732255],[12.1248482,46.5737196],[12.1244212,46.5736278],[12.1243568,46.5737974],[12.1251078,46.5740629],[12.1250006,46.5742547],[12.1239977,46.5740959]]]},"properties":{"id":"a889de5c-74ad-3cd9-9c81-8c174de0c720","version":0,"sources":[{"property":"","dataset":"OpenStreetMap","license":"ODbL-1.0","record_id":"w264780144@1","update_time":"2014-03-06T17:53:46.000Z","confidence":null,"between":null}],"subtype":"shrub","class":"scrub","source_tags":[["natural","scrub"]]}}
{"type":"Feature","geometry":{"type":"Polygon","coordinates":[[[12.1283909,46.5734581],[12.1286806,46.5736278],[12.1291097,46.573613],[12.1288844,46.5740113],[12.1277475,46.5742323],[12.1260631,46.5740922],[12.1251078,46.5740629],[12.1243568,46.5737974],[12.1244212,46.5736278],[12.1248482,46.5737196],[12.1250199,46.5732255],[12.1260069,46.573137],[12.127082,46.573613],[12.1274682,46.574026],[12.128496,46.5737196],[12.1283909,46.5734581]]]},"properties":{"id":"af4a2363-2217-365c-a8e5-920d59219f08","version":0,"sources":[{"property":"","dataset":"OpenStreetMap","license":"ODbL-1.0","record_id":"w854991780@1","update_time":"2020-10-04T19:03:48.000Z","confidence":null,"between":null}],"subtype":"rock","class":"scree","source_tags":[["natural","scree"]]}}
{"type":"Feature","geometry":{"type":"Polygon","coordinates":[[[12.1261316,46.5718844],[12.1258055,46.571386],[12.1264624,46.5705611],[12.1277497,46.5719387],[12.1278797,46.5721774],[12.1261316,46.5718844]]]},"properties":{"id":"aefa544b-e8aa-3ff3-babd-036b30bca63c","version":0,"sources":[{"property":"","dataset":"OpenStreetMap","license":"ODbL-1.0","record_id":"w264780155@1","update_time":"2014-03-06T17:53:59.000Z","confidence":null,"between":null}],"subtype":"shrub","class":"scrub","source_tags":[["natural","scrub"]]}}
{"type":"Feature","geometry":{"type":"Polygon","coordinates":[[[12.1292921,46.5731631],[12.1288308,46.5729492],[12.1271892,46.5723666],[12.1262022,46.5720716],[12.1256336,46.5719462],[12.1252395,46.5719759],[12.1252623,46.5716342],[12.1261316,46.5718844],[12.1278797,46.5721774],[12.1288421,46.5724923],[12.1301757,46.5725462],[12.1305833,46.5727969],[12.1301729,46.5729133],[12.1292921,46.5731631]]]},"properties":{"id":"de2d00ca-e239-3ae4-a05c-c318fc8858f8","version":0,"sources":[{"property":"","dataset":"OpenStreetMap","license":"ODbL-1.0","record_id":"w854991781@1","update_time":"2020-10-04T19:03:48.000Z","confidence":null,"between":null}],"subtype":"rock","class":"scree","source_tags":[["natural","scree"]]}}
{"type":"Feature","geometry":{"type":"Polygon","coordinates":[[[12.1281966,46.5622342],[12.125596,46.5613491],[12.1257576,46.560761],[12.1291859,46.5616898],[12.1287095,46.5619303],[12.1283278,46.5620773],[12.1281966,46.5622342]]]},"properties":{"id":"d252b0db-fb73-34d1-a541-0abd1dc55b8a","version":0,"sources":[{"property":"","dataset":"OpenStreetMap","license":"ODbL-1.0","record_id":"w1039602376@1","update_time":"2022-03-12T14:40:41.000Z","confidence":null,"between":null}],"subtype":"forest","class":"forest","source_tags":[["landuse","forest"]]}}
{"type":"Feature","geometry":{"type":"Polygon","coordinates":[[[12.1279056,46.5541325],[12.1276545,46.5543609],[12.1282635,46.554622],[12.1278579,46.5548846],[12.1277613,46.5551429],[12.1274463,46.556069],[12.1271879,46.5565509],[12.1262328,46.557337],[12.1261786,46.5580865],[12.1268169,46.5582411],[12.1266442,46.5584723],[12.1262373,46.5588322],[12.1258382,46.5592278],[12.1255042,46.5598273],[12.1252355,46.5605761],[12.1240685,46.5613889],[12.1226098,46.5616197],[12.1221299,46.5614848],[12.1205966,46.5619364],[12.1205215,46.5623569],[12.1210993,46.5627008],[12.1210579,46.5629802],[12.1219629,46.5635713],[12.1220702,46.563811],[12.1212977,46.5644454],[12.1207361,46.5651416],[12.1211009,46.5657759],[12.1213369,46.566023],[12.121228,46.5667026],[12.1201138,46.5667201],[12.1199529,46.5665689],[12.1195972,46.5666436],[12.1193864,46.5673526],[12.1194613,46.5675226],[12.1196578,46.5675388],[12.1201339,46.5677083],[12.1202586,46.5677527],[12.1188945,46.5691108],[12.116922,46.568601],[12.1169687,46.5682663],[12.1172798,46.5680044],[12.117666,46.5675287],[12.1179825,46.5673959],[12.1182507,46.567407],[12.1186906,46.5674697],[12.1190125,46.5674291],[12.119152,46.5673074],[12.1194792,46.5666251],[12.1195865,46.5665255],[12.1198118,46.5664481],[12.1200854,46.5664481],[12.1204341,46.5664296],[12.1206057,46.5663485],[12.1208096,46.5662194],[12.1208686,46.5660903],[12.1208149,46.565917],[12.1204663,46.5650577],[12.1204984,46.5648696],[12.1207774,46.5644934],[12.1213889,46.5638737],[12.1214104,46.563634],[12.121287,46.5633611],[12.1209721,46.5631315],[12.1204947,46.5627147],[12.1202479,46.5624823],[12.1202356,46.5623615],[12.1202678,46.5620959],[12.1204019,46.5619189],[12.1205145,46.5618673],[12.1212602,46.561646],[12.1222633,46.5613214],[12.1226871,46.5613288],[12.1232128,46.5613472],[12.1236366,46.561314],[12.1239585,46.5612218],[12.1242374,46.5610337],[12.1244198,46.5606722],[12.1246559,46.5602185],[12.1246988,46.5599087],[12.1247524,46.5595878],[12.124967,46.5591415],[12.1247379,46.5588051],[12.1247363,46.5586656],[12.1248543,46.5584923],[12.1249402,46.5582009],[12.1257448,46.5572639],[12.1260506,46.556895],[12.1261955,46.5567364],[12.1263886,46.5566073],[12.1266568,46.5560614],[12.1266031,46.555615],[12.1265441,46.5554306],[12.1266568,46.5552351],[12.1270055,46.5549215],[12.1272678,46.5546707],[12.1275561,46.5542068],[12.1278534,46.5539388],[12.1282772,46.5537064],[12.128418,46.5536209],[12.128363,46.5537876],[12.1279056,46.5541325]]]},"properties":{"id":"4547a5f5-2ab2-374d-b99b-7fbdb4720517","version":0,"sources":[{"property":"","dataset":"OpenStreetMap","license":"ODbL-1.0","record_id":"w666304052@1","update_time":"2019-01-26T15:29:02.000Z","confidence":null,"between":null}],"subtype":"forest","class":"forest","source_tags":[["landuse","forest"],["leaf_type","mixed"]]}}
{"type":"Feature","geometry":{"type":"Polygon","coordinates":[[[12.116643,46.5686379],[12.1163963,46.5688923],[12.1162461,46.5690398],[12.1162568,46.5692574],[12.1159027,46.5692279],[12.1160158,46.5689624],[12.1159517,46.5689034],[12.1158702,46.5689678],[12.1163855,46.5685604],[12.116643,46.5686379]]]},"properties":{"id":"bec35587-7168-33cf-8d1a-81977223dad3","version":0,"sources":[{"property":"","dataset":"OpenStreetMap","license":"ODbL-1.0","record_id":"w666286879@2","update_time":"2022-07-19T15:51:55.000Z","confidence":null,"between":null}],"subtype":"forest","class":"forest","source_tags":[["landuse","forest"],["leaf_type","mixed"]]}}
{"type":"Feature","geometry":{"type":"Polygon","coordinates":[[[12.1161175,46.570211],[12.1161105,46.5700264],[12.1162763,46.5699622],[12.1164353,46.569999],[12.1162783,46.5702345],[12.1161175,46.570211]]]},"properties":{"id":"e6f5c9e2-af3d-3682-9872-caea964d4b84","version":0,"sources":[{"property":"","dataset":"OpenStreetMap","license":"ODbL-1.0","record_id":"w1079817304@1","update_time":"2022-07-19T16:46:29.000Z","confidence":null,"between":null}],"subtype":"sand","class":"beach","source_tags":[["natural","beach"]]}}
{"type":"Feature","geometry":{"type":"Polygon","coordinates":[[[12.1168093,46.5686747],[12.1188623,46.5691698],[12.1186531,46.5694464],[12.1184278,46.5700512],[12.1179573,46.5712489],[12.1178447,46.5715402],[12.117437,46.5715697],[12.117394,46.5713964],[12.1172009,46.5713779],[12.1170936,46.5715402],[12.1173029,46.5716066],[12.117253,46.5717255],[12.1167986,46.571614],[12.1166001,46.5713042],[12.1159923,46.5711871],[12.1160138,46.5707446],[12.1165465,46.5702089],[12.1167342,46.5699323],[12.1167986,46.5696852],[12.1167219,46.5695091],[12.1165518,46.5693054],[12.1164285,46.5692132],[12.1164054,46.5691256],[12.1164537,46.5690223],[12.1168093,46.5686747]]]},"properties":{"id":"6438cdd6-6c63-383d-a912-e747eadb839c","version":0,"sources":[{"property":"","dataset":"OpenStreetMap","license":"ODbL-1.0","record_id":"w666286876@1","update_time":"2019-01-26T13:11:49.000Z","confidence":null,"between":null}],"subtype":"forest","class":"forest","source_tags":[["landuse","forest"],["leaf_type","mixed"]]}}
{"type":"Feature","geometry":{"type":"LineString","coordinates":[[12.1099502,46.5798853],[12.0978928,46.5827001]]},"properties":{"id":"81b5ce98-48dd-3904-8ca5-326592ee920b","version":0,"sources":[{"property":"","dataset":"OpenStreetMap","license":"ODbL-1.0","record_id":"w1205055848@1","update_time":"2023-09-04T21:36:38.000Z","confidence":null,"between":null}],"subtype":"physical","class":"valley","names":{"primary":"Val Fiorenza","common":null,"rules":null},"source_tags":[["natural","valley"]]}}
{"type":"Feature","geometry":{"type":"Polygon","coordinates":[[[12.1051071,46.5994175],[12.1042678,46.599149],[12.1039081,46.5985649],[12.1040904,46.5979899],[12.1041548,46.5975844],[12.1037578,46.5961026],[12.1035218,46.595299],[12.104069,46.5943038],[12.1041548,46.5939499],[12.1032965,46.5941195],[12.1026957,46.5939204],[12.1023202,46.5940678],[12.1020949,46.5946355],[12.101773,46.5951074],[12.101655,46.5955866],[12.1017945,46.595992],[12.1020198,46.5965523],[12.1020841,46.5969578],[12.1023631,46.5974001],[12.1021914,46.5977392],[12.1017516,46.5975402],[12.1015906,46.5973927],[12.1008396,46.597577],[12.100904,46.59712],[12.1005499,46.5968324],[12.100271,46.5960731],[12.1008932,46.595734],[12.1009791,46.5955202],[12.1008289,46.5952327],[12.10114,46.5950263],[12.1009147,46.5945544],[12.1004212,46.5942006],[12.0997667,46.5943627],[12.0989835,46.594348],[12.0987689,46.5946871],[12.0985114,46.5949894],[12.0984578,46.5955128],[12.0987582,46.596051],[12.0986938,46.5964344],[12.0978784,46.5962279],[12.0971274,46.5956087],[12.0979428,46.5950852],[12.098254,46.5945102],[12.097621,46.594031],[12.0979428,46.5937582],[12.099123,46.5940826],[12.0995951,46.5938393],[12.0998311,46.5935886],[12.1000779,46.5935444],[12.0999867,46.593349],[12.1003085,46.5928993],[12.1008879,46.5930099],[12.1009185,46.5926999],[12.1020412,46.5927813],[12.1021914,46.5931131],[12.102406,46.5929878],[12.1027118,46.5930062],[12.1026742,46.592726],[12.1030283,46.5926707],[12.1030283,46.5929288],[12.1030927,46.5931168],[12.1031088,46.593279],[12.1034306,46.5930652],[12.1035486,46.5928846],[12.1037686,46.5928329],[12.1040904,46.5926191],[12.1043748,46.5926744],[12.103892,46.5929325],[12.1037364,46.5931537],[12.1041226,46.5931426],[12.1047717,46.5929251],[12.1050614,46.592844],[12.1052921,46.592726],[12.1054906,46.592398],[12.1061611,46.5923943],[12.1065903,46.592597],[12.1069336,46.5924643],[12.1073788,46.5924901],[12.1080172,46.5925823],[12.1076471,46.5922431],[12.1073788,46.5920772],[12.1065688,46.5921067],[12.1069068,46.5918303],[12.1070204,46.591782],[12.1077704,46.591598],[12.1084088,46.591469],[12.1081352,46.5911814],[12.1086073,46.5909861],[12.1078831,46.590728],[12.1088272,46.590658],[12.1086609,46.5904552],[12.1085215,46.5902598],[12.1087468,46.5901714],[12.1083498,46.5901345],[12.1077383,46.5900092],[12.1088004,46.5898064],[12.1090311,46.5896774],[12.1080172,46.5897843],[12.1075129,46.5899244],[12.1071804,46.5896442],[12.1071374,46.5894967],[12.1067673,46.5894414],[12.106322,46.5893345],[12.1066493,46.5890359],[12.1078455,46.5890507],[12.1089345,46.5888958],[12.1097338,46.5888],[12.1101415,46.5887447],[12.1103668,46.5885308],[12.1103883,46.5883428],[12.1095514,46.5882249],[12.1087575,46.5881548],[12.1080172,46.587941],[12.1080172,46.5877235],[12.1076256,46.587576],[12.1078885,46.5873732],[12.1080923,46.5873364],[12.1078402,46.5871705],[12.1072608,46.5871889],[12.1070033,46.5869788],[12.1065152,46.5871115],[12.1062416,46.5875318],[12.1056247,46.5875723],[12.1055388,46.5872221],[12.1052009,46.5871926],[12.1047556,46.5871926],[12.1042889,46.5871004],[12.1040851,46.5869308],[12.1043372,46.5868645],[12.1050453,46.5867686],[12.105673,46.586776],[12.1063811,46.586658],[12.1069068,46.5866138],[12.1072018,46.5863889],[12.1074057,46.5861751],[12.1085805,46.5860386],[12.1091866,46.58574],[12.1087736,46.5856921],[12.1080387,46.5857806],[12.1077061,46.5855372],[12.1083552,46.5852165],[12.1089613,46.5850948],[12.1084356,46.5850285],[12.107791,46.5852298],[12.1072555,46.5853971],[12.1060216,46.5857658],[12.1050453,46.5860239],[12.1047342,46.5857179],[12.1049863,46.5854746],[12.1056944,46.5854008],[12.1063381,46.5853013],[12.1074754,46.585069],[12.1078134,46.5849842],[12.1064883,46.5851391],[12.1062094,46.58501],[12.1065152,46.5847261],[12.1072447,46.5843648],[12.1078241,46.5842542],[12.1067619,46.5841731],[12.1065581,46.5839961],[12.1053457,46.5839519],[12.104584,46.5839298],[12.1039295,46.5838782],[12.103554,46.5836975],[12.1035004,46.583362],[12.1041816,46.5827426],[12.1037418,46.5825066],[12.1036076,46.582643],[12.1031892,46.5828384],[12.1028942,46.5827094],[12.1034682,46.5820568],[12.1033394,46.5818356],[12.1021807,46.5816881],[12.1018267,46.5817692],[12.1012688,46.5824034],[12.1008181,46.5823739],[12.1005714,46.582632],[12.0998633,46.5823886],[12.0995629,46.582219],[12.0992732,46.5824771],[12.0988977,46.5826615],[12.0979106,46.5829564],[12.0975778,46.5832585],[12.0971428,46.5831492],[12.096886,46.5831408],[12.096532,46.5832661],[12.0962316,46.5832145],[12.0959848,46.583303],[12.0957702,46.5831629],[12.0954638,46.5832524],[12.0952553,46.5834357],[12.0950729,46.5835426],[12.0947778,46.5835943],[12.0947216,46.5837583],[12.0944124,46.583835],[12.0942351,46.5839379],[12.0944285,46.5845245],[12.0939456,46.5859328],[12.0924933,46.5867267],[12.0915484,46.5873806],[12.0935118,46.5879705],[12.0934582,46.5883318],[12.0932436,46.5888774],[12.0921814,46.5886046],[12.0916986,46.5887447],[12.0909798,46.5893345],[12.0896172,46.5897843],[12.089982,46.5900128],[12.0902824,46.5901308],[12.0903468,46.5906617],[12.0912158,46.5908534],[12.0921278,46.5909345],[12.0921063,46.5915538],[12.0913768,46.5919445],[12.0913339,46.5922468],[12.0925248,46.5917823],[12.0915806,46.592409],[12.0909691,46.5929915],[12.0905077,46.5934264],[12.0908403,46.5936255],[12.0915806,46.5928882],[12.0922029,46.5924975],[12.0929646,46.5925712],[12.0934904,46.592468],[12.0939839,46.5935886],[12.0941234,46.5940384],[12.0939839,46.5945692],[12.0940483,46.5950557],[12.0937157,46.5955644],[12.0930719,46.596626],[12.0937264,46.5970684],[12.0941019,46.5958593],[12.0945847,46.5951442],[12.0952821,46.5950041],[12.0956468,46.5953506],[12.0959365,46.595852],[12.0963228,46.5960215],[12.0971489,46.5969799],[12.0976424,46.5974443],[12.0987153,46.5980193],[12.0990157,46.5982774],[12.1000028,46.5988745],[12.1014082,46.5990145],[12.1020248,46.5992982],[12.1015477,46.5993241],[12.1011132,46.5993976],[12.0997819,46.5998152],[12.0992609,46.5998848],[12.0978862,46.599845],[12.0959471,46.5987314],[12.0951657,46.5989899],[12.094529,46.5995865],[12.0939646,46.6001333],[12.0931832,46.6001333],[12.0928504,46.5998947],[12.0927057,46.5992385],[12.0922137,46.5986817],[12.0916791,46.5984905],[12.09093,46.5982225],[12.0905239,46.5980773],[12.0874561,46.5995886],[12.0869171,46.5990766],[12.0858352,46.598049],[12.0854881,46.5977193],[12.0838442,46.5972262],[12.082073,46.5962875],[12.0824203,46.5950943],[12.0842823,46.5948271],[12.0847436,46.5947609],[12.0860785,46.5945693],[12.0865051,46.5944869],[12.0878497,46.5942272],[12.0864996,46.5934292],[12.0837108,46.5939353],[12.0824213,46.5941499],[12.0814391,46.5943134],[12.0807996,46.5957244],[12.0794961,46.5957561],[12.0775058,46.5947467],[12.0664284,46.5955131],[12.0637658,46.5976807],[12.0619995,46.5977989],[12.0614641,46.5986563],[12.0605329,46.5988856],[12.0606087,46.5994217],[12.0606445,46.5996743],[12.0597239,46.5996242],[12.0580047,46.5992246],[12.0577638,46.5991686],[12.0568636,46.5984307],[12.0545255,46.5981492],[12.0544177,46.5981282],[12.0529809,46.5979348],[12.0524369,46.5983924],[12.051849,46.5982073],[12.0515818,46.5977355],[12.051129,46.5972173],[12.0501989,46.5976508],[12.0497482,46.5976736],[12.0492022,46.5984882],[12.0489489,46.598929],[12.0482516,46.5994657],[12.0472419,46.5994672],[12.0467613,46.5989342],[12.0462174,46.5992219],[12.0456037,46.599075],[12.0452818,46.5984042],[12.0431554,46.5985525],[12.0414388,46.5966762],[12.0405032,46.5968413],[12.0398842,46.5977009],[12.0388241,46.5987993],[12.0381542,46.5991792],[12.0379874,46.5992738],[12.0379583,46.5992903],[12.0380742,46.5982501],[12.0372976,46.5985922],[12.0371639,46.5988898],[12.0369509,46.599364],[12.0363686,46.5993399],[12.0340678,46.5992445],[12.0329844,46.5999611],[12.032315,46.5994089],[12.0290791,46.6014479],[12.0284268,46.6009319],[12.0295489,46.5996988],[12.0293693,46.5992113],[12.0284387,46.599733],[12.0279865,46.5999865],[12.0274204,46.6003039],[12.0271536,46.6004534],[12.0269194,46.6005847],[12.0262286,46.6004171],[12.0252307,46.6001749],[12.0266662,46.6001483],[12.0259517,46.5996721],[12.0264508,46.5993965],[12.0273951,46.5988751],[12.0283335,46.598357],[12.0275999,46.598037],[12.0267349,46.5976596],[12.0261512,46.5967853],[12.0256261,46.5962764],[12.0252381,46.5959004],[12.0245355,46.5952194],[12.0221985,46.5951899],[12.0221406,46.5946231],[12.0225314,46.5934497],[12.0243628,46.5925277],[12.0268951,46.5920553],[12.0273293,46.5912474],[12.0307118,46.5907129],[12.0311,46.589588],[12.0313001,46.589008],[12.0321107,46.5875945],[12.0341491,46.5871226],[12.0360803,46.5877714],[12.0380271,46.5886968],[12.038713,46.5894481],[12.0390506,46.5898179],[12.0429779,46.5908807],[12.0442236,46.5912178],[12.0466296,46.5918689],[12.0486193,46.592652],[12.0495419,46.5920553],[12.0509166,46.5921672],[12.0523094,46.5939198],[12.0524179,46.5949142],[12.0520667,46.5951555],[12.0516401,46.5954487],[12.0512531,46.5953423],[12.0505392,46.595146],[12.0491119,46.595897],[12.0482691,46.5961198],[12.0469725,46.5959543],[12.0456945,46.5958907],[12.0454814,46.5963998],[12.0450925,46.5966607],[12.0444164,46.5964634],[12.0431846,46.595967],[12.042027,46.5961389],[12.0420177,46.5966352],[12.0427864,46.5970171],[12.0429439,46.5974943],[12.0431939,46.5975516],[12.0434347,46.5980543],[12.0448239,46.5979143],[12.0454444,46.5976025],[12.0462131,46.597908],[12.0470188,46.5969471],[12.0484821,46.596368],[12.0493527,46.5966034],[12.0497416,46.5963107],[12.050436,46.5962721],[12.0507611,46.5963303],[12.0508142,46.5967037],[12.0510298,46.5965095],[12.0515786,46.5964571],[12.0530985,46.5967088],[12.0536917,46.5968069],[12.0546235,46.5968339],[12.0547586,46.5963941],[12.0553428,46.5963469],[12.0556273,46.5964448],[12.0580744,46.5972872],[12.058355,46.5963819],[12.0593125,46.595937],[12.059946,46.59578],[12.0610516,46.5959204],[12.0613059,46.5957469],[12.0614282,46.5956635],[12.0617829,46.5956982],[12.0621693,46.5957359],[12.0629785,46.595815],[12.0630944,46.5954166],[12.0638878,46.595198],[12.063095,46.5946203],[12.0624936,46.5941821],[12.0641137,46.5936597],[12.0641448,46.5926659],[12.0658903,46.5915703],[12.0674283,46.5911622],[12.0686015,46.5912393],[12.0684272,46.5904493],[12.0689073,46.5901709],[12.0687828,46.5897945],[12.0708058,46.5891088],[12.0725267,46.5886941],[12.0728249,46.5885208],[12.072656,46.5883147],[12.0724237,46.5883841],[12.0722643,46.5885791],[12.0716464,46.5886657],[12.0716131,46.5879745],[12.0723115,46.5872293],[12.0726269,46.5858689],[12.0746134,46.5851007],[12.0740695,46.5844591],[12.0737455,46.5836956],[12.0733142,46.5830445],[12.0733377,46.5827342],[12.0730583,46.5824638],[12.073069,46.5823163],[12.0727579,46.582213],[12.072392,46.5822523],[12.072141,46.582202],[12.0717751,46.5818467],[12.0717966,46.5813416],[12.072377,46.5811401],[12.0729714,46.5813748],[12.0729982,46.5816513],[12.0736097,46.5821048],[12.0738082,46.5824109],[12.0742803,46.5825436],[12.0743887,46.5827772],[12.0740925,46.5830155],[12.0747695,46.5831606],[12.0748436,46.5834211],[12.0756674,46.5841346],[12.0777747,46.5844966],[12.0773434,46.5842248],[12.0774684,46.5839986],[12.0789194,46.5843637],[12.0796242,46.5842954],[12.0791619,46.5840578],[12.0793046,46.5837258],[12.0798617,46.5835435],[12.0809687,46.5831813],[12.0812825,46.5832214],[12.0811371,46.5835044],[12.0823343,46.5833559],[12.0827228,46.584249],[12.0829024,46.5850661],[12.0829704,46.5853755],[12.0827177,46.5855746],[12.082686,46.5856758],[12.0826072,46.5859278],[12.0829015,46.5859059],[12.0832383,46.5854647],[12.0831962,46.585113],[12.0831823,46.584124],[12.0829583,46.5828803],[12.0833854,46.5826407],[12.0837743,46.5824224],[12.0832957,46.5813233],[12.0833885,46.5805151],[12.0835631,46.5804545],[12.0843225,46.580191],[12.0866201,46.5790435],[12.0867746,46.5796659],[12.0869028,46.5793468],[12.0871227,46.5790186],[12.0870744,46.5778313],[12.0875197,46.5771639],[12.0879059,46.5777686],[12.0882718,46.5778059],[12.0888835,46.5773674],[12.0895261,46.5782848],[12.0896065,46.5784434],[12.0902342,46.5783696],[12.0895002,46.5769203],[12.0899085,46.5761294],[12.0899026,46.5757654],[12.0885427,46.5740504],[12.0892733,46.5743675],[12.0900683,46.575525],[12.090579,46.5753937],[12.0910865,46.5759155],[12.0907733,46.5750934],[12.0906124,46.5746711],[12.091249,46.5748425],[12.0917238,46.5757223],[12.0913853,46.5762522],[12.0917313,46.5769557],[12.0925955,46.5772039],[12.0931003,46.5767496],[12.0936276,46.5768389],[12.0948646,46.5762142],[12.0961108,46.5758403],[12.096415,46.5755907],[12.0959708,46.5752363],[12.0954306,46.5741005],[12.0962571,46.5739685],[12.096423,46.5743288],[12.0976654,46.5737436],[12.0990006,46.5740194],[12.0995564,46.5739512],[12.1004837,46.5738851],[12.1005654,46.5738793],[12.0995945,46.573481],[12.0987772,46.5736048],[12.097383,46.572985],[12.0965668,46.5725746],[12.0974492,46.5726044],[12.0985334,46.57287],[12.0986739,46.572145],[12.0992544,46.5716833],[12.098101,46.5715136],[12.0976761,46.5708708],[12.0980295,46.5703606],[12.0983349,46.5699633],[12.099145,46.5700252],[12.0995446,46.5708837],[12.1003074,46.5707513],[12.1002768,46.5698888],[12.0989273,46.569592],[12.0992442,46.5693935],[12.0976257,46.5692426],[12.0961537,46.5677715],[12.095584,46.5660835],[12.0958374,46.5654522],[12.0967476,46.5660119],[12.0988788,46.5653001],[12.0991025,46.5643633],[12.098109,46.5645429],[12.0978376,46.5638849],[12.0981809,46.5631484],[12.102297,46.561725],[12.1041306,46.5618372],[12.1036306,46.5611478],[12.1058639,46.5614657],[12.1053623,46.5605872],[12.1029703,46.5597672],[12.1003589,46.5593028],[12.1007874,46.5587056],[12.1009517,46.5584897],[12.1010278,46.5583896],[12.1011439,46.5582371],[12.1013088,46.5580203],[12.1023978,46.5576116],[12.1021318,46.5569358],[12.1024246,46.5562925],[12.1034267,46.5555016],[12.1032933,46.5550036],[12.1037174,46.5541987],[12.101988,46.5541006],[12.1002703,46.5543071],[12.1012598,46.5537756],[12.1016757,46.5528891],[12.1010513,46.5531665],[12.1000729,46.55332],[12.1002756,46.5528891],[12.0988498,46.5520244],[12.0990622,46.5515426],[12.0999881,46.5512917],[12.1000377,46.5500932],[12.1014929,46.5488794],[12.1011136,46.5480791],[12.1003615,46.5477353],[12.1005986,46.5473531],[12.1014419,46.5471885],[12.1010341,46.5466498],[12.1006447,46.5453762],[12.1007375,46.543978],[12.1007681,46.5435167],[12.101191,46.5432792],[12.1002038,46.5427382],[12.1004001,46.5434879],[12.0993637,46.5445918],[12.0988337,46.544966],[12.0983934,46.545956],[12.0989056,46.5467923],[12.0995321,46.5481787],[12.0993905,46.54929],[12.0978917,46.5486399],[12.0964928,46.5487574],[12.0959573,46.5468683],[12.0944542,46.5462049],[12.094481,46.5466742],[12.0941699,46.5475397],[12.0935454,46.546106],[12.093564,46.5455304],[12.0927183,46.5438246],[12.0935379,46.5427883],[12.0942261,46.542235],[12.0947424,46.5416419],[12.0920451,46.5406067],[12.092692,46.5404512],[12.0933996,46.5398742],[12.0967336,46.5408138],[12.0984817,46.5413393],[12.0989288,46.5414908],[12.0990679,46.5418287],[12.0994987,46.5416623],[12.0991962,46.5413493],[12.0991304,46.5410475],[12.099144,46.5409766],[12.0992733,46.5403022],[12.099431,46.5404634],[12.0997667,46.5406784],[12.1003455,46.5404953],[12.1010864,46.5399458],[12.1017818,46.5394089],[12.1018553,46.5393522],[12.1018452,46.5388384],[12.1023364,46.5383471],[12.1022368,46.5375441],[12.1028047,46.537232],[12.10309,46.537711],[12.1027151,46.5380217],[12.1030755,46.5382226],[12.10334,46.5378516],[12.1041544,46.5379405],[12.1045092,46.5379793],[12.104814,46.5387487],[12.1061801,46.5382497],[12.1062128,46.5381764],[12.1063714,46.5378203],[12.1067398,46.5379244],[12.1071744,46.5381327],[12.1067093,46.5383355],[12.1065637,46.5384607],[12.1065928,46.538761],[12.1068111,46.5391915],[12.1063872,46.5395068],[12.1059888,46.5397522],[12.1051519,46.5393918],[12.1047007,46.5390313],[12.104526,46.5390514],[12.1044897,46.5393017],[12.1039438,46.539567],[12.1039366,46.5398172],[12.1040821,46.5400475],[12.1041767,46.5402778],[12.1043004,46.5406132],[12.1040021,46.5406682],[12.1038492,46.5407884],[12.1043407,46.5408952],[12.1047154,46.5414497],[12.1047081,46.5418658],[12.1046643,46.5420948],[12.1049117,46.54228],[12.1056104,46.5421148],[12.1057414,46.5417995],[12.105967,46.541349],[12.1063308,46.5412589],[12.1068985,46.5415292],[12.1073206,46.5418045],[12.1079391,46.5418996],[12.1083903,46.5414391],[12.1087469,46.5414141],[12.1088852,46.5411388],[12.1092927,46.5412389],[12.1097585,46.5412188],[12.1102533,46.5411938],[12.1104862,46.5410687],[12.1104134,46.5408034],[12.1100714,46.5407283],[12.1094674,46.5407783],[12.1084849,46.5405281],[12.1077572,46.5402277],[12.1073351,46.5394769],[12.1077354,46.5392466],[12.1083685,46.5392216],[12.1088706,46.5393868],[12.109431,46.5396721],[12.1101806,46.5395319],[12.1102533,46.5391865],[12.1099695,46.5389362],[12.1100932,46.5386759],[12.1104862,46.5385758],[12.1108719,46.5383806],[12.1116069,46.5382504],[12.1119854,46.5380202],[12.1116367,46.5381681],[12.111133,46.5381497],[12.1101469,46.53849],[12.110468,46.5381458],[12.1104627,46.5380462],[12.1102427,46.5376735],[12.1101998,46.5375443],[12.1102535,46.5374521],[12.1103768,46.5374447],[12.1105056,46.5374742],[12.1105914,46.5375406],[12.1112673,46.5380978],[12.1113961,46.5381126],[12.1115892,46.5380536],[12.1119433,46.5379133],[12.1120398,46.5378322],[12.1121149,46.5377953],[12.1122168,46.5377842],[12.1122973,46.5378137],[12.1123241,46.5378801],[12.1123241,46.5379576],[12.1122544,46.5380388],[12.1122104,46.5380836],[12.1118998,46.5383676],[12.11191,46.5385301],[12.112146,46.5386296],[12.1124515,46.5386074],[12.1132779,46.5384338],[12.1137441,46.5383384],[12.1140295,46.5381792],[12.114898,46.5376515],[12.1150428,46.5379986],[12.1152086,46.538106],[12.1154339,46.5380986],[12.1155637,46.5379541],[12.1156975,46.5376187],[12.1158582,46.5375728],[12.1165786,46.5370253],[12.116878,46.5369357],[12.1171301,46.5370314],[12.1173393,46.5374043],[12.1175335,46.5374844],[12.1176877,46.5374082],[12.1178956,46.5369756],[12.1182298,46.5368285],[12.1184665,46.5370048],[12.1199215,46.5370791],[12.1207046,46.5373325],[12.1210687,46.5377324],[12.1210136,46.5380581],[12.1209589,46.5381603],[12.1208718,46.5382673],[12.1207255,46.5384879],[12.1205031,46.5386191],[12.1200836,46.5387514],[12.1211353,46.540361],[12.1198862,46.541034],[12.1196468,46.5416124],[12.1205356,46.5419048],[12.1205411,46.5422776],[12.1204563,46.5426649],[12.1210765,46.5424093],[12.1213234,46.5421914],[12.1219188,46.5423708],[12.1233638,46.5419735],[12.123523,46.5429489],[12.1225968,46.5432574],[12.1238268,46.5436655],[12.1244201,46.5433868],[12.1248584,46.5431722],[12.1248121,46.5430587],[12.1249285,46.5431205],[12.1249983,46.543174],[12.1251029,46.5431851],[12.1252048,46.5431759],[12.1253094,46.5431888],[12.125363,46.5432533],[12.1254274,46.5433087],[12.1255267,46.5433437],[12.125634,46.5433696],[12.1257386,46.5433714],[12.1258405,46.5433493],[12.1259424,46.5433493],[12.126039,46.5433733],[12.1260899,46.5434397],[12.1260846,46.5435135],[12.1260872,46.5435854],[12.126165,46.5436352],[12.1263126,46.543674],[12.1264064,46.5436057],[12.126444,46.5436168],[12.1264842,46.5437607],[12.1264923,46.5438363],[12.126385,46.5438234],[12.1262804,46.5438252],[12.1260846,46.5438418],[12.1258405,46.5438474],[12.125532,46.543899],[12.1253148,46.5439544],[12.1251914,46.5439987],[12.1250519,46.5440706],[12.1249393,46.5441758],[12.1248534,46.5443012],[12.1248105,46.5443787],[12.1247998,46.5444303],[12.1248829,46.5444746],[12.1250465,46.5444728],[12.1251485,46.5444857],[12.1252558,46.5445097],[12.1253228,46.544517],[12.1255535,46.5444931],[12.1256688,46.5444672],[12.1257895,46.544399],[12.1258646,46.5443547],[12.1259156,46.5443584],[12.125929,46.5443898],[12.1258646,46.5444525],[12.1257573,46.5445134],[12.1256205,46.5445945],[12.1256125,46.5446702],[12.1256769,46.5447274],[12.1258405,46.5447569],[12.1260363,46.5447403],[12.1261167,46.5447476],[12.1262026,46.5447993],[12.126283,46.5448934],[12.1262965,46.5449598],[12.1262509,46.5450631],[12.1261597,46.5451351],[12.1261328,46.5452125],[12.1262535,46.5452513],[12.1262027,46.5453122],[12.1258941,46.5458047],[12.1255847,46.545987],[12.1251306,46.5452066],[12.1238684,46.5448391],[12.1233062,46.5451992],[12.123576,46.5455907],[12.1243082,46.5456361],[12.124585,46.5461592],[12.1253669,46.5462222],[12.1250877,46.5465236],[12.1259697,46.5463651],[12.1259773,46.5465112],[12.1260549,46.5466462],[12.1252263,46.5468322],[12.1239516,46.5469495],[12.1239348,46.5471062],[12.1238518,46.5472307],[12.1236438,46.5471357],[12.1234171,46.5470776],[12.1229554,46.5470576],[12.1228387,46.5472753],[12.1227113,46.5475486],[12.1223226,46.5476406],[12.1219468,46.5475922],[12.1208947,46.5475667],[12.1199983,46.5477297],[12.1205243,46.548061],[12.121117,46.548061],[12.1211022,46.548489],[12.1211689,46.5491667],[12.1199631,46.5502478],[12.1194669,46.5496719],[12.1183164,46.5495845],[12.1183016,46.5499616],[12.1199168,46.5507411],[12.1203465,46.550415],[12.1207466,46.5505577],[12.1197389,46.5517958],[12.1188573,46.5530543],[12.1194722,46.5531308],[12.1195241,46.5537269],[12.1207964,46.5551523],[12.1208429,46.5552044],[12.1214864,46.555317],[12.1216022,46.5565907],[12.1205314,46.557327],[12.1208642,46.5575658],[12.1216456,46.5575161],[12.1213851,46.5583221],[12.1232229,46.5591479],[12.123932,46.5578245],[12.1238596,46.557327],[12.1248002,46.5561727],[12.1254369,46.5562324],[12.1259,46.5554563],[12.1257441,46.5545778],[12.1264098,46.5540853],[12.1268551,46.5540631],[12.127087,46.5541106],[12.1273832,46.5541713],[12.1267802,46.554833],[12.1264583,46.5551761],[12.1263741,46.5555258],[12.1264277,46.5560938],[12.1264063,46.5562635],[12.1261917,46.5564996],[12.1259986,46.5567283],[12.1252368,46.5576357],[12.1246682,46.5583292],[12.124518,46.5587497],[12.1245824,46.5589932],[12.1246575,46.5592219],[12.1244858,46.5595391],[12.1244429,46.5602473],[12.1241318,46.5608223],[12.1238743,46.5611026],[12.1233807,46.5612207],[12.1230052,46.5612207],[12.1221469,46.5612059],[12.1215563,46.5613172],[12.1205955,46.5614923],[12.1201787,46.5617789],[12.119924,46.5625112],[12.1206186,46.5632276],[12.1211627,46.5636017],[12.1206302,46.564326],[12.1202654,46.5650918],[12.120602,46.5659786],[12.1205641,46.5662035],[12.1201041,46.5662785],[12.1194782,46.5664382],[12.119151,46.5668034],[12.118748,46.5672924],[12.1183402,46.567325],[12.1176384,46.5673543],[12.1171974,46.5678335],[12.1167996,46.5682049],[12.1167109,46.5685023],[12.1161479,46.5684138],[12.1158887,46.5685605],[12.115725,46.5688451],[12.11559,46.569056],[12.1149735,46.569646],[12.1140374,46.5712627],[12.1139898,46.5715465],[12.1141333,46.572515],[12.1139892,46.5730501],[12.1142627,46.5731717],[12.1135762,46.5736317],[12.1126964,46.5745994],[12.111798,46.575548],[12.1107237,46.5759873],[12.1106311,46.5765411],[12.1107885,46.5767257],[12.11077,46.5770313],[12.1109645,46.5770886],[12.1109275,46.5773942],[12.1107145,46.5779162],[12.1110756,46.5789283],[12.1108904,46.5793612],[12.1111034,46.5800232],[12.1112887,46.5811054],[12.1109089,46.5815255],[12.1109211,46.5821195],[12.111277,46.583372],[12.1107515,46.5830277],[12.1110096,46.5841592],[12.1113627,46.5855865],[12.1112238,46.5875024],[12.1109552,46.5882025],[12.1112516,46.5892272],[12.1113998,46.5899846],[12.1109552,46.5904301],[12.1104829,46.5906465],[12.1104459,46.5913147],[12.1106867,46.5922121],[12.1112979,46.5933767],[12.1115758,46.5937968],[12.1109645,46.5943632],[12.1103625,46.5949614],[12.1096309,46.5952541],[12.1088253,46.5954171],[12.1087611,46.5955113],[12.1079144,46.5967925],[12.1080302,46.5975382],[12.1078276,46.5977172],[12.106641,46.5978664],[12.1062069,46.5987513],[12.1064529,46.5989601],[12.1051071,46.5994175]],[[12.1099956,46.5425944],[12.1100315,46.5423141],[12.1101874,46.5422811],[12.1106908,46.542075],[12.1103792,46.5420173],[12.1097798,46.5420255],[12.1094561,46.5419019],[12.1092524,46.5420173],[12.1088688,46.5422894],[12.1085691,46.5426851],[12.1087969,46.5427841],[12.1090726,46.5428253],[12.1097079,46.5430397],[12.1099956,46.5425944]],[[12.1020154,46.5429622],[12.1024379,46.5426782],[12.1028604,46.5422489],[12.1036286,46.5415653],[12.1037678,46.5414596],[12.1040559,46.5416446],[12.1041327,46.5419352],[12.1036766,46.5423612],[12.1035518,46.5428565],[12.1032541,46.5433717],[12.1033261,46.5437284],[12.1031965,46.5440916],[12.1031677,46.5444582],[12.1029564,46.5447884],[12.1031044,46.5450011],[12.1029564,46.5451517],[12.1028076,46.5452441],[12.1027692,46.5455347],[12.1028124,46.5457361],[12.1024523,46.5462084],[12.1021594,46.5466608],[12.102121,46.546816],[12.1020202,46.54709],[12.1021228,46.547144],[12.1021834,46.5471759],[12.102337,46.5468193],[12.1028076,46.5463636],[12.1031581,46.5461192],[12.1033069,46.5453333],[12.1032013,46.5449634],[12.1034173,46.5445341],[12.1035038,46.5443327],[12.1038206,46.5441709],[12.1038495,46.5439166],[12.1042816,46.5437515],[12.1045776,46.54418],[12.1050364,46.544512],[12.1052703,46.5444954],[12.1057785,46.5443249],[12.1061693,46.5443006],[12.1068141,46.5442491],[12.1071127,46.5443005],[12.1074279,46.5443117],[12.1077295,46.5444732],[12.1078371,46.5444793],[12.1085958,46.5444228],[12.1090902,46.5444502],[12.1095923,46.5444918],[12.1099749,46.5444751],[12.110367,46.5444061],[12.1109261,46.5443543],[12.1115419,46.5442307],[12.1123389,46.5442765],[12.1135238,46.5443712],[12.1136722,46.5439856],[12.1134734,46.5437403],[12.1128919,46.5432159],[12.1132655,46.5432387],[12.11495,46.542414],[12.1155838,46.5421069],[12.1160351,46.5420574],[12.1162608,46.5420739],[12.1165153,46.5420144],[12.1169234,46.5420309],[12.1172498,46.5421234],[12.1172258,46.5423381],[12.1174035,46.542698],[12.1176388,46.5426848],[12.1179076,46.5429787],[12.1181045,46.5432726],[12.1183493,46.5433387],[12.1186566,46.5433519],[12.1188487,46.5435699],[12.1192664,46.5437284],[12.1195065,46.5441478],[12.1196073,46.544478],[12.1196841,46.5447224],[12.1199013,46.5447354],[12.1196841,46.5442654],[12.1195427,46.5436029],[12.1194323,46.5432048],[12.1193222,46.5430684],[12.1195692,46.5425667],[12.1197606,46.5423563],[12.1201643,46.5422756],[12.1198839,46.54193],[12.1196119,46.5417263],[12.1195797,46.5415529],[12.1196863,46.5411192],[12.1188867,46.5408629],[12.1186465,46.5406927],[12.1183773,46.5404625],[12.118028,46.5406227],[12.1176059,46.5406677],[12.1172566,46.5404925],[12.1177951,46.540087],[12.1182827,46.5399969],[12.1188503,46.5398368],[12.1193233,46.5395614],[12.1195271,46.539206],[12.1193524,46.5389357],[12.118581,46.5387105],[12.1180935,46.5385903],[12.1176059,46.5388807],[12.1169218,46.5389457],[12.1166962,46.5388556],[12.1162013,46.5391059],[12.1155682,46.5387805],[12.1155609,46.5392811],[12.1155245,46.5397216],[12.1161795,46.5398568],[12.1161577,46.5401771],[12.1154227,46.5401972],[12.1149132,46.5403423],[12.1138071,46.5400971],[12.1132467,46.5402823],[12.1126791,46.5404074],[12.1121624,46.5404274],[12.1116821,46.5405326],[12.1117694,46.5408779],[12.1119513,46.5410932],[12.1127373,46.5411432],[12.1132467,46.5413835],[12.1140982,46.5413435],[12.1148186,46.5416989],[12.1153572,46.5416238],[12.1154809,46.5419542],[12.1146003,46.5424197],[12.1140291,46.5425914],[12.1126354,46.5430103],[12.1120969,46.5431004],[12.1115511,46.5432606],[12.1106123,46.543596],[12.1100155,46.5437661],[12.1090695,46.5438512],[12.1083272,46.5438412],[12.1074757,46.5439013],[12.1065661,46.5438562],[12.1061585,46.5438913],[12.1056928,46.5440765],[12.105309,46.544055],[12.1049785,46.5438512],[12.1046739,46.5433757],[12.1047394,46.5425798],[12.1044411,46.5423546],[12.1046448,46.5419692],[12.1044702,46.5413735],[12.10423,46.5409931],[12.1036478,46.5410531],[12.1031166,46.5414686],[12.1028255,46.541849],[12.1019959,46.5426249],[12.1016102,46.5429302],[12.101528,46.5432533],[12.1020154,46.5429622]],[[12.1132575,46.5555968],[12.1133541,46.555346],[12.1137105,46.5553552],[12.1136574,46.5554333],[12.1136636,46.5554958],[12.1136761,46.5555864],[12.1137042,46.5556489],[12.1137448,46.555677],[12.1138261,46.5557012],[12.1139198,46.555702],[12.1140041,46.5556551],[12.1140697,46.5555864],[12.1140978,46.5555239],[12.1141072,46.5554583],[12.1141072,46.5553959],[12.1141103,46.5553302],[12.1141353,46.5552678],[12.1141822,46.5551803],[12.1142322,46.555096],[12.1142603,46.5549835],[12.1142572,46.554896],[12.1142009,46.5548335],[12.1141241,46.5547509],[12.114026,46.5547398],[12.1138484,46.5547474],[12.113807,46.5546897],[12.1136976,46.5546317],[12.1135571,46.5545796],[12.1134664,46.5545868],[12.1134225,46.5546133],[12.1133428,46.5546652],[12.1132471,46.5548027],[12.1131786,46.5548987],[12.1131397,46.5549533],[12.1130342,46.555131],[12.1129786,46.5553681],[12.1132575,46.5555968]],[[12.1045918,46.5583348],[12.106995,46.5586299],[12.1086687,46.5587922],[12.1088189,46.5592349],[12.1101493,46.5592496],[12.1114153,46.559707],[12.1126599,46.5601939],[12.1135611,46.5606217],[12.1145052,46.5610201],[12.1150202,46.5615955],[12.1151919,46.5616103],[12.1159,46.5613299],[12.1150417,46.5600906],[12.1125955,46.5591316],[12.1116513,46.5586152],[12.1099562,46.5578627],[12.1091408,46.558084],[12.1083469,46.5579364],[12.1070594,46.5579807],[12.105493,46.5579217],[12.1034116,46.5577889],[12.1027035,46.5580102],[12.1045918,46.5583348]]]},"properties":{"id":"18c859f4-f9bd-368e-9fa4-dacba881f89b","version":0,"sources":[{"property":"","dataset":"OpenStreetMap","license":"ODbL-1.0","record_id":"r9258256@3","update_time":"2024-10-04T10:55:19.000Z","confidence":null,"between":null}],"subtype":"forest","class":"forest","source_tags":[["landuse","forest"],["leaf_type","mixed"],["type","multipolygon"]]}}
{"type":"Feature","geometry":{"type":"Polygon","coordinates":[[[12.0083785,46.5187133],[12.0088182,46.5187231],[12.0130133,46.5188166],[12.0169186,46.5201898],[12.0250511,46.5181817],[12.0281195,46.5180193],[12.0292353,46.517724],[12.034707,46.5191267],[12.0382046,46.5194072],[12.0396423,46.5206032],[12.0559501,46.5223159],[12.0695972,46.5206032],[12.0767641,46.51892],[12.0853042,46.5144311],[12.0940685,46.5131145],[12.0958613,46.5154058],[12.1118688,46.5193334],[12.1326398,46.517975],[12.1384171,46.5138524],[12.1368885,46.5206623],[12.1341848,46.5227016],[12.1354723,46.5275127],[12.1378755,46.5283395],[12.1383905,46.5293138],[12.1362018,46.53203],[12.134335,46.5324138],[12.135837,46.5337129],[12.1328759,46.5390562],[12.1309876,46.5400008],[12.1307301,46.5459043],[12.1273613,46.5495347],[12.1285629,46.553637],[12.1230697,46.56128],[12.1200227,46.5618407],[12.1213531,46.5635521],[12.1189928,46.5673878],[12.1177392,46.5674494],[12.116769,46.5686165],[12.116371,46.5690819],[12.1165357,46.5695239],[12.1165542,46.5699559],[12.115302,46.5731408],[12.1120231,46.5769807],[12.1033399,46.5996189],[12.0979642,46.6001277],[12.0961189,46.5988008],[12.0932865,46.6004815],[12.0857763,46.5921068],[12.0866775,46.5906027],[12.0813989,46.5865032],[12.0783948,46.587388],[12.0743608,46.5850875],[12.0729017,46.5827573],[12.0659923,46.5782738],[12.0591259,46.5765333],[12.0574951,46.5768873],[12.0524311,46.5747043],[12.0444488,46.5621062],[12.0447492,46.5600112],[12.0429468,46.5591849],[12.0437622,46.5530172],[12.041316,46.5517482],[12.0405435,46.5487083],[12.0328617,46.5416539],[12.0222187,46.5384658],[12.02003,46.5308196],[12.0185709,46.5242648],[12.0083785,46.5187133]]]},"properties":{"id":"e182d97a-1163-3516-a81e-808fc14798a4","version":0,"sources":[{"property":"","dataset":"OpenStreetMap","license":"ODbL-1.0","record_id":"w888480943@5","update_time":"2025-08-29T19:02:48.000Z","confidence":null,"between":null}],"subtype":"physical","class":"mountain_range","names":{"primary":"Gruppo delle Tofane","common":null,"rules":null},"source_tags":[["description","SOIUSA: Alpi orientali / Alpi Sud-orientali / Dolomiti / Dolomiti di Sesto, di Braies e d'Ampezzo / Dolomiti Ampezzane / Gruppo delle Tofane"],["natural","mountain_range"],["place","region"],["wikipedia","it:Tofane"]]}}
{"type":"Feature","geometry":{"type":"Polygon","coordinates":[[[12.1019021,46.5373179],[12.1020454,46.5381378],[12.1016806,46.5386038],[12.1014657,46.5388502],[12.1007948,46.5388905],[12.1006841,46.5389891],[12.1009902,46.5391728],[12.1012898,46.5391638],[12.1015764,46.5393744],[12.1010293,46.5397284],[12.1003323,46.5401361],[12.0998113,46.5404049],[12.0993618,46.5400151],[12.0992055,46.5396432],[12.0985737,46.5392176],[12.0974664,46.539128],[12.0969063,46.5389264],[12.096943,46.538784],[12.0972515,46.5387696],[12.0974599,46.5389264],[12.0976618,46.5388144],[12.0981959,46.538783],[12.0989124,46.5388144],[12.0995117,46.5388726],[12.0999936,46.5389219],[12.1002998,46.5388771],[12.1004756,46.5386396],[12.1003454,46.5385679],[12.099681,46.5387068],[12.0991469,46.538671],[12.0986063,46.538559],[12.0981373,46.5385455],[12.0975185,46.5385859],[12.0973704,46.5385513],[12.0976125,46.5384656],[12.097762,46.5383511],[12.0978838,46.5382495],[12.0980802,46.5381539],[12.0981974,46.538091],[12.098374,46.5380598],[12.0985188,46.5379767],[12.0986786,46.5379078],[12.09873,46.5377167],[12.0989254,46.5376002],[12.0999871,46.5375957],[12.1003128,46.537645],[12.1007101,46.5376226],[12.1012182,46.5374882],[12.1015569,46.5373582],[12.1019021,46.5373179]]]},"properties":{"id":"ce8b24e5-1771-3549-9926-7473ecfdb551","version":0,"sources":[{"property":"","dataset":"OpenStreetMap","license":"ODbL-1.0","record_id":"w424713328@1","update_time":"2022-09-05T07:04:03.000Z","confidence":null,"between":null}],"subtype":"forest","class":"forest","source_tags":[["landuse","forest"]]}}
{"type":"Feature","geometry":{"type":"Polygon","coordinates":[[[12.1056047,46.5392357],[12.105279,46.5390296],[12.1052269,46.5387786],[12.105266,46.5386442],[12.1053511,46.5386466],[12.1054875,46.5386353],[12.1062155,46.5388477],[12.1060667,46.5392252],[12.1056047,46.5392357]]]},"properties":{"id":"aa175110-c7db-34e0-b08b-d1c5b1729ff0","version":0,"sources":[{"property":"","dataset":"OpenStreetMap","license":"ODbL-1.0","record_id":"w424716557@4","update_time":"2024-05-25T18:14:43.000Z","confidence":null,"between":null}],"subtype":"forest","class":"forest","source_tags":[["landuse","forest"]]}}
{"type":"Feature","geometry":{"type":"Polygon","coordinates":[[[12.0982388,46.5563954],[12.0983215,46.5561744],[12.0984153,46.5559236],[12.0975569,46.5553629],[12.0985011,46.5553186],[12.0990204,46.5553865],[12.0990161,46.5549645],[12.0994667,46.5551711],[12.099471,46.555416],[12.0996856,46.5556078],[12.099295,46.5558351],[12.0999817,46.5564253],[12.1004108,46.5562187],[12.1000718,46.5567735],[12.1004366,46.5568325],[12.0992521,46.5571778],[12.1002649,46.5577473],[12.0998958,46.5579598],[12.1006082,46.5579686],[12.1008829,46.5577385],[12.10073,46.5578837],[12.1005046,46.5580978],[12.1004323,46.5581664],[12.0994881,46.5580336],[12.0990161,46.5574139],[12.0984367,46.5570745],[12.0988873,46.5567942],[12.0986727,46.5564548],[12.0982221,46.55644],[12.0982388,46.5563954]]]},"properties":{"id":"ea3c1fad-eac2-35bf-a21d-0c74213a6630","version":0,"sources":[{"property":"","dataset":"OpenStreetMap","license":"ODbL-1.0","record_id":"w854304009@2","update_time":"2020-12-06T16:40:07.000Z","confidence":null,"between":null}],"subtype":"rock","class":"bare_rock","source_tags":[["natural","bare_rock"]]}}
{"type":"Feature","geometry":{"type":"Polygon","coordinates":[[[12.0964922,46.5582988],[12.0966128,46.5580188],[12.0970849,46.557709],[12.096763,46.5575024],[12.096248,46.5579008],[12.0957116,46.5576795],[12.0966128,46.5571925],[12.0975355,46.5572516],[12.0981148,46.5569565],[12.0963768,46.5570597],[12.0953296,46.5569063],[12.0956901,46.5566466],[12.0952181,46.5565433],[12.0954326,46.5562925],[12.0948147,46.5563013],[12.0935873,46.5559826],[12.0931581,46.5558941],[12.0933157,46.5551781],[12.093377,46.5548996],[12.0940808,46.5548317],[12.0932225,46.5545809],[12.0926217,46.5544481],[12.0923373,46.5543853],[12.091822,46.5541553],[12.0915496,46.5536737],[12.0911196,46.5529134],[12.0923642,46.5526331],[12.0935873,46.5527216],[12.0938662,46.5525445],[12.0943383,46.5525445],[12.0947889,46.5529577],[12.0946602,46.5523232],[12.0940379,46.5522494],[12.0938662,46.551792],[12.0942525,46.5517477],[12.0951751,46.5520871],[12.0952181,46.5523232],[12.0959519,46.5526419],[12.095776,46.5527954],[12.0966171,46.5532764],[12.0968531,46.5528928],[12.0961407,46.5524412],[12.0964841,46.5522789],[12.0973037,46.5523468],[12.0968274,46.5520576],[12.0961665,46.5521697],[12.0952867,46.5518746],[12.094746,46.5514821],[12.0951108,46.5514083],[12.0956043,46.5515706],[12.0963768,46.5517034],[12.0973252,46.551609],[12.0966986,46.5514968],[12.0969819,46.5512991],[12.0974711,46.5511574],[12.0969132,46.5510837],[12.0965098,46.5513434],[12.095776,46.5511132],[12.0953468,46.5510984],[12.0950035,46.5507],[12.0957116,46.5503163],[12.0974067,46.5502868],[12.0991663,46.5503015],[12.0995568,46.5501776],[12.0991877,46.5499769],[12.0973424,46.5497555],[12.0958403,46.5498293],[12.0955281,46.5499712],[12.0948147,46.5502956],[12.0942525,46.5501097],[12.0944683,46.5499459],[12.0948747,46.5496375],[12.0940808,46.5497998],[12.0936774,46.5501038],[12.0932268,46.5497792],[12.0932912,46.5492922],[12.0937418,46.5488199],[12.0934843,46.5485543],[12.0936517,46.5482503],[12.0941881,46.5480732],[12.0941699,46.5475397],[12.094481,46.5466742],[12.0944542,46.5462049],[12.0959573,46.5468683],[12.0964928,46.5487574],[12.0978917,46.5486399],[12.0993905,46.54929],[12.0995321,46.5481787],[12.0989056,46.5467923],[12.0983934,46.545956],[12.0988337,46.544966],[12.0993637,46.5445918],[12.1004001,46.5434879],[12.1002038,46.5427382],[12.101191,46.5432792],[12.1007681,46.5435167],[12.1007375,46.543978],[12.1006447,46.5453762],[12.1010341,46.5466498],[12.1014419,46.5471885],[12.1005986,46.5473531],[12.1003615,46.5477353],[12.1011136,46.5480791],[12.1014929,46.5488794],[12.1000377,46.5500932],[12.0999881,46.5512917],[12.0990622,46.5515426],[12.0988498,46.5520244],[12.1002756,46.5528891],[12.1000729,46.55332],[12.1010513,46.5531665],[12.1016757,46.5528891],[12.1012598,46.5537756],[12.1002703,46.5543071],[12.101988,46.5541006],[12.1037174,46.5541987],[12.1032933,46.5550036],[12.1034267,46.5555016],[12.1024246,46.5562925],[12.1021318,46.5569358],[12.1023978,46.5576116],[12.1013088,46.5580203],[12.1008829,46.5577385],[12.1006082,46.5579686],[12.0998958,46.5579598],[12.1002649,46.5577473],[12.0992521,46.5571778],[12.1004366,46.5568325],[12.1000718,46.5567735],[12.1004108,46.5562187],[12.0999817,46.5564253],[12.099295,46.5558351],[12.0996856,46.5556078],[12.099471,46.555416],[12.0994667,46.5551711],[12.0990161,46.5549645],[12.0990204,46.5553865],[12.0985011,46.5553186],[12.0975569,46.5553629],[12.0984153,46.5559236],[12.0983215,46.5561744],[12.0982388,46.5563954],[12.0982221,46.55644],[12.0986727,46.5564548],[12.0988873,46.5567942],[12.0984367,46.5570745],[12.0990161,46.5574139],[12.0994881,46.5580336],[12.1004323,46.5581664],[12.1004118,46.5582604],[12.1003972,46.5583273],[12.1003679,46.5584615],[12.0999817,46.5585795],[12.099295,46.5586385],[12.0985011,46.5582844],[12.0981269,46.5585456],[12.0986723,46.5586171],[12.0992388,46.5593242],[12.099992,46.5594212],[12.0993911,46.5590745],[12.099713,46.5588236],[12.1001958,46.5587573],[12.0999812,46.5592958],[12.1002473,46.5594127],[12.1003589,46.5593028],[12.1029703,46.5597672],[12.1053623,46.5605872],[12.1058639,46.5614657],[12.1036306,46.5611478],[12.1041306,46.5618372],[12.102297,46.561725],[12.0981809,46.5631484],[12.0978376,46.5638849],[12.098109,46.5645429],[12.0991025,46.5643633],[12.0988788,46.5653001],[12.0967476,46.5660119],[12.0958374,46.5654522],[12.095584,46.5660835],[12.0961537,46.5677715],[12.0976257,46.5692426],[12.0992442,46.5693935],[12.0989273,46.569592],[12.1002768,46.5698888],[12.1003074,46.5707513],[12.0995446,46.5708837],[12.099145,46.5700252],[12.0983349,46.5699633],[12.0980295,46.5703606],[12.0976761,46.5708708],[12.098101,46.5715136],[12.0992544,46.5716833],[12.0986739,46.572145],[12.0985334,46.57287],[12.0974492,46.5726044],[12.0965668,46.5725746],[12.097383,46.572985],[12.0987772,46.5736048],[12.0995945,46.573481],[12.1005654,46.5738793],[12.1004837,46.5738851],[12.0995564,46.5739512],[12.0990006,46.5740194],[12.0976654,46.5737436],[12.096423,46.5743288],[12.0962571,46.5739685],[12.0954306,46.5741005],[12.0959708,46.5752363],[12.096415,46.5755907],[12.0961108,46.5758403],[12.0948646,46.5762142],[12.0936276,46.5768389],[12.0931003,46.5767496],[12.0925955,46.5772039],[12.0917313,46.5769557],[12.0913853,46.5762522],[12.0917238,46.5757223],[12.091249,46.5748425],[12.0906124,46.5746711],[12.0920312,46.5745349],[12.0920608,46.5732846],[12.092632,46.5728607],[12.0922672,46.5727132],[12.0921385,46.5725141],[12.0926105,46.5723961],[12.0921492,46.5723223],[12.0921706,46.5719609],[12.0928787,46.5720421],[12.0928787,46.5718282],[12.0920848,46.5716733],[12.0934238,46.5716206],[12.0929753,46.5712676],[12.0926427,46.5713709],[12.092353,46.5711275],[12.0932006,46.5710242],[12.0926212,46.5704563],[12.0927607,46.570117],[12.0934881,46.5703815],[12.0937585,46.5703014],[12.0936083,46.570058],[12.0931791,46.5701023],[12.0929324,46.5698294],[12.093265,46.5694975],[12.0932221,46.5693131],[12.093898,46.5692615],[12.0942091,46.5695049],[12.0938443,46.5696155],[12.0947863,46.5697398],[12.0944773,46.5695786],[12.0945739,46.569291],[12.0934366,46.5688705],[12.0937907,46.5682731],[12.0946812,46.5683026],[12.0947992,46.5675134],[12.0942628,46.5676387],[12.0944752,46.5679696],[12.0941769,46.5681993],[12.0938658,46.5681256],[12.0940911,46.5679707],[12.0938121,46.5678748],[12.0934474,46.5669675],[12.0930611,46.5665987],[12.0932864,46.5665176],[12.0927929,46.5659422],[12.0928787,46.5656103],[12.0932414,46.5657198],[12.0935332,46.5657283],[12.0939709,46.5661772],[12.0942091,46.5661488],[12.0943894,46.5664943],[12.0942735,46.566584],[12.0943035,46.5669812],[12.0939624,46.5670708],[12.0943164,46.5671445],[12.0942284,46.5673869],[12.0947026,46.5670782],[12.0945846,46.5669528],[12.0946705,46.5667979],[12.094413,46.5666135],[12.0945064,46.5663206],[12.0945095,46.566311],[12.0942842,46.5660086],[12.0940053,46.5660602],[12.0935976,46.5656546],[12.0933723,46.5655955],[12.0936941,46.5654996],[12.0934366,46.5652784],[12.0929538,46.5654259],[12.0931448,46.5649896],[12.0934045,46.5648136],[12.0938207,46.5649969],[12.0936405,46.5645702],[12.0934903,46.5646735],[12.093265,46.5644153],[12.0930289,46.5648948],[12.0927285,46.5644079],[12.0928873,46.5651223],[12.0928122,46.5655723],[12.0925032,46.5660529],[12.0924174,46.5659496],[12.0924818,46.5656693],[12.0923852,46.565566],[12.0925247,46.5654259],[12.0922163,46.5651306],[12.0920554,46.5643155],[12.0923638,46.5643268],[12.0926084,46.5644732],[12.0930289,46.5639727],[12.0935761,46.5632941],[12.0941662,46.5637145],[12.0943593,46.5639432],[12.0939302,46.5630433],[12.0942735,46.5628072],[12.0947134,46.5640096],[12.095046,46.5644891],[12.0955695,46.5650338],[12.0956897,46.5653964],[12.0955717,46.5646882],[12.0950674,46.5641719],[12.0950245,46.563685],[12.0946383,46.5634859],[12.0944237,46.5628589],[12.0949575,46.5633012],[12.0956897,46.5630433],[12.0961918,46.5631381],[12.0963442,46.5627113],[12.0958239,46.5625377],[12.0958346,46.5623238],[12.0964729,46.562549],[12.0965265,46.5628072],[12.0971166,46.5626744],[12.0962905,46.562254],[12.0962261,46.5620179],[12.0958588,46.5621837],[12.0958935,46.5618851],[12.0965158,46.5618114],[12.09643,46.5614646],[12.0961832,46.5617376],[12.095679,46.5610589],[12.0959043,46.5607491],[12.0955073,46.5606532],[12.095915,46.5603581],[12.0956468,46.5602769],[12.0958292,46.5600261],[12.0954537,46.5597532],[12.095164,46.5595909],[12.0949279,46.5597163],[12.0942628,46.5594802],[12.0956989,46.5592042],[12.0959901,46.5591482],[12.0967197,46.5591999],[12.0979621,46.5594717],[12.0988204,46.5595308],[12.09805,46.5593622],[12.0977604,46.5593474],[12.0962154,46.5589048],[12.0963549,46.5588015],[12.0966961,46.5589332],[12.0967197,46.5586761],[12.0963227,46.5583663],[12.0964922,46.5582988]],[[12.0989084,46.5463028],[12.0991176,46.5463581],[12.0992839,46.5463581],[12.0996112,46.5462438],[12.0999062,46.5458637],[12.1000886,46.5457715],[12.1005017,46.5457641],[12.1005768,46.5457198],[12.1005875,46.5456165],[12.1005472,46.5453324],[12.1004373,46.5452329],[12.1000538,46.5451129],[12.0993135,46.5449634],[12.0990238,46.5450004],[12.0989138,46.5451258],[12.0988011,46.5454579],[12.0987636,46.5457494],[12.0988387,46.5461331],[12.0989084,46.5463028]]]},"properties":{"id":"cc8cd072-9c05-3b30-a315-6be35ce55537","version":0,"sources":[{"property":"","dataset":"OpenStreetMap","license":"ODbL-1.0","record_id":"r17888449@1","update_time":"2025-07-31T06:36:12.000Z","confidence":null,"between":null}],"subtype":"shrub","class":"scrub","source_tags":[["natural","scrub"],["type","multipolygon"]]}}
{"type":"Feature","geometry":{"type":"Polygon","coordinates":[[[12.099992,46.5594212],[12.0992388,46.5593242],[12.0986723,46.5586171],[12.0981269,46.5585456],[12.0985011,46.5582844],[12.099295,46.5586385],[12.0999817,46.5585795],[12.1003679,46.5584615],[12.1003262,46.5585332],[12.1001958,46.5587573],[12.099713,46.5588236],[12.0993911,46.5590745],[12.099992,46.5594212]]]},"properties":{"id":"72b25d2e-a376-3678-89ff-cb6024a9259d","version":0,"sources":[{"property":"","dataset":"OpenStreetMap","license":"ODbL-1.0","record_id":"w881639205@1","update_time":"2020-12-06T16:40:07.000Z","confidence":null,"between":null}],"subtype":"rock","class":"bare_rock","source_tags":[["natural","bare_rock"]]}}
{"type":"Feature","geometry":{"type":"Polygon","coordinates":[[[12.1003679,46.5584615],[12.1007323,46.5585689],[12.1009517,46.5584897],[12.1007874,46.5587056],[12.1003589,46.5593028],[12.1002473,46.5594127],[12.0999812,46.5592958],[12.1001958,46.5587573],[12.1003262,46.5585332],[12.1003679,46.5584615]]]},"properties":{"id":"2def529b-ccae-35a9-a028-a594a4de5598","version":0,"sources":[{"property":"","dataset":"OpenStreetMap","license":"ODbL-1.0","record_id":"w881639204@1","update_time":"2020-12-06T16:40:07.000Z","confidence":null,"between":null}],"subtype":"grass","class":"grassland","source_tags":[["natural","grassland"]]}}
{"type":"Feature","geometry":{"type":"Polygon","coordinates":[[[12.1009517,46.5584897],[12.1007323,46.5585689],[12.1003679,46.5584615],[12.1003972,46.5583273],[12.1004118,46.5582604],[12.1004323,46.5581664],[12.1005046,46.5580978],[12.10073,46.5578837],[12.1007736,46.5580115],[12.1007913,46.5580636],[12.1007216,46.5581964],[12.1011439,46.5582371],[12.1010278,46.5583896],[12.1009517,46.5584897]]]},"properties":{"id":"f502e007-036e-30d6-a10c-6d15c0a1c94a","version":0,"sources":[{"property":"","dataset":"OpenStreetMap","license":"ODbL-1.0","record_id":"w881639202@1","update_time":"2020-12-06T16:40:07.000Z","confidence":null,"between":null}],"subtype":"shrub","class":"scrub","source_tags":[["natural","scrub"]]}}
{"type":"Feature","geometry":{"type":"Polygon","coordinates":[[[12.1011439,46.5582371],[12.1007216,46.5581964],[12.1007913,46.5580636],[12.1007736,46.5580115],[12.10073,46.5578837],[12.1008829,46.5577385],[12.1013088,46.5580203],[12.1011439,46.5582371]]]},"properties":{"id":"d29b37d9-c964-3973-97c4-88705fa239c8","version":0,"sources":[{"property":"","dataset":"OpenStreetMap","license":"ODbL-1.0","record_id":"w881639203@1","update_time":"2020-12-06T16:40:07.000Z","confidence":null,"between":null}],"subtype":"grass","class":"grassland","source_tags":[["natural","grassland"]]}}
{"type":"Feature","geometry":{"type":"Polygon","coordinates":[[[12.1027035,46.5580102],[12.1034116,46.5577889],[12.105493,46.5579217],[12.1070594,46.5579807],[12.1083469,46.5579364],[12.1091408,46.558084],[12.1099562,46.5578627],[12.1116513,46.5586152],[12.1125955,46.5591316],[12.1150417,46.5600906],[12.1159,46.5613299],[12.1151919,46.5616103],[12.1150202,46.5615955],[12.1145052,46.5610201],[12.1135611,46.5606217],[12.1126599,46.5601939],[12.1114153,46.559707],[12.1101493,46.5592496],[12.1088189,46.5592349],[12.1086687,46.5587922],[12.106995,46.5586299],[12.1045918,46.5583348],[12.1027035,46.5580102]]]},"properties":{"id":"2efbf50b-ca65-372c-921d-2d3f3e097150","version":0,"sources":[{"property":"","dataset":"OpenStreetMap","license":"ODbL-1.0","record_id":"w424122526@1","update_time":"2016-06-10T16:52:47.000Z","confidence":null,"between":null}],"subtype":"rock","class":"bare_rock","names":{"primary":"Crepe de Cianderou","common":null,"rules":null},"source_tags":[["natural","bare_rock"]]}}
{"type":"Feature","geometry":{"type":"Polygon","coordinates":[[[12.1276993,46.5457051],[12.1279217,46.545509],[12.1281055,46.545341],[12.1285561,46.5450219],[12.1287116,46.5449647],[12.1288592,46.5449574],[12.128953,46.5450367],[12.129063,46.5451751],[12.1290672,46.5452928],[12.1291396,46.5453693],[12.129291,46.5454278],[12.1293527,46.5454683],[12.1293152,46.5455421],[12.1291395,46.5455459],[12.1290712,46.5456138],[12.128945,46.545817],[12.128827,46.5459443],[12.128799,46.5459135],[12.1287078,46.5458766],[12.1286058,46.5458527],[12.1285012,46.5458508],[12.1283832,46.5458564],[12.1280748,46.5459431],[12.1279326,46.5460501],[12.1278226,46.5461829],[12.1277997,46.5462616],[12.127867,46.5463962],[12.1279177,46.5464424],[12.1281847,46.5465297],[12.128461,46.5466846],[12.1285293,46.5465733],[12.1285897,46.5464743],[12.1287626,46.546269],[12.128945,46.5460255],[12.1291837,46.5458668],[12.1295753,46.5457672],[12.1300313,46.5458115],[12.1297363,46.545959],[12.1295056,46.5461398],[12.1294788,46.5463649],[12.1297255,46.5463243],[12.1307013,46.5458937],[12.1306536,46.5459922],[12.1304927,46.5460845],[12.1296558,46.5464276],[12.1292106,46.5467633],[12.1289652,46.5471056],[12.1285776,46.5470917],[12.1283898,46.5476709],[12.1285095,46.5480257],[12.1283898,46.5481838],[12.1282503,46.5484457],[12.1278265,46.548715],[12.1276871,46.5489807],[12.1275691,46.5493348],[12.1276442,46.5497702],[12.1276227,46.5499546],[12.1273437,46.5502424],[12.1274296,46.5505301],[12.1276656,46.550781],[12.1277407,46.5509618],[12.1275798,46.5512901],[12.1275744,46.551493],[12.1277032,46.551718],[12.1279714,46.5519837],[12.1280089,46.5522677],[12.1279446,46.5524817],[12.1280143,46.5526883],[12.1282396,46.5529871],[12.1283469,46.5531457],[12.1283684,46.5533339],[12.1282825,46.553522],[12.128143,46.5536622],[12.1278319,46.5538392],[12.1276012,46.553961],[12.1273832,46.5541713],[12.127087,46.5541106],[12.1274725,46.5537987],[12.1279928,46.5536216],[12.1282396,46.5533929],[12.1282396,46.5532269],[12.1279016,46.5528727],[12.127907,46.5526883],[12.1278426,46.5525997],[12.1270716,46.5518607],[12.1269575,46.5517125],[12.1268824,46.5514045],[12.1272526,46.5513491],[12.1274349,46.5510835],[12.1273867,46.5508917],[12.1268663,46.5503125],[12.1266893,46.5497333],[12.1265659,46.5490434],[12.1259812,46.5487003],[12.1267698,46.5487445],[12.1270809,46.5480878],[12.1273223,46.5477115],[12.1272901,46.5475492],[12.1275422,46.54735],[12.1274793,46.5470757],[12.1273291,46.5469724],[12.1270528,46.5467815],[12.1269093,46.5467354],[12.1269491,46.5466908],[12.127085,46.5466902],[12.1271199,46.5466016],[12.1272996,46.5465168],[12.1273667,46.5464485],[12.1273679,46.5463397],[12.1273693,46.5462216],[12.127482,46.5460187],[12.1276993,46.5457051]]]},"properties":{"id":"0171698b-3af0-3f67-998c-77d73cadcd9f","version":0,"sources":[{"property":"","dataset":"OpenStreetMap","license":"ODbL-1.0","record_id":"w666304035@5","update_time":"2024-11-04T21:28:25.000Z","confidence":null,"between":null}],"subtype":"forest","class":"forest","source_tags":[["landuse","forest"],["leaf_type","mixed"]]}}
{"type":"Feature","geometry":{"type":"Polygon","coordinates":[[[12.128827,46.5459443],[12.128945,46.5460255],[12.1287626,46.546269],[12.1285897,46.5464743],[12.1285293,46.5465733],[12.128461,46.5466846],[12.1281847,46.5465297],[12.1279177,46.5464424],[12.127867,46.5463962],[12.1277997,46.5462616],[12.1278226,46.5461829],[12.1279326,46.5460501],[12.1280748,46.5459431],[12.1283832,46.5458564],[12.1285012,46.5458508],[12.1286058,46.5458527],[12.1287078,46.5458766],[12.128799,46.5459135],[12.128827,46.5459443]]]},"properties":{"id":"8e4424ea-c122-3fff-9d71-4b2f954ad306","version":0,"sources":[{"property":"","dataset":"OpenStreetMap","license":"ODbL-1.0","record_id":"w1288541766@1","update_time":"2024-05-31T23:24:43.000Z","confidence":null,"between":null}],"subtype":"forest","class":"forest","source_tags":[["landuse","forest"],["leaf_type","mixed"]]}}
{"type":"Feature","geometry":{"type":"Polygon","coordinates":[[[12.1192287,46.5418526],[12.118941,46.5421741],[12.1182218,46.5423061],[12.1177303,46.5422236],[12.1177634,46.5422949],[12.1162799,46.5417207],[12.1163039,46.5413249],[12.1162799,46.541226],[12.1158244,46.5412424],[12.115273,46.5413909],[12.1146137,46.5413249],[12.1140623,46.5409951],[12.1137386,46.5408219],[12.1141342,46.5405498],[12.1144339,46.5403437],[12.1152849,46.5408797],[12.1157165,46.5407807],[12.1160162,46.5407312],[12.1163758,46.5410363],[12.1166155,46.5408632],[12.117059,46.5408549],[12.1172389,46.5406983],[12.1178622,46.540756],[12.1182817,46.5411023],[12.1192407,46.541127],[12.1192887,46.5413661],[12.1192632,46.5416488],[12.1192287,46.5418526]]]},"properties":{"id":"911db6a8-7213-3e16-95ad-9ba49021f73c","version":0,"sources":[{"property":"","dataset":"OpenStreetMap","license":"ODbL-1.0","record_id":"w424742700@5","update_time":"2020-09-25T15:14:32.000Z","confidence":null,"between":null}],"subtype":"forest","class":"forest","source_tags":[["landuse","forest"]]}}
{"type":"Feature","geometry":{"type":"Polygon","coordinates":[[[12.1097079,46.5430397],[12.1090726,46.5428253],[12.1087969,46.5427841],[12.1085691,46.5426851],[12.1088688,46.5422894],[12.1092524,46.5420173],[12.1094561,46.5419019],[12.1097798,46.5420255],[12.1103792,46.5420173],[12.1106908,46.542075],[12.1101874,46.5422811],[12.1100315,46.5423141],[12.1099956,46.5425944],[12.1097079,46.5430397]]]},"properties":{"id":"d266dec3-26fa-31f0-90c4-4893d9b085eb","version":0,"sources":[{"property":"","dataset":"OpenStreetMap","license":"ODbL-1.0","record_id":"w424743123@1","update_time":"2016-06-13T12:49:23.000Z","confidence":null,"between":null}],"subtype":"shrub","class":"scrub","source_tags":[["natural","scrub"]]}}
{"type":"Feature","geometry":{"type":"Polygon","coordinates":[[[12.1089491,46.5386002],[12.1095936,46.5386809],[12.1099925,46.5385432],[12.1101469,46.53849],[12.111133,46.5381497],[12.1116367,46.5381681],[12.1119854,46.5380202],[12.1116069,46.5382504],[12.1108719,46.5383806],[12.1104862,46.5385758],[12.1100932,46.5386759],[12.1099695,46.5389362],[12.1102533,46.5391865],[12.1101806,46.5395319],[12.109431,46.5396721],[12.1088706,46.5393868],[12.1083685,46.5392216],[12.1077354,46.5392466],[12.1073351,46.5394769],[12.1077572,46.5402277],[12.1084849,46.5405281],[12.1094674,46.5407783],[12.1100714,46.5407283],[12.1104134,46.5408034],[12.1104862,46.5410687],[12.1102533,46.5411938],[12.1097585,46.5412188],[12.1092927,46.5412389],[12.1088852,46.5411388],[12.1087469,46.5414141],[12.1083903,46.5414391],[12.1079391,46.5418996],[12.1073206,46.5418045],[12.1068985,46.5415292],[12.1063308,46.5412589],[12.105967,46.541349],[12.1057414,46.5417995],[12.1056104,46.5421148],[12.1049117,46.54228],[12.1046643,46.5420948],[12.1047081,46.5418658],[12.1047154,46.5414497],[12.1043407,46.5408952],[12.1038492,46.5407884],[12.1040021,46.5406682],[12.1043004,46.5406132],[12.1041767,46.5402778],[12.1040821,46.5400475],[12.1039366,46.5398172],[12.1039438,46.539567],[12.1044897,46.5393017],[12.104526,46.5390514],[12.1047007,46.5390313],[12.1051519,46.5393918],[12.1059888,46.5397522],[12.1063872,46.5395068],[12.1068111,46.5391915],[12.1065928,46.538761],[12.1065637,46.5384607],[12.1067093,46.5383355],[12.1071744,46.5381327],[12.1072748,46.538089],[12.1074443,46.5380151],[12.1082302,46.5379901],[12.1089491,46.5386002]]]},"properties":{"id":"9906c3ce-7a37-3b2e-9761-149ab011a2e1","version":0,"sources":[{"property":"","dataset":"OpenStreetMap","license":"ODbL-1.0","record_id":"w424742955@3","update_time":"2019-01-26T11:43:41.000Z","confidence":null,"between":null}],"subtype":"shrub","class":"scrub","source_tags":[["natural","scrub"]]}}
{"type":"Feature","geometry":{"type":"Polygon","coordinates":[[[12.1170231,46.5393625],[12.1166755,46.5391399],[12.1173827,46.5391481],[12.1178023,46.5391729],[12.11803,46.5392306],[12.1184616,46.5391152],[12.1188332,46.5390739],[12.1185095,46.5393213],[12.1183297,46.5395522],[12.1183776,46.5397501],[12.118078,46.5398902],[12.1177183,46.5400057],[12.1175385,46.5401788],[12.1171549,46.5399397],[12.1170351,46.5396758],[12.1170231,46.5393625]]]},"properties":{"id":"ece5fc9b-176e-3f5b-895b-1f177f0c5953","version":0,"sources":[{"property":"","dataset":"OpenStreetMap","license":"ODbL-1.0","record_id":"w424742703@1","update_time":"2016-06-13T12:45:37.000Z","confidence":null,"between":null}],"subtype":"forest","class":"forest","source_tags":[["landuse","forest"]]}}
{"type":"Feature","geometry":{"type":"Polygon","coordinates":[[[12.1235151,46.5412784],[12.1235952,46.5415137],[12.1239372,46.5415337],[12.1239226,46.5417639],[12.1233987,46.541834],[12.1229693,46.541809],[12.122962,46.5416188],[12.1230639,46.5415187],[12.1226418,46.5414386],[12.1223944,46.5416889],[12.122016,46.5418741],[12.1214119,46.5419792],[12.1209389,46.541809],[12.1205605,46.541784],[12.1204513,46.5416788],[12.1207424,46.5414736],[12.1211936,46.5415287],[12.1213173,46.5414586],[12.1214265,46.5413635],[12.1219286,46.5413985],[12.1223362,46.5413735],[12.1222561,46.5411533],[12.1224817,46.540958],[12.1226345,46.5407979],[12.1228019,46.5410531],[12.1231949,46.5408229],[12.1232589,46.5410552],[12.1233972,46.5411987],[12.1234205,46.5412484],[12.1235151,46.5412784]]]},"properties":{"id":"10c02da8-90df-3600-ba02-9695c6bccd80","version":0,"sources":[{"property":"","dataset":"OpenStreetMap","license":"ODbL-1.0","record_id":"w424742699@2","update_time":"2024-05-31T23:24:43.000Z","confidence":null,"between":null}],"subtype":"forest","class":"forest","source_tags":[["landuse","forest"]]}}
{"type":"Feature","geometry":{"type":"Polygon","coordinates":[[[12.1209449,46.5360379],[12.1202569,46.5358801],[12.1198852,46.5359019],[12.1192525,46.5358965],[12.1187384,46.5357006],[12.1184063,46.5354884],[12.1192129,46.5354721],[12.1197824,46.5354721],[12.1204151,46.5355102],[12.1207472,46.5356625],[12.1211506,46.5359182],[12.1215618,46.5359182],[12.1216962,46.5359237],[12.1215381,46.5360433],[12.1212217,46.5360433],[12.1209449,46.5360379]]]},"properties":{"id":"7b3e78cb-b077-34f6-8a74-c5c744ac96ab","version":0,"sources":[{"property":"","dataset":"OpenStreetMap","license":"ODbL-1.0","record_id":"w424715666@1","update_time":"2016-06-13T09:15:46.000Z","confidence":null,"between":null}],"subtype":"forest","class":"forest","source_tags":[["landuse","forest"]]}}
{"type":"Feature","geometry":{"type":"Polygon","coordinates":[[[12.1237991,46.535435],[12.1238255,46.5351767],[12.1239309,46.5350951],[12.1241127,46.5350785],[12.1242405,46.5350634],[12.1246226,46.5349818],[12.1248597,46.5348277],[12.125176,46.534864],[12.1259533,46.5346736],[12.1261509,46.5348186],[12.125782,46.5350543],[12.1254922,46.5351041],[12.1253077,46.5352356],[12.1247609,46.5353489],[12.1244381,46.5356162],[12.1241878,46.535444],[12.1237991,46.535435]]]},"properties":{"id":"7ea4767b-5fcc-3e82-bd46-330bf87f13a3","version":0,"sources":[{"property":"","dataset":"OpenStreetMap","license":"ODbL-1.0","record_id":"w140314194@4","update_time":"2019-01-26T16:12:44.000Z","confidence":null,"between":null}],"subtype":"forest","class":"forest","source_tags":[["landuse","forest"],["source","bing"]]}}
{"type":"Feature","geometry":{"type":"Polygon","coordinates":[[[12.1073696,46.5311928],[12.1075011,46.5310058],[12.1078518,46.5309334],[12.10815,46.531042],[12.1085621,46.5307403],[12.1085621,46.5305956],[12.1082815,46.5305714],[12.1085182,46.5304206],[12.109246,46.5304206],[12.1097195,46.5302095],[12.1101141,46.5300768],[12.1104122,46.5298777],[12.1107717,46.5299682],[12.1109558,46.5298958],[12.1107892,46.5296605],[12.1111049,46.5295399],[12.1109558,46.5293951],[12.1112014,46.5292926],[12.1133496,46.5295399],[12.1137529,46.529751],[12.1137793,46.529932],[12.1142966,46.5301793],[12.1146736,46.530686],[12.1150857,46.5310781],[12.1153663,46.5311807],[12.1158398,46.5313556],[12.116173,46.5316331],[12.1169183,46.5318925],[12.1175233,46.531983],[12.11833,46.5323871],[12.1186194,46.532731],[12.1189438,46.5329783],[12.1192595,46.5330989],[12.1198382,46.5331773],[12.12011,46.53331],[12.1201363,46.5334126],[12.1194611,46.5335272],[12.1189789,46.533491],[12.1187246,46.5334669],[12.1180845,46.53331],[12.1177338,46.5331653],[12.1174707,46.5328878],[12.1169359,46.5328456],[12.1163747,46.532743],[12.1155417,46.5328395],[12.1152523,46.5327129],[12.1147701,46.5327491],[12.1141738,46.5326948],[12.1134373,46.5327853],[12.1130076,46.5326405],[12.1125604,46.5324595],[12.112087,46.532369],[12.1113504,46.5322001],[12.1107892,46.531989],[12.1101842,46.5319408],[12.1099299,46.5318201],[12.109623,46.5317055],[12.1088602,46.5317839],[12.1083166,46.5317055],[12.1073696,46.5311928]]]},"properties":{"id":"79932bea-e551-352f-b9f9-438957682be8","version":0,"sources":[{"property":"","dataset":"OpenStreetMap","license":"ODbL-1.0","record_id":"w140314932@3","update_time":"2012-12-18T15:34:22.000Z","confidence":null,"between":null}],"subtype":"forest","class":"forest","source_tags":[["landuse","forest"],["source","bing"]]}}
{"type":"Feature","geometry":{"type":"Polygon","coordinates":[[[12.1131392,46.5283997],[12.1133233,46.5284661],[12.1136916,46.5287315],[12.11413,46.5289547],[12.1143054,46.5291478],[12.1148928,46.5292865],[12.1151033,46.5294253],[12.1156557,46.5296123],[12.1158837,46.5299803],[12.1163484,46.5302155],[12.1163659,46.5304206],[12.1166377,46.5306619],[12.1168131,46.5307826],[12.1172603,46.5311023],[12.1172778,46.5313496],[12.1173041,46.531428],[12.117462,46.5313134],[12.1176549,46.5313375],[12.1175847,46.5314823],[12.1175233,46.5317176],[12.1172164,46.5316753],[12.1168043,46.5313798],[12.1164624,46.5310842],[12.1160064,46.5307283],[12.1155505,46.5305835],[12.1147175,46.5300406],[12.1142264,46.5297691],[12.1133847,46.5291779],[12.1130778,46.5288763],[12.1131304,46.5285626],[12.1130427,46.5285144],[12.1131392,46.5283997]]]},"properties":{"id":"2ba768f9-65f0-37cd-a30f-3547734a44da","version":0,"sources":[{"property":"","dataset":"OpenStreetMap","license":"ODbL-1.0","record_id":"w140314928@3","update_time":"2012-12-18T15:34:23.000Z","confidence":null,"between":null}],"subtype":"forest","class":"forest","source_tags":[["landuse","forest"],["source","bing"]]}}
{"type":"Feature","geometry":{"type":"Polygon","coordinates":[[[12.1123939,46.5289427],[12.1124991,46.5287617],[12.1126218,46.5287195],[12.1129375,46.5288462],[12.1128849,46.5290754],[12.1126657,46.5291116],[12.1123939,46.5289427]]]},"properties":{"id":"2eef1f62-dd29-3b6f-87f5-102786ea9640","version":0,"sources":[{"property":"","dataset":"OpenStreetMap","license":"ODbL-1.0","record_id":"w140314935@3","update_time":"2012-12-18T15:34:22.000Z","confidence":null,"between":null}],"subtype":"forest","class":"forest","source_tags":[["landuse","forest"],["source","bing"]]}}
{"type":"Feature","geometry":{"type":"Polygon","coordinates":[[[12.1112703,46.5285433],[12.110757,46.5283056],[12.1105891,46.5281358],[12.1104213,46.5277147],[12.1108359,46.5278505],[12.111221,46.5282649],[12.1114974,46.5284347],[12.1115171,46.5285162],[12.1112703,46.5285433]]]},"properties":{"id":"c2c1937d-5ae3-32cb-a54c-6efd9ae5f50d","version":0,"sources":[{"property":"","dataset":"OpenStreetMap","license":"ODbL-1.0","record_id":"w424714872@1","update_time":"2016-06-13T09:08:18.000Z","confidence":null,"between":null}],"subtype":"forest","class":"forest","source_tags":[["landuse","forest"]]}}
{"type":"Feature","geometry":{"type":"Polygon","coordinates":[[[12.1106286,46.5291818],[12.1100955,46.5288082],[12.1093847,46.5286996],[12.1090688,46.5285433],[12.1086936,46.528326],[12.1082888,46.5282581],[12.1078446,46.5278981],[12.107578,46.5275652],[12.107193,46.5270558],[12.1075583,46.5269132],[12.1082296,46.5269335],[12.1085455,46.5272188],[12.1085258,46.5273547],[12.1082,46.5276671],[12.1086344,46.5279592],[12.1092267,46.5282513],[12.1095032,46.5284007],[12.1096611,46.5282377],[12.109286,46.5279252],[12.1093156,46.5278573],[12.1097697,46.527932],[12.1098487,46.5282105],[12.110056,46.5285026],[12.1104707,46.5286928],[12.1107372,46.5288558],[12.1108557,46.5291275],[12.1106286,46.5291818]]]},"properties":{"id":"142337a8-c1c9-335c-85ee-90a6f9db0a86","version":0,"sources":[{"property":"","dataset":"OpenStreetMap","license":"ODbL-1.0","record_id":"w424714871@1","update_time":"2016-06-13T09:08:17.000Z","confidence":null,"between":null}],"subtype":"forest","class":"forest","source_tags":[["landuse","forest"]]}}
{"type":"Feature","geometry":{"type":"Polygon","coordinates":[[[12.1083703,46.5349662],[12.1079906,46.535162],[12.1077771,46.535298],[12.1075319,46.5353687],[12.1073421,46.5353361],[12.1075399,46.5351457],[12.1079511,46.5349879],[12.1081884,46.5348846],[12.1084019,46.5348737],[12.1083703,46.5349662]]]},"properties":{"id":"993ef3df-c7f2-3676-ad93-b52676b55e63","version":0,"sources":[{"property":"","dataset":"OpenStreetMap","license":"ODbL-1.0","record_id":"w424715651@1","update_time":"2016-06-13T09:15:46.000Z","confidence":null,"between":null}],"subtype":"forest","class":"forest","source_tags":[["landuse","forest"]]}}
{"type":"Feature","geometry":{"type":"Polygon","coordinates":[[[12.1088606,46.5354177],[12.1086471,46.5353579],[12.1085601,46.535211],[12.1087103,46.535113],[12.1090029,46.5350695],[12.1092402,46.5351185],[12.1094221,46.5352491],[12.1095565,46.5354014],[12.1093351,46.5354504],[12.1088606,46.5354177]]]},"properties":{"id":"45541e10-48af-3aff-8cd1-9df04fee33b0","version":0,"sources":[{"property":"","dataset":"OpenStreetMap","license":"ODbL-1.0","record_id":"w424715649@1","update_time":"2016-06-13T09:15:46.000Z","confidence":null,"between":null}],"subtype":"forest","class":"forest","source_tags":[["landuse","forest"]]}}
{"type":"Feature","geometry":{"type":"Polygon","coordinates":[[[12.113234,46.5351294],[12.1126804,46.5352164],[12.1119845,46.5353252],[12.1124827,46.5354504],[12.1121348,46.5356081],[12.1114388,46.5356027],[12.1109485,46.5355918],[12.1101971,46.5354449],[12.1096435,46.5350641],[12.1095724,46.5349553],[12.1102446,46.5350042],[12.1110355,46.5350695],[12.1117472,46.535075],[12.1118263,46.5351185],[12.1126409,46.5350586],[12.1130126,46.5350586],[12.1132973,46.5350423],[12.113234,46.5351294]]]},"properties":{"id":"051ef1f5-11be-3d69-a75b-60b0be30401f","version":0,"sources":[{"property":"","dataset":"OpenStreetMap","license":"ODbL-1.0","record_id":"w424715646@1","update_time":"2016-06-13T09:15:45.000Z","confidence":null,"between":null}],"subtype":"forest","class":"forest","source_tags":[["landuse","forest"]]}}
{"type":"Feature","geometry":{"type":"Polygon","coordinates":[[[12.1075449,46.5319528],[12.1077203,46.5319166],[12.1078431,46.5319709],[12.1084569,46.5320373],[12.1086322,46.5319709],[12.1092635,46.531989],[12.1093249,46.5322182],[12.1096581,46.5323268],[12.1097984,46.5323932],[12.1101404,46.5322725],[12.1107016,46.532369],[12.1112978,46.5325983],[12.1117625,46.532731],[12.1121746,46.5326706],[12.1127007,46.532731],[12.112955,46.5329843],[12.1134724,46.5329421],[12.114244,46.5331412],[12.1143229,46.5333523],[12.1146385,46.5334488],[12.1150419,46.533292],[12.1152085,46.5332135],[12.1156644,46.5334066],[12.1161029,46.5333945],[12.1164098,46.5337021],[12.1161905,46.5338831],[12.1161642,46.5341304],[12.1159187,46.5341183],[12.1157872,46.5340339],[12.1158574,46.533865],[12.1156381,46.5334789],[12.1152699,46.5334789],[12.1147087,46.5338228],[12.1140598,46.533678],[12.1136477,46.5337625],[12.1133934,46.5335755],[12.1136828,46.5334669],[12.1142264,46.5332618],[12.1137003,46.5332618],[12.1132882,46.5333824],[12.1126832,46.5332075],[12.1121922,46.5332316],[12.1116047,46.5333643],[12.1109558,46.5336177],[12.1103947,46.533497],[12.109851,46.5335272],[12.1094301,46.5332075],[12.1090443,46.533117],[12.1085358,46.5329361],[12.1084393,46.5324656],[12.1082113,46.5322725],[12.1077642,46.5322786],[12.1075449,46.5319528]]]},"properties":{"id":"4cb6feba-094c-3058-b4af-a0fb41d80200","version":0,"sources":[{"property":"","dataset":"OpenStreetMap","license":"ODbL-1.0","record_id":"w140314930@3","update_time":"2012-12-18T15:34:22.000Z","confidence":null,"between":null}],"subtype":"forest","class":"forest","source_tags":[["landuse","forest"],["source","bing"]]}}
{"type":"Feature","geometry":{"type":"Polygon","coordinates":[[[12.1175047,46.5352599],[12.1171409,46.5351566],[12.1169115,46.5349825],[12.1166189,46.534841],[12.1169827,46.5348465],[12.117394,46.5349879],[12.1175047,46.5350858],[12.1178131,46.535162],[12.1175047,46.5352599]]]},"properties":{"id":"2185ac96-3217-3412-b956-efd7a83ecd74","version":0,"sources":[{"property":"","dataset":"OpenStreetMap","license":"ODbL-1.0","record_id":"w424715663@1","update_time":"2016-06-13T09:15:46.000Z","confidence":null,"between":null}],"subtype":"forest","class":"forest","source_tags":[["landuse","forest"]]}}
{"type":"Feature","geometry":{"type":"Polygon","coordinates":[[[12.1147797,46.5347073],[12.1140372,46.5347073],[12.1135161,46.5347252],[12.1132034,46.534761],[12.1123567,46.5348775],[12.1114709,46.5346625],[12.1107804,46.5345818],[12.1107544,46.5344564],[12.1111452,46.5343936],[12.1116402,46.5346177],[12.1122785,46.5347162],[12.1127475,46.5346804],[12.1135291,46.5346266],[12.1142195,46.5345729],[12.1148839,46.5345639],[12.1151184,46.5346266],[12.1147797,46.5347073]]]},"properties":{"id":"3aee8d88-14d9-37b3-b049-bafdee71d1c4","version":0,"sources":[{"property":"","dataset":"OpenStreetMap","license":"ODbL-1.0","record_id":"w424715669@1","update_time":"2016-06-13T09:15:46.000Z","confidence":null,"between":null}],"subtype":"forest","class":"forest","source_tags":[["landuse","forest"]]}}
{"type":"Feature","geometry":{"type":"Polygon","coordinates":[[[12.1156699,46.5372239],[12.1159163,46.5373219],[12.1156232,46.5375665],[12.1154677,46.5379724],[12.1153389,46.5380388],[12.1152102,46.5380462],[12.115119,46.5379761],[12.1150493,46.5377399],[12.1149956,46.5376366],[12.1149098,46.5375886],[12.1148238,46.5376149],[12.1147529,46.5373644],[12.1137304,46.5369564],[12.1132717,46.5372665],[12.1131543,46.5375554],[12.1125583,46.5375744],[12.1126642,46.538198],[12.1136908,46.5382022],[12.1139251,46.5381537],[12.1137564,46.5382491],[12.1136223,46.5382934],[12.1124314,46.5385517],[12.1121686,46.5385628],[12.112072,46.5385406],[12.1120237,46.5384816],[12.1119808,46.5384041],[12.1120076,46.5383377],[12.112072,46.538275],[12.1122758,46.5381384],[12.1123563,46.5380646],[12.1124153,46.5379392],[12.1123992,46.5378174],[12.1122973,46.5377399],[12.1121686,46.537703],[12.1120291,46.5377473],[12.1118735,46.537858],[12.1114444,46.538024],[12.1113049,46.5380425],[12.1111761,46.5379392],[12.1108596,46.5376698],[12.1105056,46.5373894],[12.1105861,46.5372602],[12.1107524,46.5372159],[12.1111976,46.5374078],[12.1113424,46.5372344],[12.1105968,46.537072],[12.1107112,46.5369192],[12.1108377,46.5368322],[12.1112411,46.5368322],[12.1114704,46.5368866],[12.1118105,46.536805],[12.1120003,46.5367832],[12.1118105,46.5366962],[12.1114625,46.5365602],[12.1113439,46.5364731],[12.1113439,46.536397],[12.1114942,46.5363154],[12.1119291,46.5365003],[12.1120952,46.5365275],[12.1120715,46.5364133],[12.1121506,46.5362773],[12.1126725,46.5363752],[12.1131945,46.5362229],[12.1139142,46.5362827],[12.1143096,46.5362066],[12.1143412,46.5365221],[12.114452,46.536669],[12.1145706,46.5366146],[12.1145785,46.5362338],[12.1152349,46.5360923],[12.1156145,46.5359509],[12.1159783,46.5358584],[12.1162393,46.53594],[12.1159467,46.5361358],[12.1158834,46.5363045],[12.116097,46.5364296],[12.1163342,46.536299],[12.1165319,46.5361413],[12.116785,46.5360379],[12.1169669,46.535755],[12.117133,46.5356244],[12.1178052,46.535706],[12.1181295,46.5358094],[12.1178527,46.5358965],[12.1175759,46.5360542],[12.1174889,46.5363154],[12.1174493,46.5364459],[12.1172279,46.5365003],[12.1169511,46.5364187],[12.1165952,46.5364296],[12.1162235,46.5365547],[12.1159388,46.5367506],[12.1157094,46.5370444],[12.1156699,46.5372239]]]},"properties":{"id":"7cce8506-34f4-374e-8074-0f9b844b92af","version":0,"sources":[{"property":"","dataset":"OpenStreetMap","license":"ODbL-1.0","record_id":"w666278593@1","update_time":"2019-01-26T11:43:39.000Z","confidence":null,"between":null}],"subtype":"forest","class":"forest","source_tags":[["landuse","forest"]]}}
{"type":"Feature","geometry":{"type":"Polygon","coordinates":[[[12.1104044,46.5364362],[12.1096488,46.5365258],[12.1090626,46.536705],[12.1082549,46.5365795],[12.1071737,46.536006],[12.1072909,46.5358089],[12.108281,46.5357909],[12.1091408,46.5357909],[12.1099745,46.5357193],[12.1106779,46.5359881],[12.1108864,46.53623],[12.1104044,46.5364362]]]},"properties":{"id":"30460f7d-8474-3379-80ed-b432593c2523","version":0,"sources":[{"property":"","dataset":"OpenStreetMap","license":"ODbL-1.0","record_id":"w424715645@1","update_time":"2016-06-13T09:15:45.000Z","confidence":null,"between":null}],"subtype":"forest","class":"forest","source_tags":[["landuse","forest"]]}}
{"type":"Feature","geometry":{"type":"Polygon","coordinates":[[[12.1074212,46.5370716],[12.1068914,46.5368811],[12.1066857,46.536805],[12.1063615,46.5366418],[12.1064722,46.536397],[12.1066462,46.5362882],[12.1072631,46.5365547],[12.1075478,46.5367343],[12.1078246,46.5368431],[12.108046,46.5369628],[12.1083544,46.5369845],[12.1084019,46.5370933],[12.1081646,46.5371151],[12.1077059,46.5370063],[12.1074212,46.5370716]]]},"properties":{"id":"26186f86-80dc-37b3-8e28-fb9d2f47cdb8","version":0,"sources":[{"property":"","dataset":"OpenStreetMap","license":"ODbL-1.0","record_id":"w424715655@1","update_time":"2016-06-13T09:15:46.000Z","confidence":null,"between":null}],"subtype":"forest","class":"forest","source_tags":[["landuse","forest"]]}}
{"type":"Feature","geometry":{"type":"Polygon","coordinates":[[[12.1064271,46.5376953],[12.10662,46.5372622],[12.1077198,46.5371269],[12.1097573,46.5375649],[12.1101054,46.5375897],[12.1103071,46.5379318],[12.11035,46.5379982],[12.1103768,46.5380757],[12.1103447,46.5381606],[12.1099925,46.5385432],[12.1095936,46.5386809],[12.1089491,46.5386002],[12.1082302,46.5379901],[12.1074443,46.5380151],[12.1072748,46.538089],[12.1069865,46.5379355],[12.1064271,46.5376953]]]},"properties":{"id":"f3f7a793-d875-3b3c-b5f7-f5489e1428f2","version":0,"sources":[{"property":"","dataset":"OpenStreetMap","license":"ODbL-1.0","record_id":"w666278591@1","update_time":"2019-01-26T11:43:39.000Z","confidence":null,"between":null}],"subtype":"forest","class":"forest","source_tags":[["landuse","forest"]]}}
{"type":"Feature","geometry":{"type":"Polygon","coordinates":[[[12.1021624,46.5361009],[12.101506,46.5362206],[12.1011027,46.5360955],[12.1013953,46.5356222],[12.1017116,46.5351543],[12.1022731,46.535089],[12.1028742,46.5351815],[12.103151,46.5354263],[12.1033092,46.5357255],[12.1023443,46.5357364],[12.1021624,46.5361009]]]},"properties":{"id":"31746d4b-27a1-3736-ba22-6f46da7d408d","version":0,"sources":[{"property":"","dataset":"OpenStreetMap","license":"ODbL-1.0","record_id":"w424716553@1","update_time":"2016-06-13T09:22:11.000Z","confidence":null,"between":null}],"subtype":"forest","class":"forest","source_tags":[["landuse","forest"]]}}
{"type":"Feature","geometry":{"type":"Polygon","coordinates":[[[12.106662,46.5358965],[12.1058632,46.5358421],[12.1056576,46.5358693],[12.1053175,46.5357224],[12.1055469,46.5355755],[12.1057762,46.5355592],[12.105966,46.5355918],[12.106401,46.5355864],[12.1065513,46.5356299],[12.106662,46.5358965]]]},"properties":{"id":"fe3a3aac-44b4-3480-8794-63ee98e3cb60","version":0,"sources":[{"property":"","dataset":"OpenStreetMap","license":"ODbL-1.0","record_id":"w424715653@1","update_time":"2016-06-13T09:15:46.000Z","confidence":null,"between":null}],"subtype":"forest","class":"forest","source_tags":[["landuse","forest"]]}}
{"type":"Feature","geometry":{"type":"Polygon","coordinates":[[[12.1008065,46.53455],[12.0998946,46.5343977],[12.0988134,46.5344514],[12.0985659,46.5341557],[12.097641,46.5333044],[12.0979145,46.5329907],[12.0990218,46.5336091],[12.100064,46.5339227],[12.1008586,46.5338331],[12.10151,46.5335015],[12.1022395,46.5334657],[12.1028257,46.5335463],[12.1033468,46.5338152],[12.1045713,46.5340392],[12.1055881,46.5343644],[12.1024695,46.5341994],[12.1016316,46.5344252],[12.1017952,46.5345729],[12.1008065,46.53455]]]},"properties":{"id":"37b736cf-b408-3801-a959-836448c2b55d","version":0,"sources":[{"property":"","dataset":"OpenStreetMap","license":"ODbL-1.0","record_id":"w425550644@1","update_time":"2016-06-17T14:13:33.000Z","confidence":null,"between":null}],"subtype":"forest","class":"forest","source_tags":[["landuse","forest"]]}}
{"type":"Feature","geometry":{"type":"Polygon","coordinates":[[[12.1022626,46.534995],[12.1011452,46.5349802],[12.0997904,46.5349174],[12.0992563,46.5347382],[12.0994126,46.5355178],[12.1000249,46.535939],[12.0989958,46.535491],[12.0983965,46.5348457],[12.0982011,46.534326],[12.0962601,46.5326053],[12.0953352,46.5318167],[12.0948923,46.5314582],[12.0939674,46.531279],[12.0936417,46.5309564],[12.0942931,46.5305979],[12.0946448,46.530562],[12.0951659,46.5307502],[12.0955567,46.5309026],[12.0959735,46.531046],[12.0956739,46.5313865],[12.0959475,46.5317092],[12.0965858,46.5318436],[12.0968333,46.5319511],[12.097146,46.5325247],[12.0978624,46.5326591],[12.0983184,46.5322021],[12.0991391,46.5322917],[12.1001161,46.5325426],[12.1008586,46.5329369],[12.101054,46.5330624],[12.1020701,46.5330265],[12.1027215,46.5330265],[12.1041544,46.5334567],[12.1052096,46.5337435],[12.1060173,46.5339765],[12.1064034,46.5341987],[12.1060958,46.5343913],[12.1055881,46.5343644],[12.1045713,46.5340392],[12.1033468,46.5338152],[12.1028257,46.5335463],[12.1022395,46.5334657],[12.10151,46.5335015],[12.1008586,46.5338331],[12.100064,46.5339227],[12.0990218,46.5336091],[12.0979145,46.5329907],[12.097641,46.5333044],[12.0985659,46.5341557],[12.0988134,46.5344514],[12.0998946,46.5343977],[12.1008065,46.53455],[12.1017952,46.5345729],[12.1021573,46.5348999],[12.1022626,46.534995]]]},"properties":{"id":"e0702105-7bd6-3630-aa62-122ed54d8f16","version":0,"sources":[{"property":"","dataset":"OpenStreetMap","license":"ODbL-1.0","record_id":"w424716360@2","update_time":"2020-01-28T17:09:25.000Z","confidence":null,"between":null}],"subtype":"grass","class":"grassland","source_tags":[["natural","grassland"]]}}
{"type":"Feature","geometry":{"type":"Polygon","coordinates":[[[12.1007626,46.5364491],[12.0999164,46.5364926],[12.0994102,46.5364926],[12.098999,46.5363512],[12.0989041,46.5362478],[12.0993628,46.5362206],[12.0997898,46.5362696],[12.1004462,46.5361444],[12.100897,46.5361444],[12.1007626,46.5364491]]]},"properties":{"id":"c10dc8bc-ec48-35e4-b973-83882e8bbc08","version":0,"sources":[{"property":"","dataset":"OpenStreetMap","license":"ODbL-1.0","record_id":"w424716555@1","update_time":"2016-06-13T09:22:11.000Z","confidence":null,"between":null}],"subtype":"forest","class":"forest","source_tags":[["landuse","forest"]]}}
{"type":"Feature","geometry":{"type":"Polygon","coordinates":[[[12.1063538,46.5291478],[12.1055838,46.5288218],[12.1052086,46.5287063],[12.1051691,46.5285773],[12.1054752,46.5285365],[12.1058108,46.5286384],[12.1059095,46.5287335],[12.1061465,46.5287403],[12.1064328,46.5288558],[12.1064328,46.528978],[12.1063538,46.5291478]]]},"properties":{"id":"e56858c4-4f81-305f-b350-602f1a935026","version":0,"sources":[{"property":"","dataset":"OpenStreetMap","license":"ODbL-1.0","record_id":"w424714870@1","update_time":"2016-06-13T09:08:17.000Z","confidence":null,"between":null}],"subtype":"forest","class":"forest","source_tags":[["landuse","forest"]]}}
{"type":"Feature","geometry":{"type":"Polygon","coordinates":[[[12.1065513,46.528326],[12.1057417,46.5282716],[12.1051691,46.5281222],[12.1043299,46.527803],[12.1039647,46.5273071],[12.1037968,46.527083],[12.1041226,46.5270626],[12.104942,46.5272868],[12.1052974,46.5274498],[12.1057911,46.5277894],[12.1058898,46.5279117],[12.106186,46.5279117],[12.1063341,46.5278913],[12.1062551,46.5275517],[12.1065216,46.5275313],[12.1069067,46.5277351],[12.1070745,46.5279796],[12.1070943,46.5281901],[12.1065513,46.528326]]]},"properties":{"id":"6b120906-914a-35f1-b567-763485078c25","version":0,"sources":[{"property":"","dataset":"OpenStreetMap","license":"ODbL-1.0","record_id":"w424714868@1","update_time":"2016-06-13T09:08:17.000Z","confidence":null,"between":null}],"subtype":"forest","class":"forest","source_tags":[["landuse","forest"]]}}
{"type":"Feature","geometry":{"type":"Polygon","coordinates":[[[12.1078248,46.5265328],[12.1071831,46.5263154],[12.1069165,46.5261592],[12.1065809,46.5261592],[12.1061366,46.5259418],[12.1057417,46.5258196],[12.1053764,46.5257652],[12.105643,46.5255954],[12.1062847,46.5255682],[12.1067388,46.5256973],[12.1070844,46.525772],[12.1074102,46.5259622],[12.1075484,46.5262271],[12.1078248,46.5265328]]]},"properties":{"id":"50914651-30bb-3f69-8ef6-e088096a9674","version":0,"sources":[{"property":"","dataset":"OpenStreetMap","license":"ODbL-1.0","record_id":"w424714866@1","update_time":"2016-06-13T09:08:17.000Z","confidence":null,"between":null}],"subtype":"forest","class":"forest","source_tags":[["landuse","forest"]]}}
{"type":"Feature","geometry":{"type":"Polygon","coordinates":[[[12.1029182,46.5271441],[12.1022666,46.5269675],[12.1019013,46.5268996],[12.1015854,46.5267298],[12.101615,46.5266347],[12.1019704,46.5266686],[12.1023159,46.5267569],[12.1026911,46.5269064],[12.1029182,46.5271441]]]},"properties":{"id":"2fb3d0e3-88f3-36a1-babd-f9cbc82d68c8","version":0,"sources":[{"property":"","dataset":"OpenStreetMap","license":"ODbL-1.0","record_id":"w424714869@1","update_time":"2016-06-13T09:08:17.000Z","confidence":null,"between":null}],"subtype":"forest","class":"forest","source_tags":[["landuse","forest"]]}}
{"type":"Feature","geometry":{"type":"Polygon","coordinates":[[[12.1064229,46.5252898],[12.1060083,46.5251199],[12.1057318,46.525018],[12.1053962,46.5248143],[12.1054258,46.5246105],[12.1053666,46.5244135],[12.1055936,46.5242844],[12.1058306,46.5242097],[12.1062156,46.5243116],[12.1062748,46.5246309],[12.1063637,46.5249094],[12.1064723,46.5250588],[12.1064229,46.5252898]]]},"properties":{"id":"01edde70-baf5-32fc-ab76-cd5f8d6f1d8e","version":0,"sources":[{"property":"","dataset":"OpenStreetMap","license":"ODbL-1.0","record_id":"w424714867@1","update_time":"2016-06-13T09:08:17.000Z","confidence":null,"between":null}],"subtype":"forest","class":"forest","source_tags":[["landuse","forest"]]}}
{"type":"Feature","geometry":{"type":"Polygon","coordinates":[[[12.1007399,46.523153],[12.1012494,46.5229922],[12.1014951,46.5230334],[12.1018307,46.523219],[12.1023342,46.5232438],[12.1025979,46.5233427],[12.102526,46.5234458],[12.1023342,46.5234871],[12.1020465,46.5235737],[12.101579,46.5236149],[12.1013692,46.523483],[12.1007399,46.523153]]]},"properties":{"id":"144776f3-22b1-3d17-9be6-1a4070d071bf","version":0,"sources":[{"property":"","dataset":"OpenStreetMap","license":"ODbL-1.0","record_id":"w424714863@1","update_time":"2016-06-13T09:08:17.000Z","confidence":null,"between":null}],"subtype":"forest","class":"forest","source_tags":[["landuse","forest"]]}}
{"type":"Feature","geometry":{"type":"Polygon","coordinates":[[[12.1026579,46.523751],[12.1026639,46.5235324],[12.1027478,46.5234582],[12.1027238,46.5233015],[12.1028796,46.5232149],[12.1031254,46.5235613],[12.103455,46.5236108],[12.1038146,46.5234747],[12.1043121,46.5230871],[12.1046537,46.5232149],[12.1049294,46.5233634],[12.1051332,46.5235201],[12.1049055,46.5237139],[12.1046357,46.5241222],[12.1042282,46.5244397],[12.1037667,46.5244191],[12.1032812,46.5242624],[12.1031014,46.5240273],[12.1028497,46.5238459],[12.1026579,46.523751]]]},"properties":{"id":"6a97f498-2ead-30fb-920f-5fc4a98dfeec","version":0,"sources":[{"property":"","dataset":"OpenStreetMap","license":"ODbL-1.0","record_id":"w424714864@1","update_time":"2016-06-13T09:08:17.000Z","confidence":null,"between":null}],"subtype":"forest","class":"forest","source_tags":[["landuse","forest"]]}}
{"type":"Feature","geometry":{"type":"Polygon","coordinates":[[[12.1077063,46.5254867],[12.1072818,46.5255003],[12.1070251,46.5253848],[12.1069659,46.5251471],[12.1067388,46.5249501],[12.1067092,46.5248278],[12.106729,46.5245222],[12.1065414,46.5243659],[12.106265,46.5241418],[12.1066796,46.5242844],[12.1074793,46.5244203],[12.1079927,46.5243659],[12.1084073,46.5243456],[12.1086344,46.5242641],[12.1085455,46.5241622],[12.1078544,46.524169],[12.1076175,46.5239244],[12.1077952,46.5237342],[12.1079927,46.5235916],[12.1082395,46.5236935],[12.1084468,46.5236595],[12.1086442,46.5234897],[12.1089799,46.523347],[12.1093452,46.5229938],[12.1094834,46.5229259],[12.1098981,46.5229802],[12.1099375,46.5232315],[12.1096117,46.5234285],[12.1098388,46.5235848],[12.1097105,46.5237682],[12.1090688,46.5239108],[12.1088219,46.5240059],[12.1089207,46.5241486],[12.1091971,46.5241622],[12.1098882,46.5241418],[12.1103522,46.5241893],[12.110056,46.5244135],[12.1098783,46.5245493],[12.1092366,46.5242641],[12.1087923,46.5243863],[12.1085949,46.5245629],[12.1082,46.5245629],[12.1075583,46.5246037],[12.1073312,46.5245629],[12.1072621,46.5247871],[12.1073312,46.5248618],[12.1076175,46.5247871],[12.107963,46.5249909],[12.108042,46.5252014],[12.108121,46.5253169],[12.1082098,46.525412],[12.1080519,46.5254935],[12.1079137,46.5255139],[12.1077063,46.5254867]]]},"properties":{"id":"1ca050fb-c12c-3d37-8c99-cdf353800fc0","version":0,"sources":[{"property":"","dataset":"OpenStreetMap","license":"ODbL-1.0","record_id":"w424714865@1","update_time":"2016-06-13T09:08:17.000Z","confidence":null,"between":null}],"subtype":"forest","class":"forest","source_tags":[["landuse","forest"]]}}
{"type":"Feature","geometry":{"type":"Polygon","coordinates":[[[12.1109939,46.5259622],[12.1106286,46.525935],[12.1103917,46.5261049],[12.1100758,46.5261049],[12.1101942,46.5259283],[12.1103028,46.52584],[12.1105793,46.5257584],[12.1106484,46.5256362],[12.1109742,46.5256498],[12.1110828,46.5257177],[12.1113197,46.5257652],[12.1111914,46.5259011],[12.1113888,46.5258943],[12.1114382,46.525969],[12.1113296,46.5260301],[12.1111519,46.5261592],[12.1110334,46.5260913],[12.1109939,46.5259622]]]},"properties":{"id":"8b26560f-f498-3553-8404-f12130f8ef7b","version":0,"sources":[{"property":"","dataset":"OpenStreetMap","license":"ODbL-1.0","record_id":"w424714873@1","update_time":"2016-06-13T09:08:18.000Z","confidence":null,"between":null}],"subtype":"forest","class":"forest","source_tags":[["landuse","forest"]]}}
{"type":"Feature","geometry":{"type":"Point","coordinates":[12.1237073,46.523577]},"properties":{"id":"3846c5e8-9330-3800-a125-e4eac170b1c7","version":0,"sources":[{"property":"","dataset":"OpenStreetMap","license":"ODbL-1.0","record_id":"n9904816635@1","update_time":"2022-07-22T19:55:42.000Z","confidence":null,"between":null}],"subtype":"physical","class":"cave_entrance","names":{"primary":"Grotte di Volp\u00e8ra","common":null,"rules":null},"source_tags":[["access","yes"],["fee","no"],["natural","cave_entrance"],["opening_hours","24/7"],["wheelchair","no"]]}}
{"type":"Feature","geometry":{"type":"Point","coordinates":[12.1249564,46.5213583]},"properties":{"id":"761fe445-f336-3521-8aa9-67049c7ba923","version":0,"sources":[{"property":"","dataset":"OpenStreetMap","license":"ODbL-1.0","record_id":"n11029901946@1","update_time":"2023-07-06T11:25:45.000Z","confidence":null,"between":null}],"subtype":"physical","class":"cave_entrance","source_tags":[["natural","cave_entrance"]]}}
{"type":"Feature","geometry":{"type":"Polygon","coordinates":[[[12.1069765,46.5077562],[12.1070006,46.5077461],[12.1070449,46.5077498],[12.1070798,46.5077719],[12.1071388,46.5077821],[12.1072152,46.5077858],[12.1073104,46.5077562],[12.1073493,46.5076971],[12.1073171,46.5076621],[12.1072702,46.5076205],[12.1071871,46.5075892],[12.1071643,46.5075402],[12.1071428,46.5075098],[12.1071736,46.507483],[12.1072689,46.5074682],[12.1073775,46.5074064],[12.1074486,46.5073981],[12.1075398,46.5073999],[12.1076283,46.5074387],[12.1077463,46.5073925],[12.107867,46.5073889],[12.1079689,46.5074498],[12.108036,46.5075568],[12.1080708,46.5076159],[12.1079501,46.5076639],[12.1078563,46.5077027],[12.1076685,46.5077341],[12.1075076,46.5077765],[12.107403,46.5078374],[12.107462,46.5080202],[12.1075183,46.5081845],[12.1075988,46.5083451],[12.1075398,46.5084706],[12.10758,46.5085334],[12.1076095,46.5086165],[12.1075049,46.5086515],[12.1072876,46.5086146],[12.1072179,46.5084799],[12.1073037,46.5083968],[12.1072447,46.5083193],[12.1070811,46.5082694],[12.1069765,46.508238],[12.1069229,46.5081679],[12.1069604,46.5080793],[12.1069926,46.5079537],[12.1069872,46.5078541],[12.1069711,46.5077802],[12.1069765,46.5077562]]]},"properties":{"id":"6e27b709-ddd1-380f-8886-4212e00202d5","version":0,"sources":[{"property":"","dataset":"OpenStreetMap","license":"ODbL-1.0","record_id":"w1303845258@2","update_time":"2024-08-26T16:39:15.000Z","confidence":null,"between":null}],"subtype":"rock","class":"bare_rock","source_tags":[["natural","bare_rock"]]}}
{"type":"Feature","geometry":{"type":"Point","coordinates":[12.1081419,46.5064193]},"properties":{"id":"8b35a0aa-6073-32e6-af36-29d461634ca0","version":0,"sources":[{"property":"","dataset":"OpenStreetMap","license":"ODbL-1.0","record_id":"n3213847244@6","update_time":"2024-07-25T21:47:11.000Z","confidence":null,"between":null}],"subtype":"physical","class":"peak","names":{"primary":"Becco d'Aial","common":null,"rules":null},"source_tags":[["ele","1845"],["natural","peak"]],"elevation":1845}}
{"type":"Feature","geometry":{"type":"Polygon","coordinates":[[[12.1085697,46.5067741],[12.1081567,46.5067298],[12.1078294,46.5066707],[12.1076363,46.5064603],[12.1075183,46.506272],[12.1073896,46.5060726],[12.1073735,46.5059323],[12.1075129,46.5059803],[12.1077007,46.5060837],[12.1078885,46.5061317],[12.1080279,46.5060689],[12.1081218,46.5060781],[12.1081647,46.5059766],[12.1082827,46.5059581],[12.108382,46.5059286],[12.1085778,46.5059378],[12.1087629,46.5059544],[12.1089452,46.5060689],[12.1090901,46.5063864],[12.1091357,46.5065526],[12.109184,46.506704],[12.109015,46.506763],[12.1085697,46.5067741]]]},"properties":{"id":"8f2412fc-44ad-39f2-9f04-ebdfa7922cbc","version":0,"sources":[{"property":"","dataset":"OpenStreetMap","license":"ODbL-1.0","record_id":"w1303845266@1","update_time":"2024-07-26T08:24:52.000Z","confidence":null,"between":null}],"subtype":"rock","class":"bare_rock","source_tags":[["natural","bare_rock"]]}}
{"type":"Feature","geometry":{"type":"Polygon","coordinates":[[[12.1074271,46.5057588],[12.1072715,46.5056332],[12.1072662,46.5055225],[12.1073091,46.5054634],[12.107411,46.5053637],[12.1075934,46.5053046],[12.1079475,46.5054892],[12.1080762,46.5055963],[12.1080145,46.5056461],[12.1078885,46.5056997],[12.1077597,46.5057698],[12.1076551,46.5058271],[12.1074271,46.5057588]]]},"properties":{"id":"1f99bda4-74a8-3ce7-8515-514adabd047a","version":0,"sources":[{"property":"","dataset":"OpenStreetMap","license":"ODbL-1.0","record_id":"w1303845265@1","update_time":"2024-07-26T08:24:52.000Z","confidence":null,"between":null}],"subtype":"rock","class":"bare_rock","source_tags":[["natural","bare_rock"]]}}
{"type":"Feature","geometry":{"type":"Polygon","coordinates":[[[12.1080628,46.5054468],[12.1079126,46.5053785],[12.1078107,46.5053157],[12.1077812,46.5052289],[12.1077195,46.5051717],[12.1078348,46.5051237],[12.1079113,46.5050803],[12.1079689,46.5051292],[12.1081808,46.5050738],[12.1082559,46.5050978],[12.1083149,46.5052197],[12.1083471,46.505336],[12.1082774,46.5053914],[12.108162,46.5054117],[12.1080628,46.5054468]]]},"properties":{"id":"93c9906c-c2d7-3111-92b5-aa7ad55fcecc","version":0,"sources":[{"property":"","dataset":"OpenStreetMap","license":"ODbL-1.0","record_id":"w1303845263@1","update_time":"2024-07-26T08:24:52.000Z","confidence":null,"between":null}],"subtype":"rock","class":"bare_rock","source_tags":[["natural","bare_rock"]]}}
{"type":"Feature","geometry":{"type":"Polygon","coordinates":[[[12.1117777,46.5059212],[12.11137,46.5061612],[12.1112251,46.5062277],[12.1110481,46.5061686],[12.1108174,46.5061649],[12.1106565,46.5060615],[12.1106565,46.5059101],[12.1107477,46.5058068],[12.1108282,46.5057108],[12.110855,46.5055114],[12.1109408,46.5054043],[12.1110588,46.5053563],[12.1112037,46.5052935],[12.1115148,46.5054043],[12.111724,46.5054745],[12.1117991,46.5055926],[12.1115953,46.5056332],[12.111488,46.5056701],[12.1115363,46.5058105],[12.1116811,46.5057551],[12.1117991,46.5057625],[12.1118045,46.5058252],[12.1117777,46.5059212]]]},"properties":{"id":"71747686-0d06-31e8-a258-4141f2e021c9","version":0,"sources":[{"property":"","dataset":"OpenStreetMap","license":"ODbL-1.0","record_id":"w1303845264@1","update_time":"2024-07-26T08:24:52.000Z","confidence":null,"between":null}],"subtype":"rock","class":"bare_rock","source_tags":[["natural","bare_rock"]]}}
{"type":"Feature","geometry":{"type":"Polygon","coordinates":[[[12.1073145,46.5044665],[12.1069443,46.5044222],[12.106483,46.5043188],[12.1065474,46.5041083],[12.1068209,46.5038609],[12.1069229,46.5037428],[12.1070141,46.5037908],[12.1070623,46.5038757],[12.1072715,46.5039385],[12.1073627,46.5040751],[12.1075129,46.504112],[12.1074271,46.504256],[12.1074432,46.5043557],[12.1073145,46.5044665]]]},"properties":{"id":"8e69ebab-d303-3f78-ad2f-f7678eaad972","version":0,"sources":[{"property":"","dataset":"OpenStreetMap","license":"ODbL-1.0","record_id":"w1303845261@1","update_time":"2024-07-26T08:24:52.000Z","confidence":null,"between":null}],"subtype":"rock","class":"bare_rock","source_tags":[["natural","bare_rock"]]}}
{"type":"Feature","geometry":{"type":"Polygon","coordinates":[[[12.1075693,46.5051938],[12.107411,46.5051662],[12.107285,46.5050886],[12.1073037,46.5049908],[12.1072608,46.5049095],[12.1072233,46.5048431],[12.1071669,46.5047785],[12.1073171,46.5047785],[12.1074674,46.5047471],[12.1075907,46.5047932],[12.1077436,46.504784],[12.1078402,46.5048135],[12.1077892,46.5049077],[12.1078724,46.5049686],[12.1079072,46.5050332],[12.1078992,46.5050628],[12.1077624,46.5050978],[12.1076578,46.5051532],[12.1075693,46.5051938]]]},"properties":{"id":"f387dffa-d061-30e9-9d0e-3dea030e2795","version":0,"sources":[{"property":"","dataset":"OpenStreetMap","license":"ODbL-1.0","record_id":"w1303845262@1","update_time":"2024-07-26T08:24:52.000Z","confidence":null,"between":null}],"subtype":"rock","class":"bare_rock","source_tags":[["natural","bare_rock"]]}}
{"type":"Feature","geometry":{"type":"Polygon","coordinates":[[[12.1047717,46.5038831],[12.1046162,46.5038203],[12.1045303,46.5037391],[12.104423,46.5036468],[12.104128,46.5036431],[12.1039134,46.5037206],[12.1035701,46.5036615],[12.1033716,46.5036135],[12.1034467,46.5035065],[12.1034521,46.5034585],[12.1035218,46.5032923],[12.103672,46.5032074],[12.1039456,46.5031704],[12.1041924,46.5033144],[12.1041924,46.5034326],[12.1043909,46.5034326],[12.1044284,46.5035138],[12.104584,46.5036578],[12.1047771,46.5036763],[12.1048951,46.503728],[12.1048629,46.5037908],[12.1047717,46.5038831]]]},"properties":{"id":"1c463771-4c5c-352a-9666-ffe7598a93e4","version":0,"sources":[{"property":"","dataset":"OpenStreetMap","license":"ODbL-1.0","record_id":"w1303845260@1","update_time":"2024-07-26T08:24:52.000Z","confidence":null,"between":null}],"subtype":"rock","class":"bare_rock","source_tags":[["natural","bare_rock"]]}}
{"type":"Feature","geometry":{"type":"Polygon","coordinates":[[[12.129794,46.4697394],[12.1311458,46.4692369],[12.1313175,46.4692148],[12.1316608,46.4692369],[12.1317627,46.4692333],[12.131913,46.469285],[12.1322992,46.4692924],[12.1324709,46.4692333],[12.132782,46.469115],[12.1331575,46.4690633],[12.1333077,46.4689968],[12.133415,46.4688933],[12.1335652,46.4686717],[12.1338012,46.4684795],[12.1347132,46.4681174],[12.1349009,46.4681211],[12.135255,46.468099],[12.1354266,46.4681285],[12.1355876,46.468195],[12.1357592,46.4682246],[12.1358665,46.468328],[12.1358665,46.4684611],[12.1357056,46.4686901],[12.1357485,46.4688084],[12.1359866,46.4691826],[12.1361777,46.4692037],[12.1363761,46.4692],[12.136462,46.4691889],[12.1365424,46.4691741],[12.1367034,46.4691224],[12.1369394,46.4690263],[12.1370199,46.4690005],[12.1372023,46.4689672],[12.1373686,46.4689192],[12.1374651,46.4689044],[12.137905,46.468897],[12.1379908,46.4689118],[12.1382376,46.4689783],[12.1383127,46.4690116],[12.1383663,46.4690596],[12.1384522,46.4691704],[12.1384736,46.4692369],[12.1385112,46.4692554],[12.138597,46.4693589],[12.1387472,46.4694106],[12.1389296,46.469381],[12.1390905,46.469381],[12.1391174,46.4694439],[12.1391227,46.4695067],[12.1391871,46.4695547],[12.1392783,46.4695473],[12.1393588,46.4695325],[12.13945,46.469551],[12.139509,46.4696027],[12.1395626,46.4697246],[12.1396109,46.4697838],[12.1396806,46.4698281],[12.1397665,46.4698687],[12.1398469,46.4699057],[12.1399328,46.4699352],[12.1400776,46.4699611],[12.14026,46.4699611],[12.1403512,46.4699537],[12.140437,46.4699389],[12.1405175,46.4699094],[12.1405872,46.4698687],[12.1406677,46.4698429],[12.1408393,46.4698059],[12.1409305,46.4698096],[12.141011,46.4698281],[12.1411773,46.4699057],[12.1412739,46.4699094],[12.1413651,46.4698983],[12.1414402,46.4698724],[12.1415796,46.469721],[12.1416494,46.4696877],[12.1417352,46.4696692],[12.1418157,46.4696951],[12.141923,46.4697912],[12.1420249,46.4698983],[12.1420946,46.4699389],[12.1422555,46.4699944],[12.1422073,46.4700276],[12.1421644,46.4700904],[12.1421107,46.4701421],[12.142041,46.4701902],[12.1418049,46.470301],[12.1416333,46.4703675],[12.1414133,46.4704968],[12.1413329,46.4705301],[12.1410271,46.4706889],[12.140952,46.4707333],[12.1409037,46.4707887],[12.1409091,46.4708552],[12.1409574,46.4709106],[12.1410486,46.4709365],[12.1412309,46.4709513],[12.1413221,46.4709513],[12.1414133,46.470966],[12.1414992,46.4709882],[12.1415957,46.4709808],[12.1417513,46.4709254],[12.1419873,46.4708072],[12.1421697,46.4706668],[12.1422555,46.4705633],[12.1422824,46.4705042],[12.1423038,46.4704414],[12.1423253,46.4703047],[12.1423575,46.4702419],[12.142454,46.4701421],[12.1425345,46.4701089],[12.1426311,46.4700978],[12.1427276,46.4701163],[12.1428027,46.4701421],[12.1428886,46.4701458],[12.1430548,46.4701089],[12.1431299,46.4700719],[12.1431943,46.4700313],[12.1432962,46.4699205],[12.1434304,46.4698355],[12.143484,46.4697912],[12.1435216,46.4697357],[12.1436771,46.4696803],[12.1437683,46.4696988],[12.1438112,46.4697579],[12.1438381,46.4698207],[12.1437737,46.4699389],[12.1436235,46.4701163],[12.1435967,46.4701791],[12.1435913,46.4702419],[12.1435698,46.4703158],[12.1435698,46.4705116],[12.1435806,46.4705744],[12.1436074,46.4706372],[12.1436932,46.4707407],[12.1436986,46.4708109],[12.1436913,46.4708279],[12.1436718,46.4708737],[12.1436288,46.4709365],[12.1435698,46.4709919],[12.1434357,46.471088],[12.1432694,46.4711729],[12.1432426,46.4712321],[12.1432372,46.4712986],[12.143248,46.4713614],[12.1432694,46.4714316],[12.143307,46.4714981],[12.1433499,46.4716274],[12.1434035,46.4716791],[12.1435537,46.4717567],[12.14372,46.471801],[12.1438059,46.4718195],[12.1439614,46.4718749],[12.1442511,46.4720375],[12.1443906,46.4721077],[12.1444818,46.4721224],[12.144573,46.4721151],[12.1446534,46.4720818],[12.1447017,46.4720338],[12.1447393,46.4719784],[12.1447768,46.471849],[12.1450021,46.4715683],[12.1449988,46.4715176],[12.1458195,46.4719543],[12.1490114,46.4705865],[12.1498462,46.4706335],[12.1501844,46.4705855],[12.1510605,46.470461],[12.1511448,46.4706654],[12.151276,46.4709837],[12.1518009,46.4722565],[12.1544402,46.4733353],[12.1553038,46.4750871],[12.1560586,46.4755972],[12.1568005,46.4760986],[12.1587532,46.4796302],[12.1609204,46.480635],[12.1649759,46.4816545],[12.1693962,46.484639],[12.1778076,46.4887463],[12.1799533,46.4903861],[12.1788375,46.4908145],[12.1786605,46.4915576],[12.1784567,46.4920746],[12.1781509,46.492263],[12.1772395,46.4923987],[12.1768371,46.4926203],[12.1767889,46.4928049],[12.1769654,46.4929314],[12.1770088,46.4931558],[12.1766977,46.4934549],[12.1762894,46.4936479],[12.1760212,46.4938436],[12.1758662,46.4939092],[12.1755652,46.4939212],[12.1746426,46.4942129],[12.1739237,46.4947299],[12.173559,46.494874],[12.172095,46.4949321],[12.1708285,46.4949257],[12.1702008,46.4948777],[12.1693479,46.4949589],[12.1684359,46.4951546],[12.168002,46.4953605],[12.1671705,46.4958221],[12.1670578,46.496088],[12.1671377,46.4969088],[12.1669714,46.4978467],[12.1656357,46.4984782],[12.1647077,46.4990838],[12.1626209,46.5005165],[12.1626692,46.5007418],[12.1624814,46.5013067],[12.1618114,46.5022696],[12.1612583,46.5024256],[12.1597724,46.5031161],[12.159435,46.5033219],[12.1591555,46.5040613],[12.1588444,46.504353],[12.1582704,46.504497],[12.156962,46.5046807],[12.1526914,46.5056121],[12.1513152,46.5059268],[12.1508082,46.506051],[12.1502198,46.5060576],[12.1486203,46.5059028],[12.1477727,46.5058474],[12.1471231,46.5059481],[12.1466899,46.5060703],[12.1464584,46.5063016],[12.1460572,46.5069339],[12.1458137,46.5074946],[12.1454719,46.5076397],[12.1451884,46.5077942],[12.1446769,46.5078089],[12.1444484,46.5078089],[12.1438293,46.5078089],[12.1433702,46.507842],[12.1429308,46.5079308],[12.1404525,46.5088833],[12.1394331,46.509465],[12.1389442,46.5098008],[12.1389053,46.5108651],[12.1389923,46.5113237],[12.1388231,46.5123369],[12.1384494,46.5129813],[12.1381879,46.5133431],[12.1379505,46.5137595],[12.1377681,46.5147341],[12.1374618,46.5147053],[12.137296,46.515022],[12.1367489,46.5152878],[12.1362875,46.5152657],[12.1354077,46.5161738],[12.134882,46.5164913],[12.1344807,46.516729],[12.1340345,46.5169933],[12.1324251,46.5183296],[12.1313771,46.5183997],[12.1303449,46.5186472],[12.1283423,46.5184706],[12.1288363,46.5191114],[12.1284359,46.5195176],[12.1287616,46.5197491],[12.1282731,46.5200719],[12.1284496,46.5203753],[12.1288251,46.5202572],[12.1293138,46.5203672],[12.1294103,46.5206404],[12.1291684,46.5209438],[12.128552,46.5209135],[12.1283804,46.5213122],[12.1278761,46.5213638],[12.1275805,46.5217485],[12.1280848,46.5222431],[12.1283637,46.521586],[12.12867,46.521386],[12.1287344,46.5217034],[12.1289168,46.5219987],[12.1286915,46.5225967],[12.1290396,46.5226934],[12.1296083,46.5238745],[12.1299623,46.5238967],[12.1298336,46.523439],[12.1301769,46.5230256],[12.1308265,46.5230396],[12.1305524,46.5239779],[12.1307192,46.5243905],[12.1304628,46.5251971],[12.1303119,46.5254538],[12.1302542,46.5256553],[12.1301652,46.5259658],[12.1300541,46.5261917],[12.1302579,46.5266641],[12.1292065,46.52721],[12.1288632,46.5269885],[12.1284984,46.5271214],[12.1286164,46.5273355],[12.1280478,46.5281991],[12.1277688,46.5288191],[12.1273874,46.5291155],[12.1277366,46.5280736],[12.1283637,46.5274104],[12.1267603,46.5276824],[12.1262931,46.5276318],[12.12602,46.5273207],[12.1257625,46.5265681],[12.1251295,46.5268261],[12.125306,46.5271815],[12.1258961,46.5274325],[12.1260522,46.5276455],[12.1254669,46.528178],[12.125033,46.5280884],[12.1243785,46.5273207],[12.1240722,46.5273587],[12.1240293,46.5275949],[12.1235095,46.5280072],[12.1230159,46.5277931],[12.1226774,46.5282297],[12.1219109,46.5281105],[12.1213102,46.5290869],[12.1212652,46.5284816],[12.1208945,46.5286061],[12.1206175,46.5282445],[12.1203064,46.528178],[12.119845,46.5282888],[12.1197222,46.5289077],[12.1199523,46.5290269],[12.1196256,46.5298304],[12.1185742,46.5296975],[12.1182631,46.5303101],[12.1185742,46.5304577],[12.1186541,46.5311084],[12.1180104,46.5309903],[12.117555,46.5305463],[12.1165084,46.5300898],[12.116128,46.5295425],[12.115178,46.5292188],[12.1145772,46.5287981],[12.1133063,46.5270033],[12.1133707,46.5265977],[12.1131502,46.5264582],[12.1121629,46.525038],[12.1129308,46.5251951],[12.1140944,46.5247087],[12.1147918,46.5248932],[12.1154248,46.5252549],[12.1162294,46.5247161],[12.1163104,46.5245381],[12.115814,46.524341],[12.1148865,46.5242482],[12.114937,46.5238653],[12.1141191,46.5237492],[12.1141022,46.5228267],[12.1129049,46.5215503],[12.1120448,46.5217069],[12.1121544,46.5227281],[12.111616,46.523416],[12.1109537,46.5227456],[12.1108562,46.5221236],[12.1105523,46.5212486],[12.1092621,46.5210861],[12.1074227,46.5218022],[12.1088393,46.5223592],[12.1089236,46.5232875],[12.1081816,46.5233919],[12.1078443,46.5226377],[12.1066975,46.522893],[12.107136,46.5235544],[12.1066975,46.5240649],[12.1053315,46.5234847],[12.104893,46.5222663],[12.1040768,46.5222096],[12.1033442,46.5227361],[12.1025577,46.5228046],[12.1005756,46.5229858],[12.1002383,46.5213148],[12.0979471,46.5221456],[12.0967607,46.5233089],[12.0966617,46.5239026],[12.0966105,46.5242096],[12.097383,46.5247115],[12.0990996,46.5253759],[12.1003227,46.526616],[12.1019964,46.5273099],[12.1032409,46.5282842],[12.103949,46.5285647],[12.1049146,46.5289043],[12.1075979,46.5304794],[12.1066537,46.530878],[12.1059017,46.5313253],[12.1080056,46.5331956],[12.1064034,46.5341987],[12.1060173,46.5339765],[12.1052096,46.5337435],[12.1041544,46.5334567],[12.1027215,46.5330265],[12.1020701,46.5330265],[12.101054,46.5330624],[12.1008586,46.5329369],[12.1001161,46.5325426],[12.0991391,46.5322917],[12.0983184,46.5322021],[12.0978624,46.5326591],[12.097146,46.5325247],[12.0968333,46.5319511],[12.0965858,46.5318436],[12.0959475,46.5317092],[12.0956739,46.5313865],[12.0959735,46.531046],[12.0955567,46.5309026],[12.0951659,46.5307502],[12.0946448,46.530562],[12.0942931,46.5305979],[12.0936417,46.5309564],[12.0939674,46.531279],[12.0948923,46.5314582],[12.0962601,46.5326053],[12.0982011,46.534326],[12.0983965,46.5348457],[12.0989958,46.535491],[12.1000249,46.535939],[12.0994126,46.5355178],[12.0992563,46.5347382],[12.0997904,46.5349174],[12.1011452,46.5349802],[12.1022626,46.534995],[12.1016143,46.5351105],[12.1013856,46.5352541],[12.1011012,46.5354987],[12.1005311,46.5360474],[12.099741,46.5360848],[12.0988002,46.5354983],[12.0977274,46.5355279],[12.0962897,46.5356017],[12.0956449,46.5364032],[12.0965676,46.5368903],[12.0969763,46.5373877],[12.0957962,46.5375058],[12.0945731,46.5375943],[12.0922342,46.5374615],[12.090818,46.5378305],[12.0904722,46.5377915],[12.0901782,46.536907],[12.0894181,46.5361907],[12.0881746,46.536073],[12.0872176,46.5357025],[12.0866704,46.5357907],[12.0866094,46.5358796],[12.0863745,46.5356933],[12.0863198,46.5356715],[12.0862807,46.5353266],[12.086409,46.5350821],[12.0864534,46.5348274],[12.0863399,46.5344607],[12.0861079,46.5341041],[12.0855748,46.533863],[12.085328,46.5336796],[12.0848891,46.5327061],[12.0844419,46.5323649],[12.0843606,46.5321188],[12.0842955,46.5318279],[12.0843687,46.5315538],[12.0840922,46.5312685],[12.0834255,46.5310728],[12.0828563,46.5310839],[12.0822709,46.5310839],[12.0817099,46.5309385],[12.0816123,46.5306924],[12.0816773,46.5303232],[12.0819945,46.5300435],[12.0818887,46.5296295],[12.0818725,46.5292492],[12.0824986,46.5288632],[12.0830759,46.5289135],[12.08358,46.5289415],[12.0842223,46.5284212],[12.0844175,46.5283038],[12.085198,46.5281975],[12.0862876,46.5279458],[12.08599,46.5277082],[12.0857345,46.527767],[12.0850041,46.527935],[12.0847973,46.5279783],[12.0842519,46.5280236],[12.0839042,46.5280216],[12.0838683,46.528137],[12.0837035,46.5286216],[12.0827744,46.5284092],[12.082265,46.5285906],[12.0818364,46.5289617],[12.0815154,46.5290669],[12.0808885,46.5290669],[12.0804393,46.5292401],[12.0802122,46.5295016],[12.079995,46.5296612],[12.0798766,46.5297733],[12.0793385,46.5296306],[12.0790769,46.5295899],[12.0790275,46.5298378],[12.0791312,46.5299906],[12.0790572,46.5301706],[12.0791509,46.5305578],[12.079304,46.5307344],[12.0795557,46.5306223],[12.0797581,46.5302895],[12.080153,46.5303065],[12.0803949,46.5300042],[12.0806466,46.5296374],[12.0808293,46.5293692],[12.0811748,46.5292333],[12.0814068,46.5292809],[12.0815352,46.5294948],[12.0813871,46.5298072],[12.0813575,46.5301299],[12.0813377,46.5302657],[12.0810613,46.5304219],[12.0809231,46.5306427],[12.0812143,46.5311011],[12.0816832,46.5314713],[12.0826063,46.5314034],[12.0835788,46.5313796],[12.0839441,46.5318516],[12.0841168,46.5322523],[12.084339,46.5326836],[12.0846598,46.5330911],[12.0850054,46.5337431],[12.0852275,46.5340691],[12.0854842,46.5344936],[12.0851831,46.5347788],[12.0846302,46.5348128],[12.0841859,46.5349554],[12.0838552,46.5351863],[12.0836479,46.5351557],[12.0835689,46.534918],[12.0832629,46.5348026],[12.0824039,46.5347958],[12.0816375,46.5348125],[12.0816969,46.5346776],[12.0814051,46.5338846],[12.0803612,46.5335925],[12.079693,46.5327837],[12.0796976,46.5325239],[12.0802808,46.5319995],[12.0798427,46.5313877],[12.0792673,46.5314958],[12.0787085,46.5314745],[12.0781678,46.5311815],[12.0776419,46.5315615],[12.0772353,46.5326347],[12.0751753,46.532797],[12.0760789,46.5316228],[12.0759201,46.5310781],[12.0745865,46.5312147],[12.0733151,46.5314863],[12.07202,46.5319748],[12.0721273,46.5330038],[12.0717207,46.5328856],[12.0696812,46.5321749],[12.0675364,46.5323985],[12.0655797,46.5325359],[12.063438,46.5318228],[12.0595146,46.5313933],[12.0596526,46.530057],[12.0586294,46.5296197],[12.0583186,46.5300943],[12.0584178,46.5302512],[12.0580962,46.5308997],[12.055563,46.5307599],[12.0548549,46.5287375],[12.0515719,46.5286201],[12.0478224,46.5283811],[12.0474602,46.528358],[12.0476246,46.5276899],[12.0467524,46.5283128],[12.0460144,46.5282658],[12.0472375,46.5261251],[12.0441509,46.5260846],[12.0438017,46.5263426],[12.0429761,46.5264187],[12.0424617,46.5263109],[12.0424179,46.5259644],[12.0426371,46.5258156],[12.0432858,46.5259845],[12.0430549,46.5258036],[12.042618,46.5256676],[12.0420738,46.5254668],[12.0414097,46.5259071],[12.0410182,46.5259061],[12.0406851,46.5257191],[12.0396754,46.5258433],[12.0392913,46.5262378],[12.0386163,46.5263967],[12.0381378,46.5262875],[12.0380146,46.5259665],[12.0377619,46.5259167],[12.0372716,46.526109],[12.0367847,46.5259688],[12.0362535,46.5258159],[12.0370039,46.5249744],[12.0368049,46.5245703],[12.0349928,46.5233046],[12.0306305,46.52336],[12.0294573,46.5235711],[12.0271946,46.5233238],[12.025832,46.5224213],[12.0248399,46.5232049],[12.0242613,46.5230426],[12.0240215,46.5227982],[12.0234497,46.5227244],[12.0233676,46.5228883],[12.0225171,46.5226741],[12.0210689,46.5225948],[12.0210072,46.5222283],[12.0212873,46.5217366],[12.0211231,46.5214908],[12.019591,46.5224195],[12.0187451,46.5224974],[12.0176985,46.5232873],[12.0164132,46.522562],[12.0160838,46.5221951],[12.0163826,46.5217595],[12.0170365,46.5217251],[12.0177288,46.5210786],[12.0188593,46.5206337],[12.0190224,46.5209224],[12.0193303,46.5209851],[12.0197686,46.5205769],[12.019848,46.51998],[12.0198882,46.5196758],[12.0194516,46.5194712],[12.0197156,46.5191657],[12.0185791,46.5189912],[12.0183563,46.5184475],[12.0184421,46.5183146],[12.0182705,46.5178347],[12.0182812,46.5176206],[12.0182545,46.5173991],[12.0193252,46.5172743],[12.0184905,46.5170565],[12.0179841,46.5167848],[12.0183318,46.516161],[12.0183724,46.5154943],[12.0189196,46.5155275],[12.0196898,46.5157698],[12.0195794,46.5161514],[12.0200086,46.5160849],[12.0208804,46.515841],[12.0206684,46.5154943],[12.0198315,46.5154869],[12.0195419,46.5152728],[12.019279,46.5150107],[12.0185387,46.5148077],[12.0178038,46.5145382],[12.01819,46.514073],[12.0186996,46.5135857],[12.0192844,46.5134307],[12.0197672,46.5137223],[12.0206448,46.5135439],[12.0222362,46.512373],[12.0227573,46.5120009],[12.0228919,46.5119449],[12.0231549,46.5117391],[12.023313,46.5116372],[12.0233907,46.5115487],[12.0252948,46.5101893],[12.0281625,46.5106065],[12.0287204,46.5116033],[12.0288169,46.5125631],[12.0293641,46.5128585],[12.0293748,46.5113301],[12.0301311,46.5110813],[12.0328,46.511901],[12.0329887,46.5121271],[12.0336588,46.5129301],[12.0329554,46.5141349],[12.0337591,46.513725],[12.0354918,46.5131267],[12.0356955,46.5127958],[12.035973,46.5127071],[12.0356727,46.5124376],[12.0365524,46.5120758],[12.0372559,46.5121503],[12.0391295,46.5114203],[12.0402968,46.5112931],[12.0408976,46.5104809],[12.0418384,46.5113822],[12.0422065,46.5117509],[12.0413436,46.5135687],[12.0411959,46.5137451],[12.041002,46.51387],[12.0409154,46.5139608],[12.0407627,46.5139921],[12.0407132,46.514063],[12.0406637,46.5141539],[12.0405276,46.5142788],[12.0404987,46.5144151],[12.0402388,46.5146252],[12.0401975,46.5148381],[12.0399912,46.5149886],[12.0399443,46.5151701],[12.0397546,46.5154512],[12.0396613,46.5155997],[12.0394629,46.5156539],[12.0392529,46.5156599],[12.0391887,46.5157583],[12.0393608,46.5158868],[12.0394454,46.516485],[12.0394454,46.5167239],[12.0394483,46.5169167],[12.0393375,46.5170873],[12.0389232,46.5173021],[12.038541,46.5174567],[12.0382026,46.5176996],[12.0381064,46.5178823],[12.0379692,46.5179284],[12.0379051,46.5179084],[12.0376688,46.5179043],[12.0372808,46.5179691],[12.037272,46.518077],[12.037483,46.5181913],[12.03758,46.5182507],[12.037765,46.518364],[12.0378671,46.5184082],[12.0379641,46.518441],[12.037987,46.5184487],[12.0378265,46.5186083],[12.0375932,46.518798],[12.0374196,46.5189135],[12.0372606,46.5189737],[12.037141,46.5189897],[12.0370185,46.5189797],[12.0369076,46.5189556],[12.0367967,46.5189556],[12.0367121,46.5189596],[12.0366071,46.5189586],[12.0365123,46.5189476],[12.0364846,46.5189476],[12.0364053,46.5190729],[12.0362971,46.5191497],[12.0362352,46.5192519],[12.0363074,46.5192973],[12.0365776,46.5193223],[12.0365488,46.5193555],[12.0366065,46.5193719],[12.0366313,46.5193393],[12.036722,46.5193654],[12.0369149,46.5194383],[12.0369547,46.5193851],[12.0368046,46.5193279],[12.0367427,46.5192768],[12.0367117,46.5192215],[12.0367241,46.5191817],[12.036751,46.5191281],[12.0368113,46.5191411],[12.0370112,46.5192114],[12.0372197,46.5192696],[12.0373671,46.5192917],[12.03751,46.5193017],[12.0377098,46.5193128],[12.0378688,46.5193238],[12.038038,46.5193439],[12.0381795,46.519373],[12.0382481,46.519386],[12.0382875,46.519381],[12.0382583,46.5192265],[12.038251,46.5191712],[12.0382656,46.519065],[12.0382948,46.5189386],[12.0383385,46.5188653],[12.0384945,46.518927],[12.0385864,46.5189732],[12.0386725,46.5190776],[12.0387994,46.5191709],[12.0389526,46.5192452],[12.0390503,46.5192753],[12.0391641,46.5192392],[12.0393318,46.5192582],[12.0394368,46.5192974],[12.0394981,46.5193797],[12.0395448,46.51948],[12.0396483,46.5195182],[12.0396906,46.5195995],[12.0398205,46.5196045],[12.0399328,46.5196276],[12.0401618,46.5196487],[12.0402362,46.5195935],[12.0402274,46.5195192],[12.040207,46.5193937],[12.0401195,46.5193345],[12.0399751,46.5193345],[12.0398715,46.5192673],[12.0397563,46.5192683],[12.0396279,46.5192572],[12.0394996,46.519197],[12.0394791,46.5191478],[12.0395871,46.5191619],[12.0398701,46.519184],[12.0399299,46.5191237],[12.0400465,46.5190906],[12.0401487,46.5190806],[12.0401618,46.5190444],[12.0402158,46.5189932],[12.0406882,46.5187803],[12.0411668,46.518539],[12.0415092,46.5183374],[12.0421177,46.5179562],[12.0427236,46.5175043],[12.0431492,46.5171869],[12.0445189,46.5161847],[12.0451831,46.5155658],[12.045288,46.5154555],[12.0456003,46.5150086],[12.0460787,46.5148665],[12.0459797,46.5141283],[12.0455424,46.514134],[12.0452205,46.5135377],[12.0449921,46.5126953],[12.0451545,46.5118909],[12.0461304,46.5101366],[12.0469433,46.5109387],[12.0486376,46.5104168],[12.0489764,46.5111233],[12.0480851,46.511855],[12.0471954,46.5125853],[12.0466483,46.5133827],[12.0469868,46.5142626],[12.0484203,46.5148661],[12.0495502,46.5147268],[12.0491624,46.5133332],[12.049667,46.5120998],[12.0506126,46.511858],[12.0524678,46.5117127],[12.0542048,46.5121039],[12.0560937,46.5109433],[12.0575778,46.5105602],[12.0594396,46.5106842],[12.0607146,46.5107692],[12.06203,46.5101076],[12.0611193,46.5095621],[12.0594692,46.5098533],[12.0577633,46.5092921],[12.0586216,46.5089672],[12.0586753,46.5086866],[12.0567548,46.5086645],[12.0580959,46.508347],[12.0596516,46.5083617],[12.0601997,46.5086916],[12.0612609,46.5082657],[12.0626187,46.5080904],[12.0646083,46.507387],[12.0642543,46.5072984],[12.0624704,46.5076324],[12.0566469,46.5072453],[12.0579286,46.5062702],[12.0564445,46.5062935],[12.0575239,46.5055506],[12.0588811,46.5053047],[12.0580423,46.5050166],[12.0570523,46.5044888],[12.0565188,46.5042043],[12.0574415,46.5037058],[12.0587718,46.5034147],[12.0575917,46.5032246],[12.0569281,46.5029429],[12.0564383,46.5032413],[12.0556326,46.5031814],[12.0555338,46.5022307],[12.055455,46.5019714],[12.0543816,46.5017783],[12.054387,46.5009073],[12.0545544,46.5004523],[12.0573552,46.5006984],[12.0579961,46.5002804],[12.0602897,46.4998161],[12.0611329,46.4983069],[12.0602921,46.4972079],[12.060643,46.4963187],[12.0598823,46.4957027],[12.0594334,46.4947741],[12.0589975,46.4938724],[12.059019,46.4933554],[12.058225,46.4933849],[12.0586542,46.4924986],[12.0594481,46.4922918],[12.0600489,46.4921588],[12.0597914,46.4912725],[12.0604995,46.4909031],[12.0609861,46.491069],[12.0621078,46.4896999],[12.0613225,46.489103],[12.0610446,46.4882816],[12.0620633,46.4884936],[12.0636286,46.4886181],[12.0656655,46.4890063],[12.0669079,46.4899314],[12.067076,46.4894921],[12.0677581,46.4894849],[12.0658621,46.4863763],[12.0666377,46.4851057],[12.0656979,46.4845985],[12.0654355,46.4828166],[12.0656451,46.4819212],[12.0659262,46.4806483],[12.0664286,46.4808793],[12.0668478,46.4813545],[12.0664788,46.4823408],[12.066646,46.4824986],[12.0668904,46.4825128],[12.0675076,46.4815296],[12.0676893,46.4814945],[12.0678885,46.481571],[12.0677251,46.4828823],[12.0672004,46.4830466],[12.0673435,46.4846067],[12.0674304,46.4850823],[12.0670012,46.4862347],[12.0673993,46.4868751],[12.0674518,46.4877416],[12.067881,46.4878746],[12.0685891,46.489219],[12.0693015,46.4895226],[12.0694088,46.4889908],[12.068911,46.4876087],[12.0696234,46.487735],[12.0698165,46.4874986],[12.0692371,46.4872031],[12.0688071,46.4867899],[12.0682071,46.4862133],[12.0678166,46.485038],[12.068014,46.4849279],[12.0681005,46.4848135],[12.0679289,46.4840895],[12.067961,46.4839639],[12.0681112,46.4839196],[12.0682185,46.4840156],[12.0684009,46.4842299],[12.0684438,46.4843481],[12.0684975,46.4845992],[12.0685833,46.48471],[12.0688193,46.4849095],[12.0690983,46.485072],[12.0692056,46.4851754],[12.0693558,46.4852493],[12.0697098,46.4852862],[12.0698708,46.4852345],[12.0698922,46.4851016],[12.0698708,46.4849686],[12.0697957,46.4848578],[12.0696562,46.4847765],[12.0695596,46.4848873],[12.0694309,46.484976],[12.0693665,46.4848578],[12.069388,46.4846214],[12.0693665,46.4844884],[12.0691198,46.4841486],[12.0690661,46.4840304],[12.0691198,46.4839122],[12.0691919,46.4839169],[12.0693343,46.4838383],[12.0695167,46.483794],[12.0697098,46.4837792],[12.0698493,46.4838531],[12.0700746,46.4840673],[12.0703643,46.4842446],[12.0705145,46.4843037],[12.0706433,46.484385],[12.0709544,46.4845106],[12.0712333,46.4846953],[12.0713728,46.4847618],[12.0715552,46.4847839],[12.0717269,46.484747],[12.0718449,46.4846657],[12.0719307,46.4845623],[12.0719736,46.4844441],[12.0719951,46.4842003],[12.071875,46.4837281],[12.0712119,46.4832769],[12.0710509,46.4831882],[12.0708256,46.4829814],[12.070257,46.4819693],[12.0694845,46.4806764],[12.0690846,46.4800986],[12.0691191,46.4789594],[12.0701212,46.4784651],[12.0724215,46.4797292],[12.0733791,46.4796643],[12.0736366,46.4798859],[12.0736366,46.4801223],[12.0735508,46.480344],[12.0734435,46.4807281],[12.0735293,46.4809793],[12.0738726,46.4812305],[12.074216,46.4813339],[12.0749455,46.4813635],[12.0753318,46.4814078],[12.075718,46.4814965],[12.0760184,46.4816738],[12.0760613,46.481925],[12.0758253,46.482117],[12.0757609,46.4823534],[12.0756751,46.4824716],[12.0756751,46.4825972],[12.0760399,46.4829001],[12.0762115,46.4828484],[12.0763081,46.482745],[12.0763724,46.4826268],[12.0765119,46.4825455],[12.0766943,46.482516],[12.0768874,46.4825086],[12.0770698,46.4825529],[12.0771664,46.4826563],[12.0772415,46.4828927],[12.077338,46.4829962],[12.0774775,46.48307],[12.0775312,46.4831882],[12.077499,46.4833138],[12.0775419,46.4834468],[12.0776385,46.483565],[12.0778208,46.4835428],[12.0779496,46.4834468],[12.0780032,46.4831882],[12.0780354,46.4829371],[12.0779925,46.4828115],[12.078014,46.4825455],[12.0781642,46.4824643],[12.0783466,46.4825012],[12.0785289,46.4825603],[12.0787864,46.4827524],[12.0789581,46.482974],[12.0789796,46.4833434],[12.0790117,46.483469],[12.0790654,46.4835872],[12.0791298,46.4838383],[12.0790332,46.483927],[12.0790332,46.4840452],[12.079001,46.4841634],[12.0789796,46.4843998],[12.0791941,46.4846066],[12.0792263,46.4847322],[12.0792049,46.4848578],[12.0792156,46.4849908],[12.0793229,46.4850942],[12.0796018,46.4852567],[12.0797306,46.4853601],[12.0798271,46.4854709],[12.0802026,46.4857516],[12.080546,46.4858994],[12.0808464,46.4860545],[12.0809751,46.4861506],[12.0812648,46.4863131],[12.0813721,46.4864165],[12.0814901,46.4865199],[12.0815652,46.4866307],[12.0815974,46.4867563],[12.0815652,46.4868745],[12.0813399,46.4871921],[12.0813077,46.4873177],[12.0813399,46.4875615],[12.0811289,46.4884739],[12.0818553,46.4892183],[12.0830609,46.4893708],[12.083824,46.4894674],[12.0848018,46.4900831],[12.0829057,46.4912982],[12.0829057,46.4921274],[12.0835279,46.4924255],[12.0847542,46.491969],[12.0848583,46.4924993],[12.0850943,46.4927505],[12.0851051,46.49343],[12.0845364,46.4935334],[12.0840644,46.4934226],[12.0837425,46.4939323],[12.0833455,46.4953947],[12.0839034,46.4962736],[12.0807492,46.5006162],[12.0815109,46.5009781],[12.0811676,46.5003873],[12.0818757,46.5000993],[12.0826439,46.4990424],[12.0835558,46.4985181],[12.0851388,46.4976015],[12.0854806,46.4974036],[12.0856372,46.497137],[12.0858196,46.4966274],[12.0869182,46.4963179],[12.0878624,46.4953873],[12.0890318,46.4949958],[12.0900575,46.4940792],[12.0899977,46.4945063],[12.0898819,46.4953337],[12.0897721,46.4961185],[12.088946,46.497086],[12.0882057,46.4973297],[12.0873903,46.4973371],[12.0865427,46.4977729],[12.0857703,46.4982234],[12.0856522,46.4979723],[12.0854484,46.4979871],[12.0852231,46.4983268],[12.0836781,46.498637],[12.0835494,46.4988068],[12.0845793,46.4988438],[12.0857059,46.4985336],[12.087562,46.4976769],[12.08871,46.4974184],[12.0893966,46.4971229],[12.0894889,46.4969819],[12.0899545,46.4969826],[12.0902013,46.4968571],[12.0901433,46.4964575],[12.0907763,46.4955934],[12.0910875,46.4954087],[12.0911733,46.4947735],[12.0910059,46.494368],[12.0906905,46.4935401],[12.0906047,46.4929048],[12.0902935,46.4926316],[12.0894502,46.492263],[12.0891459,46.4917614],[12.0890061,46.491531],[12.0891241,46.4908958],[12.0896755,46.4915022],[12.0907913,46.4921079],[12.0912527,46.4930607],[12.0917248,46.4932453],[12.0917634,46.4918634],[12.0921754,46.491901],[12.0930791,46.4923613],[12.093495,46.4925732],[12.0939134,46.4933857],[12.0944177,46.4942277],[12.0945786,46.4952691],[12.0945035,46.4958969],[12.0949863,46.4962662],[12.0959948,46.4964952],[12.0976792,46.4961702],[12.0981359,46.4967822],[12.0984946,46.4969309],[12.0989292,46.4977544],[12.0989614,46.4985336],[12.0994441,46.4987256],[12.0998143,46.498264],[12.1010374,46.4984967],[12.100679,46.4977352],[12.1008507,46.4970631],[12.1015524,46.4967684],[12.1015588,46.496066],[12.101827,46.4952241],[12.1020631,46.4944412],[12.1023635,46.4936878],[12.1028141,46.4927645],[12.1025566,46.4922105],[12.1027819,46.4915236],[12.1022133,46.4911321],[12.1023206,46.4905338],[12.102754,46.4902022],[12.1033346,46.4897245],[12.1035622,46.4898354],[12.1037319,46.4899666],[12.103842,46.4900076],[12.1039165,46.4900076],[12.1040028,46.4899379],[12.1040772,46.4898518],[12.1042112,46.4896058],[12.1044524,46.4893475],[12.104631,46.4891836],[12.104625,46.4891016],[12.1047501,46.4889909],[12.1047947,46.4889232],[12.1047937,46.4888684],[12.1049109,46.4887244],[12.1047679,46.4886076],[12.1050865,46.4884784],[12.1052172,46.4887282],[12.1052693,46.4887328],[12.1053075,46.4887158],[12.1053129,46.4886795],[12.105294,46.4886111],[12.1053135,46.4884888],[12.1054428,46.4882074],[12.1055309,46.4881397],[12.1056374,46.4881192],[12.1057184,46.4880807],[12.1057651,46.4880209],[12.1058296,46.4879614],[12.1073068,46.4867346],[12.1079682,46.4864053],[12.1079897,46.4858144],[12.1073352,46.4858291],[12.1070563,46.4860138],[12.1066486,46.4867968],[12.1064447,46.4870923],[12.1062516,46.486915],[12.1062301,46.4871219],[12.1058439,46.4875577],[12.1053622,46.4879619],[12.1053515,46.4877692],[12.1053068,46.4875498],[12.1051937,46.4873264],[12.105158,46.4871378],[12.1052199,46.4870095],[12.1053662,46.4868772],[12.1054463,46.4867513],[12.1056358,46.4867739],[12.1058117,46.4869815],[12.1063374,46.4866787],[12.1062731,46.4860138],[12.1067237,46.4856814],[12.1069983,46.4851857],[12.1074532,46.484987],[12.1074318,46.484662],[12.1077493,46.4841072],[12.1079253,46.4844256],[12.1082472,46.484263],[12.1081399,46.4838198],[12.1086763,46.4835538],[12.1081399,46.4830367],[12.1085905,46.4827412],[12.1079038,46.4823866],[12.1084617,46.4821798],[12.1082327,46.4817908],[12.1081399,46.4816331],[12.1077751,46.4816478],[12.1074747,46.4812341],[12.107632,46.4807974],[12.1080789,46.4795565],[12.1081399,46.4793871],[12.1087621,46.4785006],[12.1088198,46.4783072],[12.1092342,46.4769195],[12.1086978,46.4764762],[12.1085047,46.4767274],[12.1078395,46.4770081],[12.1077322,46.4758112],[12.1079639,46.4746948],[12.1086115,46.4749178],[12.1088222,46.4749903],[12.1087364,46.4756849],[12.1094445,46.4762464],[12.1099852,46.4763432],[12.1103028,46.4754632],[12.1105002,46.4754861],[12.1109079,46.4750871],[12.110075,46.4742373],[12.1097492,46.4739049],[12.1100453,46.4734092],[12.1115731,46.4738902],[12.1115903,46.4728476],[12.1123842,46.4736013],[12.1133923,46.4728917],[12.1127808,46.4718424],[12.1135318,46.4719754],[12.1143133,46.4719628],[12.1144438,46.4719607],[12.1149051,46.472574],[12.1150224,46.4738081],[12.1150868,46.4742515],[12.115459,46.4741945],[12.1157574,46.4741487],[12.1157205,46.4733646],[12.1158271,46.4728402],[12.1169114,46.4728991],[12.1175008,46.4730102],[12.1182357,46.4727301],[12.1183061,46.4723006],[12.1200369,46.4715371],[12.1211278,46.4714508],[12.1214812,46.4724634],[12.1225923,46.4730062],[12.1234179,46.4731463],[12.1239274,46.4740003],[12.1234177,46.4754418],[12.1243994,46.4748869],[12.1243994,46.475877],[12.1252148,46.4764828],[12.1256493,46.476358],[12.1257513,46.4758474],[12.1270012,46.475294],[12.1271085,46.4742153],[12.1277307,46.4738015],[12.1277307,46.4733434],[12.1270012,46.4736242],[12.1264647,46.4734321],[12.1273874,46.4729148],[12.1267866,46.4711193],[12.1287768,46.4697589],[12.1288713,46.4696581],[12.1290215,46.469599],[12.129161,46.4696803],[12.129279,46.4697764],[12.1294614,46.4697985],[12.1296223,46.4697542],[12.129794,46.4697394]],[[12.1299979,46.4712838],[12.1299549,46.4715498],[12.1299549,46.4716754],[12.1299979,46.4719266],[12.1301373,46.4719931],[12.130309,46.471971],[12.1304485,46.4719045],[12.1305665,46.4718158],[12.1307811,46.4716015],[12.1309313,46.4715276],[12.1311673,46.4713281],[12.1312639,46.4712247],[12.1313175,46.4711064],[12.1313282,46.4709808],[12.1313175,46.4708552],[12.1312746,46.4707296],[12.1311995,46.470604],[12.1311029,46.4704931],[12.1309527,46.4704192],[12.1307811,46.4703527],[12.1305879,46.4703232],[12.1304056,46.4702715],[12.1302124,46.4705079],[12.1302339,46.4706409],[12.1302124,46.4709069],[12.1299979,46.4712838]],[[12.1260711,46.4772945],[12.1260818,46.4774201],[12.1260067,46.4775309],[12.1257814,46.4777304],[12.1256419,46.4778191],[12.125481,46.4778856],[12.1252986,46.4779151],[12.1251377,46.4779742],[12.1250304,46.4780703],[12.1245798,46.4782919],[12.1243008,46.4784471],[12.1242257,46.4785505],[12.1241399,46.4788017],[12.1237751,46.4792376],[12.1237108,46.479378],[12.1237751,46.4794962],[12.1239468,46.4795331],[12.1241399,46.4793115],[12.1244296,46.4791342],[12.1245905,46.4790825],[12.1247193,46.4791785],[12.124966,46.479511],[12.1250948,46.4796144],[12.1252664,46.4796587],[12.1254703,46.4796587],[12.1256634,46.4796366],[12.1260175,46.4795479],[12.1261677,46.4794814],[12.1262642,46.479378],[12.1263179,46.4792376],[12.1263071,46.4791046],[12.1262428,46.478979],[12.1261033,46.4788904],[12.1259424,46.4789495],[12.1258458,46.4790603],[12.1257063,46.4791416],[12.1255347,46.479149],[12.1254166,46.4790603],[12.1253737,46.4789347],[12.125363,46.4788091],[12.1254166,46.4786835],[12.1255132,46.4785801],[12.1256419,46.4784766],[12.1257492,46.4783584],[12.1256849,46.4780924],[12.1257922,46.477989],[12.1259424,46.477893],[12.1262857,46.4777895],[12.1263393,46.477893],[12.1264252,46.4781442],[12.1266075,46.4781663],[12.1268007,46.4781294],[12.1271011,46.4779816],[12.1273478,46.4777895],[12.127541,46.4775753],[12.1276697,46.4774718],[12.1278414,46.4774053],[12.128013,46.477361],[12.1282061,46.4773684],[12.1285495,46.4774792],[12.1287426,46.4774792],[12.1289464,46.4774571],[12.1293863,46.4772206],[12.129558,46.4771689],[12.1296867,46.4770655],[12.1298477,46.476829],[12.1299657,46.4765778],[12.1300837,46.476467],[12.1302661,46.4764301],[12.1306094,46.4765483],[12.1306738,46.4766665],[12.1306523,46.4767921],[12.1305236,46.4770211],[12.1305128,46.4771467],[12.1305558,46.477265],[12.1306416,46.4773684],[12.1311673,46.4775088],[12.131339,46.4775531],[12.1317145,46.47759],[12.1318754,46.4776418],[12.1319934,46.4777378],[12.1320792,46.4778486],[12.1322402,46.4779151],[12.1324226,46.4778708],[12.1324655,46.4777378],[12.1324333,46.4776048],[12.1318754,46.4770876],[12.1317896,46.4769768],[12.1317681,46.4768438],[12.131972,46.4766296],[12.1320256,46.4764966],[12.131972,46.476371],[12.1318539,46.4762823],[12.1316823,46.476238],[12.1315535,46.4761567],[12.1314677,46.4760385],[12.1315965,46.4757947],[12.1316179,46.4756691],[12.1314784,46.4755878],[12.1313068,46.4755213],[12.1311244,46.475344],[12.13106,46.4752479],[12.1309634,46.4751371],[12.1308347,46.4748933],[12.1307381,46.4747898],[12.1306094,46.4746938],[12.1303197,46.4745386],[12.1302339,46.4744278],[12.1302124,46.4742948],[12.1302017,46.4739106],[12.1301695,46.4737776],[12.1301588,46.4735263],[12.1301373,46.4733933],[12.1300515,46.4731347],[12.129912,46.4730534],[12.1297296,46.4730534],[12.1295687,46.4732751],[12.1295151,46.4733933],[12.1293219,46.4736076],[12.1292254,46.4737111],[12.1292039,46.4738293],[12.1292576,46.4739549],[12.1293541,46.4740583],[12.1293756,46.4743022],[12.1294078,46.4744278],[12.1295043,46.4745386],[12.1295687,46.4747824],[12.1295258,46.4751592],[12.1294292,46.4752701],[12.129279,46.4753144],[12.1290966,46.4753218],[12.1289786,46.4752331],[12.1289357,46.4751075],[12.128925,46.4749671],[12.1288928,46.4747011],[12.1288821,46.4744425],[12.1288391,46.4743095],[12.1287748,46.4741913],[12.1286246,46.4741027],[12.1284529,46.4741101],[12.1281847,46.4743391],[12.1280345,46.474413],[12.1278843,46.4744795],[12.1278092,46.4745903],[12.1278306,46.4747159],[12.1279057,46.4748415],[12.1280023,46.474945],[12.1280452,46.4751962],[12.1281525,46.4752996],[12.1283885,46.4755065],[12.1284851,46.4756099],[12.1285065,46.4757282],[12.1284529,46.4758464],[12.1282812,46.4758759],[12.1279165,46.4758981],[12.1276161,46.4760089],[12.1274229,46.4760311],[12.1270602,46.4760247],[12.1260946,46.4768966],[12.1260496,46.4770507],[12.1260389,46.4771763],[12.1260711,46.4772945]],[[12.1212485,46.4836998],[12.121329,46.4837811],[12.1213719,46.4838365],[12.1214309,46.4838882],[12.121506,46.4839251],[12.121589,46.483952],[12.1216776,46.4839916],[12.121742,46.4840359],[12.1217688,46.4840987],[12.1217581,46.4841652],[12.1217313,46.4842243],[12.1216615,46.4843351],[12.1215811,46.4844496],[12.1215489,46.4845124],[12.1215382,46.4845752],[12.1215113,46.4846454],[12.1214041,46.4848375],[12.1212968,46.4849409],[12.1212217,46.4849704],[12.12105,46.4849852],[12.120991,46.4852327],[12.1209964,46.4852992],[12.1210661,46.4854876],[12.1210768,46.4856833],[12.1211036,46.4857461],[12.1211948,46.4858495],[12.1212646,46.4858975],[12.1213182,46.4859529],[12.1213665,46.4860047],[12.1214094,46.4860601],[12.1214201,46.4861265],[12.1214041,46.486193],[12.1213558,46.4863149],[12.1212324,46.4864774],[12.1211948,46.4865365],[12.1211734,46.4865993],[12.1211734,46.4866658],[12.1212056,46.4867286],[12.1212592,46.486784],[12.1213343,46.4868246],[12.1214201,46.4868025],[12.1217527,46.4866769],[12.1219029,46.4865993],[12.1220639,46.4865365],[12.122538,46.4864497],[12.122595,46.4864368],[12.1226862,46.4864073],[12.1227559,46.4863592],[12.1228095,46.4862928],[12.1228256,46.4862263],[12.1228095,46.4861598],[12.122772,46.4861044],[12.122654,46.4860083],[12.1225842,46.485964],[12.1225681,46.4859012],[12.1225735,46.4857683],[12.1225842,46.4857018],[12.1226111,46.485639],[12.1227183,46.4854469],[12.1227398,46.4853767],[12.1227452,46.4853103],[12.1227183,46.4851625],[12.1226915,46.4850923],[12.1226593,46.4850332],[12.122654,46.484904],[12.1227076,46.4847673],[12.1227613,46.4847156],[12.1228364,46.4846786],[12.1229276,46.4846639],[12.1230134,46.4845531],[12.1231046,46.4843536],[12.1231743,46.484313],[12.1232441,46.4842686],[12.1233513,46.4840138],[12.1233996,46.4839621],[12.1234855,46.4838439],[12.1235015,46.4837811],[12.1235069,46.4837183],[12.1234962,46.4836481],[12.1234479,46.483589],[12.1233782,46.4835447],[12.1233031,46.4835077],[12.1232387,46.4834634],[12.1232387,46.4833969],[12.1232172,46.4833341],[12.1231099,46.483227],[12.1230831,46.4831642],[12.1230885,46.4830977],[12.1231099,46.4830349],[12.1231099,46.4829057],[12.1230831,46.4828429],[12.1230938,46.4827801],[12.1232494,46.4825547],[12.1232441,46.4824846],[12.1232119,46.4824255],[12.1231475,46.4823811],[12.1228846,46.4823774],[12.1228042,46.482407],[12.1227398,46.4824476],[12.1227048,46.4825041],[12.1226432,46.4825474],[12.1225735,46.4826619],[12.1225574,46.4827247],[12.1225413,46.4828539],[12.1224501,46.4829574],[12.1223321,46.4830497],[12.1222946,46.4831051],[12.1222892,46.4831642],[12.1222194,46.483275],[12.1221658,46.4833231],[12.1221014,46.4833674],[12.1220156,46.4833415],[12.1219941,46.4832787],[12.1219967,46.4832133],[12.1219351,46.4831901],[12.1218493,46.4831901],[12.1217688,46.4832122],[12.121683,46.4832196],[12.1216186,46.4831753],[12.1216723,46.4831162],[12.1217474,46.4830793],[12.1218278,46.4830497],[12.1219029,46.4830054],[12.1219405,46.4828761],[12.1219244,46.4828133],[12.1219566,46.4827505],[12.1220478,46.482636],[12.1220156,46.4825732],[12.1219727,46.4825178],[12.1219512,46.482455],[12.1219459,46.4823922],[12.1220424,46.4823885],[12.122139,46.4823959],[12.1222302,46.4823701],[12.1222999,46.4823257],[12.1224662,46.4822555],[12.1225574,46.4822408],[12.1226486,46.4822408],[12.1227452,46.4822223],[12.1228277,46.4821871],[12.1228256,46.4821595],[12.1230509,46.4820413],[12.1232923,46.4818972],[12.1234533,46.4818308],[12.1235176,46.481779],[12.1235445,46.4817199],[12.1236303,46.4814651],[12.1236893,46.481417],[12.1237698,46.4813838],[12.1238395,46.4813432],[12.1238878,46.4812878],[12.1238878,46.4812213],[12.1238663,46.4811622],[12.123759,46.4810661],[12.123641,46.4810292],[12.1235713,46.4809922],[12.1235284,46.4809405],[12.1235337,46.4808777],[12.1235874,46.4808223],[12.1237268,46.4807337],[12.1237859,46.480682],[12.1238878,46.4805601],[12.1238931,46.4804936],[12.1238824,46.4804308],[12.1238395,46.4803717],[12.1237751,46.4803199],[12.1235552,46.4802091],[12.1235337,46.4801426],[12.1234747,46.4800872],[12.1233996,46.4800466],[12.1233138,46.4800503],[12.1232655,46.480102],[12.1232333,46.4801537],[12.1232494,46.4802202],[12.1233299,46.4803384],[12.1233406,46.4804049],[12.1233352,46.4804677],[12.123287,46.4805231],[12.1232119,46.4805564],[12.1231314,46.4805268],[12.123126,46.4804012],[12.123067,46.4802719],[12.1230295,46.4802091],[12.1230134,46.4801426],[12.1229758,46.4800872],[12.1229115,46.4800429],[12.1228203,46.4800244],[12.1227237,46.4800207],[12.1226325,46.4800244],[12.1224555,46.4800614],[12.1223697,46.4800614],[12.1222892,46.4800392],[12.1222463,46.4799764],[12.1222141,46.4798508],[12.1221551,46.4797954],[12.1220639,46.4797843],[12.1219727,46.479788],[12.1218869,46.4798102],[12.1218278,46.4798545],[12.1218118,46.4799136],[12.1218439,46.4799727],[12.1218976,46.4800244],[12.1219244,46.4800872],[12.1218815,46.4801389],[12.1215811,46.4803606],[12.1213611,46.4804714],[12.1212914,46.4805157],[12.1210178,46.480778],[12.1208032,46.4808777],[12.1207389,46.4809294],[12.1206906,46.4809812],[12.1204814,46.4812693],[12.1205136,46.4813284],[12.120755,46.4814207],[12.1208032,46.4814761],[12.1207818,46.4815389],[12.1206691,46.4817089],[12.1206584,46.4817717],[12.1206906,46.4818308],[12.1207764,46.4818529],[12.120873,46.4818566],[12.1209642,46.4818788],[12.1209749,46.4820044],[12.1209266,46.4820561],[12.1208623,46.4821004],[12.1208193,46.4821558],[12.1207657,46.4822075],[12.1206906,46.4822592],[12.1206209,46.4822962],[12.1205618,46.4823479],[12.1204653,46.482455],[12.1204277,46.4825104],[12.1204116,46.4825732],[12.1203955,46.4827025],[12.1203955,46.4827653],[12.120417,46.4828281],[12.1204706,46.4828798],[12.120535,46.4829278],[12.1206638,46.4829758],[12.1208193,46.4830534],[12.1208837,46.4831125],[12.1209588,46.483227],[12.1210393,46.4832529],[12.1211519,46.4832492],[12.1211948,46.4832676],[12.1212378,46.4833194],[12.1212217,46.4833822],[12.1211305,46.4834819],[12.1211036,46.483541],[12.1211197,46.4836038],[12.1211734,46.4836555],[12.1212485,46.4836998]],[[12.1160207,46.4850749],[12.1156286,46.48512],[12.115495,46.4857915],[12.1150707,46.4863536],[12.115141,46.4874683],[12.1153497,46.4886805],[12.1150015,46.4892116],[12.1151887,46.49018],[12.115023,46.4904156],[12.1154784,46.4916499],[12.1162353,46.4913316],[12.1165357,46.4910435],[12.1163104,46.4907923],[12.1164928,46.490519],[12.1172272,46.490638],[12.117512,46.4904378],[12.1179353,46.490505],[12.1177529,46.4912732],[12.1180319,46.4913914],[12.1180485,46.490977],[12.1184991,46.4908293],[12.1186541,46.4904459],[12.1190726,46.4903277],[12.1192501,46.4899651],[12.1197866,46.4900094],[12.1199904,46.4897213],[12.1202264,46.4898912],[12.1210311,46.489352],[12.1219645,46.4892264],[12.1212993,46.4884434],[12.1212477,46.4885295],[12.1209179,46.4890794],[12.1200226,46.4881405],[12.1197222,46.4881405],[12.119572,46.4891377],[12.119175,46.4890269],[12.1192394,46.4887463],[12.1187185,46.4886805],[12.1186219,46.4889169],[12.1175228,46.4889679],[12.1173023,46.4888135],[12.1168039,46.4888127],[12.1160041,46.4878236],[12.1157037,46.4872031],[12.1155379,46.4863824],[12.1156238,46.4860057],[12.1158705,46.4857915],[12.1164606,46.4857102],[12.116407,46.4848976],[12.1161173,46.4849124],[12.1160207,46.4850749]],[[12.1115363,46.5058105],[12.111488,46.5056701],[12.1115953,46.5056332],[12.1117991,46.5055926],[12.111724,46.5054745],[12.1115148,46.5054043],[12.1112037,46.5052935],[12.1110588,46.5053563],[12.1109408,46.5054043],[12.110855,46.5055114],[12.1108282,46.5057108],[12.1107477,46.5058068],[12.1106565,46.5059101],[12.1106565,46.5060615],[12.1108174,46.5061649],[12.1110481,46.5061686],[12.1112251,46.5062277],[12.11137,46.5061612],[12.1117777,46.5059212],[12.1118045,46.5058252],[12.1117991,46.5057625],[12.1116811,46.5057551],[12.1115363,46.5058105]],[[12.1455106,46.5069153],[12.145532,46.5066014],[12.1450707,46.506487],[12.1442231,46.5070519],[12.1451082,46.5074359],[12.1455106,46.5069153]],[[12.1370736,46.5081679],[12.1368429,46.5081125],[12.1366256,46.5080885],[12.1365425,46.5081439],[12.1365425,46.5081827],[12.1365586,46.5082362],[12.1366096,46.5082694],[12.1367329,46.5082823],[12.1368188,46.5083359],[12.1368644,46.5084651],[12.1368483,46.5085888],[12.1368268,46.5086571],[12.1367088,46.5087106],[12.1366766,46.5087605],[12.1367034,46.508838],[12.1367839,46.5089008],[12.1369958,46.508886],[12.1370548,46.5089155],[12.1371728,46.5089506],[12.1372452,46.5089451],[12.137256,46.5089008],[12.1371996,46.5088269],[12.137213,46.5087752],[12.1373311,46.5087014],[12.1374276,46.5086054],[12.1374249,46.5084725],[12.1373659,46.5083599],[12.1372399,46.5082362],[12.1370736,46.5081679]],[[12.1330181,46.5148021],[12.1330422,46.5146914],[12.1330744,46.5145548],[12.1331227,46.5144514],[12.1332085,46.5143924],[12.1332917,46.5143794],[12.1334848,46.514361],[12.1336028,46.5142964],[12.1336806,46.5141635],[12.1338335,46.5139789],[12.133989,46.5138201],[12.1340185,46.5137205],[12.1339488,46.5136448],[12.1338335,46.5136171],[12.1336699,46.5136134],[12.1335599,46.5136134],[12.1333694,46.5135673],[12.1332031,46.5134547],[12.1329886,46.5133587],[12.1328947,46.5133587],[12.1327686,46.5134011],[12.1325541,46.5135045],[12.1321464,46.5136282],[12.1320364,46.5136965],[12.1320283,46.5137555],[12.132082,46.5137998],[12.1320981,46.5138774],[12.1322027,46.5139623],[12.1324065,46.5141302],[12.1324199,46.514169],[12.1324012,46.5142225],[12.1324146,46.5143204],[12.1325541,46.5144237],[12.132825,46.5145585],[12.132892,46.5146526],[12.1329027,46.5148077],[12.1328464,46.5149147],[12.1328089,46.5149867],[12.1328625,46.5150439],[12.1329242,46.5150439],[12.1329913,46.5150292],[12.1330127,46.5150033],[12.1330208,46.5149369],[12.1330181,46.5148021]],[[12.1090901,46.5063864],[12.1089452,46.5060689],[12.1087629,46.5059544],[12.1085778,46.5059378],[12.108382,46.5059286],[12.1082827,46.5059581],[12.1081647,46.5059766],[12.1081218,46.5060781],[12.1080279,46.5060689],[12.1078885,46.5061317],[12.1077007,46.5060837],[12.1075129,46.5059803],[12.1073735,46.5059323],[12.1073896,46.5060726],[12.1075183,46.506272],[12.1076363,46.5064603],[12.1078294,46.5066707],[12.1081567,46.5067298],[12.1085697,46.5067741],[12.109015,46.506763],[12.109184,46.506704],[12.1091357,46.5065526],[12.1090901,46.5063864]],[[12.106306,46.5076122],[12.106373,46.5077119],[12.1066546,46.5077378],[12.1067619,46.5077396],[12.1068531,46.5077341],[12.1069269,46.5077082],[12.1069966,46.5076953],[12.1070556,46.5076667],[12.1070985,46.5076298],[12.1071254,46.5075772],[12.1070771,46.5075421],[12.1070248,46.507507],[12.106998,46.5074627],[12.1069564,46.5074424],[12.1068826,46.5074682],[12.1066385,46.5074996],[12.106491,46.5075864],[12.1064079,46.5075513],[12.106306,46.5076122]],[[12.1069604,46.5080793],[12.1069229,46.5081679],[12.1069765,46.508238],[12.1070811,46.5082694],[12.1072447,46.5083193],[12.1073037,46.5083968],[12.1072179,46.5084799],[12.1072876,46.5086146],[12.1075049,46.5086515],[12.1076095,46.5086165],[12.10758,46.5085334],[12.1075398,46.5084706],[12.1075988,46.5083451],[12.1075183,46.5081845],[12.107462,46.5080202],[12.107403,46.5078374],[12.1075076,46.5077765],[12.1076685,46.5077341],[12.1078563,46.5077027],[12.1079501,46.5076639],[12.1080708,46.5076159],[12.108036,46.5075568],[12.1079689,46.5074498],[12.107867,46.5073889],[12.1077463,46.5073925],[12.1076283,46.5074387],[12.1075398,46.5073999],[12.1074486,46.5073981],[12.1073775,46.5074064],[12.1072689,46.5074682],[12.1071736,46.507483],[12.1071428,46.5075098],[12.1071643,46.5075402],[12.1071871,46.5075892],[12.1072702,46.5076205],[12.1073171,46.5076621],[12.1073493,46.5076971],[12.1073104,46.5077562],[12.1072152,46.5077858],[12.1071388,46.5077821],[12.1070798,46.5077719],[12.1070449,46.5077498],[12.1070006,46.5077461],[12.1069765,46.5077562],[12.1069711,46.5077802],[12.1069872,46.5078541],[12.1069926,46.5079537],[12.1069604,46.5080793]],[[12.1089284,46.5139079],[12.1090902,46.514446],[12.1092779,46.5143795],[12.1095078,46.5143657],[12.1098251,46.5145493],[12.1103776,46.5146121],[12.1101953,46.5144275],[12.1102221,46.5143241],[12.1096374,46.5139808],[12.1097277,46.5142143],[12.1095891,46.5142946],[12.1094228,46.5142577],[12.1089284,46.5139079]],[[12.131685,46.5152986],[12.131636,46.5152461],[12.131508,46.5152248],[12.1313766,46.5151842],[12.1312505,46.5151011],[12.1310976,46.5149922],[12.1309501,46.5148944],[12.1308187,46.514876],[12.1306068,46.5149443],[12.1305987,46.515031],[12.1307328,46.5152507],[12.1308857,46.51533],[12.1310467,46.5153706],[12.1313739,46.515474],[12.1314543,46.5154851],[12.1315804,46.5154777],[12.1316126,46.5154205],[12.131685,46.5152986]],[[12.1144756,46.5168866],[12.1143196,46.5168288],[12.1142585,46.516759],[12.1141665,46.5167357],[12.1140419,46.5167514],[12.1138497,46.516781],[12.1137284,46.5169332],[12.1139322,46.5170521],[12.1141644,46.517154],[12.1144182,46.5172363],[12.1145744,46.51725],[12.1146192,46.517163],[12.1146438,46.517096],[12.1145786,46.516982],[12.1144756,46.5168866]],[[12.1122187,46.5196796],[12.112285,46.519675],[12.1123356,46.5196623],[12.1123686,46.5196526],[12.1124019,46.5196407],[12.1124328,46.5196256],[12.1124538,46.5196024],[12.1123825,46.5195982],[12.1123883,46.5195255],[12.112396,46.5194919],[12.1123985,46.519473],[12.1123942,46.5194612],[12.1123487,46.5194188],[12.1122937,46.5193426],[12.1122734,46.5193121],[12.1122701,46.5192686],[12.1122693,46.5191751],[12.1122651,46.5191016],[12.1122153,46.5191065],[12.1121472,46.519122],[12.1120577,46.5191309],[12.1119621,46.5191426],[12.1118958,46.5191512],[12.1117735,46.5191875],[12.1116765,46.5192194],[12.1115676,46.5192406],[12.1114565,46.5192511],[12.1113493,46.5192629],[12.1112597,46.5192758],[12.1111838,46.519286],[12.1110982,46.5193057],[12.1110833,46.5193462],[12.1111033,46.5193704],[12.1111351,46.5193997],[12.1111707,46.5194223],[12.1112066,46.5194598],[12.1112253,46.5195163],[12.1112379,46.5195579],[12.1112268,46.5195944],[12.1112029,46.5196056],[12.1111405,46.5196265],[12.1111347,46.5196409],[12.1111481,46.5196536],[12.1111738,46.5196772],[12.111223,46.5196996],[12.1112742,46.5197194],[12.1113507,46.5197389],[12.1114153,46.5197464],[12.1115052,46.5197483],[12.1115774,46.5197422],[12.1116748,46.5197265],[12.111768,46.5197068],[12.1118557,46.5196938],[12.1119453,46.5196835],[12.112043,46.5196826],[12.1121211,46.5196818],[12.1122187,46.5196796]],[[12.1171849,46.5264796],[12.1171538,46.5264169],[12.1170126,46.526237],[12.1171199,46.5259023],[12.1171821,46.5257709],[12.1170614,46.5255347],[12.1163962,46.5254018],[12.1159456,46.5253871],[12.1156023,46.5254387],[12.1155012,46.5254417],[12.115141,46.5254461],[12.1149264,46.5254978],[12.1148298,46.5258447],[12.1149478,46.5261326],[12.1152161,46.5265607],[12.1156023,46.5269442],[12.1157707,46.5273779],[12.1158931,46.5280079],[12.1161602,46.5284058],[12.1166645,46.528701],[12.1171687,46.5287232],[12.1174477,46.5285755],[12.1176837,46.528295],[12.1177159,46.5279333],[12.1177373,46.5275967],[12.1178339,46.5273432],[12.1175925,46.5269671],[12.1173114,46.526598],[12.1171849,46.5264796]],[[12.071625,46.4920884],[12.0717537,46.4925833],[12.0719469,46.4928049],[12.0725584,46.492683],[12.0731592,46.4928123],[12.073347,46.4924429],[12.0719522,46.491756],[12.071625,46.4920884]],[[12.0652409,46.4904802],[12.0656205,46.4905183],[12.0656996,46.4906],[12.065668,46.4906926],[12.0655731,46.4907906],[12.0653832,46.4908505],[12.0650511,46.4909702],[12.0650827,46.4913078],[12.0654149,46.4915909],[12.0655493,46.4918468],[12.0654861,46.4922498],[12.0652804,46.4925982],[12.064885,46.4927616],[12.0646003,46.4928977],[12.0639439,46.4929521],[12.0634377,46.493159],[12.0629632,46.4932026],[12.0624571,46.4932461],[12.0620142,46.4934258],[12.0621407,46.493698],[12.0623305,46.4940301],[12.0624096,46.4943024],[12.0621328,46.4948141],[12.0617374,46.4951626],[12.0619351,46.4952061],[12.0624333,46.4950101],[12.0627813,46.4947706],[12.0630107,46.4946671],[12.0631847,46.494433],[12.0634298,46.4944494],[12.0636038,46.4947161],[12.0636354,46.4948414],[12.06411,46.4946617],[12.0642444,46.4947325],[12.0646873,46.4945093],[12.0650274,46.4944058],[12.06532,46.4944221],[12.06566,46.4945691],[12.065755,46.4944548],[12.0657945,46.4941554],[12.0659606,46.4941499],[12.0660871,46.4942044],[12.0662374,46.4941989],[12.0665221,46.4941445],[12.0663323,46.4938341],[12.0663955,46.4935292],[12.0665774,46.4933006],[12.066356,46.4932679],[12.0662057,46.4934204],[12.0660792,46.4934367],[12.0660159,46.4931917],[12.0660634,46.4930283],[12.0659922,46.492865],[12.0663165,46.4927452],[12.0660397,46.4924948],[12.0658973,46.4924185],[12.065834,46.4921626],[12.065747,46.4917924],[12.0658973,46.4916672],[12.0662927,46.4917706],[12.0668305,46.4918904],[12.066878,46.4920592],[12.0666961,46.492179],[12.0670599,46.4924458],[12.0676372,46.4924948],[12.0682541,46.4925111],[12.06861,46.4924567],[12.0679687,46.4929436],[12.0694524,46.4932776],[12.0701659,46.493525],[12.0707345,46.4947437],[12.0710778,46.4953715],[12.0717698,46.4958811],[12.07214,46.4948951],[12.0714158,46.493898],[12.070241,46.4930855],[12.0690708,46.4922395],[12.069152,46.492166],[12.0699849,46.4927694],[12.0701679,46.492669],[12.0699544,46.4922552],[12.0699754,46.4919698],[12.0700493,46.4918087],[12.0723288,46.4911778],[12.072038,46.4906],[12.0710993,46.4899389],[12.0701015,46.489987],[12.0699781,46.4903748],[12.0704287,46.4905188],[12.0710939,46.4906961],[12.0707613,46.4910063],[12.0700532,46.4910469],[12.0694641,46.4913459],[12.0690992,46.4912034],[12.0688619,46.4913002],[12.0686653,46.4917325],[12.0685388,46.4914058],[12.0681908,46.4911935],[12.0676846,46.4909648],[12.0673525,46.4907906],[12.0674078,46.4906436],[12.0672259,46.4905619],[12.0667514,46.4906],[12.0665379,46.4904366],[12.0664825,46.4902406],[12.0662216,46.4902624],[12.065989,46.4902955],[12.0658419,46.4902515],[12.0654307,46.4902297],[12.0649957,46.4901753],[12.0649562,46.4903985],[12.0652409,46.4904802]],[[12.0748544,46.4937134],[12.0754605,46.4935841],[12.0753962,46.4930745],[12.0747578,46.4927975],[12.0742589,46.4930671],[12.0736366,46.4929489],[12.073465,46.493333],[12.0735884,46.4934179],[12.0737493,46.4939534],[12.074275,46.4941787],[12.0748436,46.4944852],[12.0750904,46.4943633],[12.0748544,46.4937134]],[[12.0641363,46.4975669],[12.0641711,46.4975411],[12.0641148,46.4974063],[12.0640048,46.4973823],[12.0640445,46.4973276],[12.0640987,46.497253],[12.0641631,46.4971552],[12.0641738,46.4970444],[12.0641255,46.4968967],[12.064198,46.496749],[12.0643294,46.4966493],[12.0642516,46.4965606],[12.0641389,46.4965256],[12.0640799,46.4965736],[12.0640692,46.4966511],[12.0640236,46.4967453],[12.0639512,46.4968062],[12.0638144,46.4968025],[12.0637473,46.4967287],[12.0637581,46.4966714],[12.063683,46.4965828],[12.0636052,46.4966049],[12.0636347,46.4967047],[12.0635059,46.4968007],[12.0636213,46.4968875],[12.0635354,46.496989],[12.0633799,46.497085],[12.0634979,46.4972217],[12.0635891,46.4973084],[12.063691,46.4973915],[12.0637152,46.4974765],[12.0637152,46.4975872],[12.0637903,46.4977497],[12.0638198,46.4978439],[12.0639083,46.4978088],[12.0639217,46.4977497],[12.0639592,46.4976833],[12.0639834,46.4976075],[12.0639861,46.4975208],[12.0640933,46.4975115],[12.0641363,46.4975669]],[[12.1022344,46.4973066],[12.1020842,46.4984477],[12.1022719,46.4985658],[12.1027708,46.4981264],[12.1026313,46.4972069],[12.1025079,46.496797],[12.1022344,46.4973066]],[[12.0950179,46.5003271],[12.0949399,46.5004562],[12.0948682,46.5006777],[12.0948924,46.5010117],[12.0948582,46.50113],[12.0947806,46.501273],[12.095064,46.5015969],[12.0951394,46.5017777],[12.095285,46.5019084],[12.0954384,46.5019692],[12.0955346,46.5020658],[12.0956022,46.502252],[12.0955996,46.5024166],[12.0956282,46.5024936],[12.0957686,46.5027065],[12.0959047,46.5026833],[12.095883,46.5025687],[12.0959116,46.5024309],[12.0958339,46.5022188],[12.0959143,46.5020381],[12.0959253,46.5018837],[12.0958831,46.5016812],[12.0958978,46.5015749],[12.0959734,46.5014138],[12.0960117,46.5012902],[12.0961276,46.501194],[12.0964089,46.5010649],[12.09653,46.5009311],[12.0965541,46.5008574],[12.0965103,46.5007509],[12.0963868,46.500665],[12.0961754,46.5006397],[12.0960356,46.5006207],[12.0959106,46.5005549],[12.0958096,46.500395],[12.0956624,46.5002628],[12.0955756,46.5002299],[12.095394,46.5002714],[12.0952249,46.5002727],[12.0950179,46.5003271]],[[12.1044284,46.5035138],[12.1043909,46.5034326],[12.1041924,46.5034326],[12.1041924,46.5033144],[12.1039456,46.5031704],[12.103672,46.5032074],[12.1035218,46.5032923],[12.1034521,46.5034585],[12.1034467,46.5035065],[12.1033716,46.5036135],[12.1035701,46.5036615],[12.1039134,46.5037206],[12.104128,46.5036431],[12.104423,46.5036468],[12.1045303,46.5037391],[12.1046162,46.5038203],[12.1047717,46.5038831],[12.1048629,46.5037908],[12.1048951,46.503728],[12.1047771,46.5036763],[12.104584,46.5036578],[12.1044284,46.5035138]],[[12.1072715,46.5039385],[12.1070623,46.5038757],[12.1070141,46.5037908],[12.1069229,46.5037428],[12.1068209,46.5038609],[12.1065474,46.5041083],[12.106483,46.5043188],[12.1069443,46.5044222],[12.1073145,46.5044665],[12.1074432,46.5043557],[12.1074271,46.504256],[12.1075129,46.504112],[12.1073627,46.5040751],[12.1072715,46.5039385]],[[12.1078724,46.5049686],[12.1077892,46.5049077],[12.1078402,46.5048135],[12.1077436,46.504784],[12.1075907,46.5047932],[12.1074674,46.5047471],[12.1073171,46.5047785],[12.1071669,46.5047785],[12.1072233,46.5048431],[12.1072608,46.5049095],[12.1073037,46.5049908],[12.107285,46.5050886],[12.107411,46.5051662],[12.1075693,46.5051938],[12.1076578,46.5051532],[12.1077624,46.5050978],[12.1078992,46.5050628],[12.1079072,46.5050332],[12.1078724,46.5049686]],[[12.1082559,46.5050978],[12.1081808,46.5050738],[12.1079689,46.5051292],[12.1079113,46.5050803],[12.1078348,46.5051237],[12.1077195,46.5051717],[12.1077812,46.5052289],[12.1078107,46.5053157],[12.1079126,46.5053785],[12.1080628,46.5054468],[12.108162,46.5054117],[12.1082774,46.5053914],[12.1083471,46.505336],[12.1083149,46.5052197],[12.1082559,46.5050978]],[[12.1080762,46.5055963],[12.1079475,46.5054892],[12.1075934,46.5053046],[12.107411,46.5053637],[12.1073091,46.5054634],[12.1072662,46.5055225],[12.1072715,46.5056332],[12.1074271,46.5057588],[12.1076551,46.5058271],[12.1077597,46.5057698],[12.1078885,46.5056997],[12.1080145,46.5056461],[12.1080762,46.5055963]],[[12.1029049,46.5058621],[12.1030229,46.5057145],[12.1031946,46.5055298],[12.1031678,46.5053526],[12.1028084,46.5054708],[12.1025401,46.5055594],[12.1023256,46.5055963],[12.102111,46.5056406],[12.1019769,46.5057514],[12.1019822,46.5059508],[12.1021485,46.5060652],[12.1023899,46.5060911],[12.1026421,46.5059581],[12.1027118,46.5058511],[12.1029049,46.5058621]],[[12.0913557,46.5156275],[12.0905832,46.5163215],[12.0898322,46.5167054],[12.0895747,46.5175323],[12.0908879,46.5173189],[12.0908836,46.5170598],[12.0921067,46.5168678],[12.0929006,46.5169859],[12.0930938,46.5172812],[12.0935658,46.5172812],[12.0936517,46.5176061],[12.0948747,46.5180343],[12.0956086,46.5178505],[12.0956032,46.5176957],[12.0955871,46.5172303],[12.0958491,46.5165198],[12.0959519,46.516241],[12.0947932,46.5161672],[12.09451,46.5158637],[12.0950078,46.5156208],[12.0948104,46.5150368],[12.0940593,46.5149925],[12.0931152,46.5153912],[12.0926002,46.5153912],[12.0920852,46.5155979],[12.0913557,46.5156275]],[[12.0261673,46.5156201],[12.0249592,46.5159309],[12.0251416,46.516396],[12.0249377,46.5171565],[12.0240258,46.5174149],[12.0244077,46.5176356],[12.0252017,46.5174806],[12.0253197,46.5179014],[12.0253669,46.518227],[12.024691,46.5184189],[12.0241975,46.5182787],[12.0234422,46.5184182],[12.0228778,46.518825],[12.0229057,46.5191196],[12.0231954,46.5190383],[12.0230817,46.5193861],[12.0225302,46.5194075],[12.0223049,46.5197914],[12.0225624,46.5199833],[12.0221804,46.5201465],[12.0205776,46.5198578],[12.020084,46.5202639],[12.0201269,46.5206699],[12.020878,46.5205518],[12.0202385,46.5214679],[12.0204059,46.5215484],[12.0214251,46.5209283],[12.0222512,46.5206182],[12.0226053,46.5206182],[12.0227062,46.5207887],[12.0236138,46.5208249],[12.0241288,46.5204115],[12.0238928,46.5199981],[12.0245687,46.51988],[12.0245622,46.5196666],[12.0240902,46.5196149],[12.0251588,46.5192894],[12.0255815,46.5195485],[12.0259205,46.519688],[12.026178,46.5194444],[12.0267788,46.519592],[12.0266608,46.5200571],[12.0271221,46.5202122],[12.0274698,46.5205525],[12.0278023,46.5207002],[12.0283667,46.5205518],[12.0286134,46.5201088],[12.0291756,46.5198586],[12.027341,46.5193492],[12.0273153,46.5190236],[12.0268582,46.5188028],[12.0274225,46.5183961],[12.0279912,46.5186544],[12.0282272,46.5183813],[12.0286671,46.5186175],[12.0286993,46.5184034],[12.0292465,46.5185585],[12.0288495,46.5171705],[12.0287315,46.5170967],[12.0286027,46.5161369],[12.0281628,46.5159671],[12.0278946,46.5154355],[12.0272294,46.5150885],[12.026708,46.5153181],[12.026811,46.5157751],[12.0263325,46.5157316],[12.0264033,46.5154207],[12.0261673,46.5156201]],[[12.0409006,46.5197642],[12.0409328,46.5197047],[12.0409891,46.5196728],[12.0410455,46.519659],[12.0410998,46.5196479],[12.0411803,46.519659],[12.0412608,46.5196742],[12.0413272,46.5196908],[12.0413856,46.5197019],[12.0414621,46.5197199],[12.0415768,46.5197296],[12.0416714,46.5197365],[12.0416996,46.5197227],[12.0416835,46.5196396],[12.0416493,46.5195468],[12.0415667,46.5195053],[12.0414923,46.5194651],[12.0414339,46.5194485],[12.0414339,46.5194277],[12.0414279,46.5193612],[12.0414037,46.5193031],[12.0413434,46.5192463],[12.0412447,46.5192075],[12.0411944,46.5191978],[12.0411622,46.5191687],[12.0410717,46.5191341],[12.0409972,46.5191286],[12.0409026,46.5191383],[12.040804,46.5191646],[12.0407215,46.5191881],[12.0406853,46.5192297],[12.0406209,46.5192685],[12.0405343,46.5193072],[12.0404941,46.5193599],[12.0404941,46.5194194],[12.0405021,46.5194886],[12.0405524,46.519562],[12.0405565,46.5196451],[12.0405242,46.5197033],[12.0405404,46.5197393],[12.0405846,46.5197573],[12.0406068,46.5197601],[12.040649,46.5198196],[12.0407436,46.5198501],[12.0408322,46.5198432],[12.0408684,46.5198196],[12.0409006,46.5197642]],[[12.0953391,46.5207433],[12.0954513,46.5205911],[12.0953983,46.5204539],[12.0951927,46.5203574],[12.0947846,46.5203253],[12.0944325,46.5203103],[12.0938104,46.5203803],[12.0937565,46.520246],[12.0934325,46.5203253],[12.0931209,46.5204753],[12.0936287,46.5207454],[12.0940618,46.5209234],[12.0944666,46.520953],[12.0950369,46.5209148],[12.0953391,46.5207433]],[[12.0943764,46.5220972],[12.0942258,46.5218766],[12.0939618,46.5218425],[12.0938186,46.5218697],[12.0936458,46.5219715],[12.0937199,46.5221074],[12.093715,46.5222603],[12.0937939,46.5223995],[12.0937939,46.5225218],[12.0938927,46.5226033],[12.0940309,46.5225625],[12.0942234,46.5224776],[12.0943764,46.5224063],[12.094406,46.5223078],[12.0943764,46.5220972]],[[12.0440673,46.522937],[12.0437304,46.5229732],[12.0432476,46.5232611],[12.0429257,46.5228403],[12.0425609,46.5227812],[12.0426618,46.5230403],[12.0422069,46.5230027],[12.0420073,46.5231954],[12.0415763,46.5231577],[12.0414536,46.5234496],[12.0408872,46.5230101],[12.0402907,46.5229444],[12.0402907,46.5231954],[12.0411598,46.5235866],[12.0415031,46.5240148],[12.041141,46.5241952],[12.0409127,46.5244054],[12.0408955,46.5245189],[12.0411061,46.5245832],[12.0413338,46.5244344],[12.0418043,46.5245229],[12.0420088,46.524362],[12.042152,46.52436],[12.0422487,46.5244374],[12.042518,46.5244717],[12.0435694,46.5242281],[12.0442775,46.5243315],[12.0446037,46.524],[12.0449749,46.5239402],[12.0453504,46.5240066],[12.0454363,46.524265],[12.0462195,46.5241395],[12.0464931,46.5240091],[12.0471037,46.5239854],[12.0476571,46.5240214],[12.0478395,46.5237335],[12.0487209,46.5236141],[12.0489459,46.5234975],[12.0489196,46.5234211],[12.0487267,46.523393],[12.0482877,46.5233034],[12.0484833,46.5230175],[12.0485288,46.5227884],[12.0488348,46.5224259],[12.0483974,46.5223014],[12.047944,46.522108],[12.0473396,46.5220973],[12.046831,46.5223161],[12.0461808,46.5221323],[12.0455543,46.5221316],[12.0452646,46.5222128],[12.0449427,46.5221759],[12.0446144,46.5223686],[12.0445627,46.5224359],[12.0447264,46.5225485],[12.0448827,46.5228189],[12.0451853,46.5229217],[12.0447543,46.5233875],[12.0440952,46.5232611],[12.0442346,46.5230396],[12.0440673,46.522937]],[[12.0868833,46.525685],[12.0866556,46.5252888],[12.087486,46.5250215],[12.0881423,46.5250768],[12.0888923,46.5251045],[12.0887945,46.5248038],[12.0886914,46.5244871],[12.0882762,46.5241185],[12.0875458,46.5238934],[12.0873789,46.523842],[12.0865619,46.5235011],[12.0864949,46.5230034],[12.0873789,46.5229021],[12.0880217,46.5226901],[12.0887583,46.5220358],[12.0898164,46.5218146],[12.0909816,46.5217686],[12.0913051,46.5215951],[12.0920129,46.5212156],[12.092495,46.520976],[12.0914771,46.5209392],[12.0904325,46.5213907],[12.090245,46.5213539],[12.0896423,46.5211603],[12.0884905,46.5213631],[12.0880083,46.5217041],[12.087553,46.5220819],[12.0876199,46.5222662],[12.0869235,46.5226072],[12.0862136,46.5229021],[12.0860931,46.5234642],[12.0860931,46.5237499],[12.086602,46.5241922],[12.0862003,46.5244871],[12.0861467,46.5248096],[12.086602,46.5251598],[12.0861467,46.5253625],[12.086294,46.5255376],[12.0857181,46.5258785],[12.0862538,46.5261458],[12.0864145,46.5264314],[12.0867494,46.5264683],[12.0872717,46.5265144],[12.0872985,46.5268369],[12.0876065,46.5263208],[12.0873253,46.5260444],[12.0868833,46.525685]],[[12.0824503,46.5330102],[12.082579,46.5329438],[12.0824825,46.5327814],[12.0827936,46.5326412],[12.0825039,46.53256],[12.0819621,46.5326597],[12.0817851,46.5325526],[12.0814954,46.5324235],[12.0812969,46.5325489],[12.0810394,46.532667],[12.080975,46.5327814],[12.0807229,46.5328848],[12.0804279,46.5330213],[12.0806693,46.5330656],[12.0810555,46.5330471],[12.0811253,46.5331505],[12.0813076,46.5331615],[12.0818065,46.5331505],[12.0818494,46.533121],[12.0821767,46.5330951],[12.0824503,46.5330102]]]},"properties":{"id":"438c5ffc-77ac-34f7-9681-46478e5c96e2","version":0,"sources":[{"property":"","dataset":"OpenStreetMap","license":"ODbL-1.0","record_id":"r3483671@27","update_time":"2025-09-27T20:31:38.000Z","confidence":null,"between":null}],"subtype":"forest","class":"forest","source_tags":[["landuse","forest"],["leaf_type","needleleaved"],["source","Bing"],["type","multipolygon"]]}}
{"type":"Feature","geometry":{"type":"Polygon","coordinates":[[[12.1019822,46.5059508],[12.1019769,46.5057514],[12.102111,46.5056406],[12.1023256,46.5055963],[12.1025401,46.5055594],[12.1028084,46.5054708],[12.1031678,46.5053526],[12.1031946,46.5055298],[12.1030229,46.5057145],[12.1029049,46.5058621],[12.1027118,46.5058511],[12.1026421,46.5059581],[12.1023899,46.5060911],[12.1021485,46.5060652],[12.1019822,46.5059508]]]},"properties":{"id":"931fafa3-34bf-33eb-a45a-d993bf3688a0","version":0,"sources":[{"property":"","dataset":"OpenStreetMap","license":"ODbL-1.0","record_id":"w1303845259@1","update_time":"2024-07-26T08:24:52.000Z","confidence":null,"between":null}],"subtype":"rock","class":"bare_rock","source_tags":[["natural","bare_rock"]]}}
{"type":"Feature","geometry":{"type":"Polygon","coordinates":[[[12.1068826,46.5074682],[12.1069564,46.5074424],[12.106998,46.5074627],[12.1070248,46.507507],[12.1070771,46.5075421],[12.1071254,46.5075772],[12.1070985,46.5076298],[12.1070556,46.5076667],[12.1069966,46.5076953],[12.1069269,46.5077082],[12.1068531,46.5077341],[12.1067619,46.5077396],[12.1066546,46.5077378],[12.106373,46.5077119],[12.106306,46.5076122],[12.1064079,46.5075513],[12.106491,46.5075864],[12.1066385,46.5074996],[12.1068826,46.5074682]]]},"properties":{"id":"646fd187-50d4-3933-b269-b1d0628a0f5b","version":0,"sources":[{"property":"","dataset":"OpenStreetMap","license":"ODbL-1.0","record_id":"w1311315462@1","update_time":"2024-08-26T16:39:15.000Z","confidence":null,"between":null}],"subtype":"rock","class":"bare_rock","source_tags":[["natural","bare_rock"]]}}
{"type":"Feature","geometry":{"type":"Polygon","coordinates":[[[11.8893636,46.7230853],[11.8894815,46.7222997],[11.8878937,46.7207846],[11.8877649,46.720152],[11.8894386,46.7176218],[11.8891597,46.7167097],[11.8899107,46.7152091],[11.8889022,46.7144882],[11.8889236,46.7133995],[11.8883228,46.7128992],[11.8877435,46.7127668],[11.8877005,46.7115604],[11.8851042,46.7102804],[11.8842888,46.7101626],[11.88416,46.7096918],[11.884439,46.7094123],[11.8839884,46.7091474],[11.8832803,46.7088973],[11.8829369,46.7085147],[11.8831086,46.7077055],[11.8842888,46.7070581],[11.8841171,46.7065578],[11.8836665,46.7061752],[11.8833661,46.7038797],[11.8854689,46.7025995],[11.8851471,46.702364],[11.8840742,46.7020403],[11.8840098,46.7017166],[11.8854689,46.7015253],[11.8848467,46.6999507],[11.8866706,46.6991854],[11.8868422,46.698582],[11.8864774,46.6978609],[11.8874001,46.6970662],[11.8859625,46.6958153],[11.8872714,46.695359],[11.887443,46.6944613],[11.8881511,46.6940639],[11.8881893,46.6937499],[11.8882799,46.6930042],[11.8912625,46.6904727],[11.8912411,46.6890302],[11.8967771,46.68563],[11.9007897,46.6836428],[11.9020128,46.6818321],[11.9015837,46.679992],[11.900382,46.6790792],[11.899631,46.6780045],[11.9006824,46.6765617],[11.9004679,46.6759287],[11.900897,46.6747361],[11.9022273,46.674],[11.9089221,46.6667557],[11.9094371,46.654562],[11.9030856,46.6469616],[11.8974638,46.6330541],[11.8951463,46.6321259],[11.893934,46.6296577],[11.893022,46.6277348],[11.8910479,46.6266811],[11.891917,46.6243675],[11.8902647,46.6234466],[11.8915727,46.6216927],[11.8948138,46.6202559],[11.8962192,46.6190253],[11.8951839,46.6170348],[11.8945097,46.6129866],[11.8944167,46.612658],[11.9038049,46.5917868],[11.9039257,46.591518],[11.9042873,46.5911336],[11.9078921,46.589541],[11.9078298,46.5836109],[11.9076395,46.5834333],[11.9053817,46.5813268],[11.9009185,46.5798666],[11.8804263,46.5583882],[11.872015,46.5531058],[11.8736887,46.5469079],[11.8758344,46.5428051],[11.8798685,46.5404141],[11.8825292,46.5402665],[11.8870353,46.5375211],[11.8876791,46.5340081],[11.8739032,46.5206623],[11.8724012,46.5138405],[11.8641985,46.5124964],[11.8615865,46.5120684],[11.858325,46.5068406],[11.8660926,46.504389],[11.8726587,46.4984809],[11.8787097,46.4979196],[11.8815851,46.4987468],[11.8933857,46.4970648],[11.902399,46.4972106],[11.9253158,46.4930745],[11.9524724,46.476699],[11.9603777,46.4719311],[11.9610429,46.4705272],[11.9669652,46.4684581],[11.9681024,46.4691084],[11.9717502,46.4675419],[11.9720935,46.4722415],[11.9754409,46.4736306],[11.9752264,46.4755221],[11.9777154,46.4761723],[11.9786167,46.4785661],[11.9833374,46.479098],[11.9856119,46.4834421],[11.9845164,46.4842451],[11.9842815,46.4844172],[11.9868135,46.4899427],[11.989088,46.5012873],[11.9911909,46.5058363],[11.9978427,46.5076676],[12.0011043,46.5098829],[12.0041942,46.516144],[12.0083785,46.5187133],[12.0185709,46.5242648],[12.0222187,46.5384658],[12.0328617,46.5416539],[12.0405435,46.5487083],[12.041316,46.5517482],[12.0437622,46.5530172],[12.0429468,46.5591849],[12.0447492,46.5600112],[12.0444488,46.5621062],[12.0524311,46.5747043],[12.0574951,46.5768873],[12.0591259,46.5765333],[12.0659923,46.5782738],[12.0729017,46.5827573],[12.0743608,46.5850875],[12.0783948,46.587388],[12.0813989,46.5865032],[12.0866775,46.5906027],[12.0857763,46.5921068],[12.0932865,46.6004815],[12.0961189,46.5988008],[12.0979642,46.6001277],[12.1033399,46.5996189],[12.1037215,46.6007728],[12.1022846,46.602837],[12.1024136,46.6035152],[12.1009762,46.6040757],[12.1003327,46.6047981],[12.1000545,46.6068326],[12.0966003,46.6082041],[12.0959142,46.6093245],[12.0969231,46.6104299],[12.0950144,46.6129951],[12.0953585,46.6150143],[12.0970754,46.6159278],[12.097269,46.6171217],[12.0987499,46.6178288],[12.100768,46.6206434],[12.1002543,46.6238709],[12.0971438,46.6261115],[12.097509,46.6273197],[12.0957285,46.6286168],[12.0959004,46.6293093],[12.0884571,46.635676],[12.0797016,46.6336296],[12.0758184,46.635251],[12.074252,46.6353691],[12.0710329,46.6341468],[12.0684795,46.6345893],[12.0664839,46.6341772],[12.0606279,46.6357652],[12.0565928,46.6366395],[12.0513581,46.6391745],[12.048826,46.6389687],[12.043076,46.6406492],[12.0402445,46.6430363],[12.0333362,46.6456008],[12.0321343,46.6451591],[12.0278863,46.6466919],[12.0207628,46.6477243],[12.0161728,46.65291],[12.0134854,46.653601],[12.0130238,46.6537196],[12.0107424,46.6543062],[12.0090384,46.6547443],[12.008835,46.6547966],[12.0084997,46.6547806],[12.0057451,46.6546498],[11.9993087,46.6568897],[11.9975929,46.6591581],[11.9941174,46.6609259],[11.9915854,46.6609558],[11.9875523,46.6631066],[11.9871666,46.6648149],[11.9796584,46.6696167],[11.9760965,46.6700001],[11.9727935,46.6739172],[11.9686737,46.6741536],[11.9692329,46.6775396],[11.9637405,46.67916],[11.9588924,46.6829884],[11.9545157,46.6844024],[11.9503113,46.6879065],[11.9450753,46.6869948],[11.9397783,46.6888978],[11.9394181,46.6891524],[11.932332,46.6936501],[11.9294154,46.6978891],[11.9294165,46.7006558],[11.9228522,46.705513],[11.9183896,46.706897],[11.9116969,46.7124304],[11.8893636,46.7230853]]]},"properties":{"id":"a225296f-3f8b-3ee7-b495-c574ad16cbaf","version":0,"sources":[{"property":"","dataset":"OpenStreetMap","license":"ODbL-1.0","record_id":"w888483298@11","update_time":"2025-09-10T12:03:03.000Z","confidence":null,"between":null}],"subtype":"physical","class":"mountain_range","names":{"primary":"Dolomiti Orientali di Badia","common":null,"rules":null},"source_tags":[["description","SOIUSA: Alpi orientali / Alpi Sud-orientali / Dolomiti / Dolomiti di Sesto, di Braies e d'Ampezzo / Dolomiti Orientali di Badia"],["natural","mountain_range"],["place","region"],["wikipedia","it:Dolomiti Orientali di Badia"]]}}
{"type":"Feature","geometry":{"type":"Polygon","coordinates":[[[12.1015477,46.5993241],[12.1020248,46.5992982],[12.1026905,46.5995865],[12.1030667,46.5996263],[12.1033861,46.5990967],[12.1037793,46.5990698],[12.1042678,46.599149],[12.1051071,46.5994175],[12.1064529,46.5989601],[12.1062069,46.5987513],[12.106641,46.5978664],[12.1078276,46.5977172],[12.1080302,46.5975382],[12.1079144,46.5967925],[12.1087611,46.5955113],[12.1088154,46.5955614],[12.1090181,46.5956099],[12.109293,46.5955999],[12.1099387,46.5954333],[12.1110333,46.5947889],[12.11199,46.5940429],[12.1121584,46.5937288],[12.1122759,46.5927696],[12.1127362,46.5931058],[12.1133274,46.5927696],[12.1127695,46.5913541],[12.1122856,46.5913511],[12.112151,46.5909937],[12.1121257,46.5909264],[12.1126193,46.5906905],[12.1121783,46.5894489],[12.1126933,46.5886968],[12.1125549,46.5860166],[12.1129937,46.5858507],[12.1134347,46.5858986],[12.1135945,46.5860424],[12.1138853,46.5860166],[12.1146459,46.5868535],[12.1147747,46.5862636],[12.1149808,46.5863648],[12.1154692,46.5866045],[12.1159763,46.5868535],[12.1165374,46.5872116],[12.1168775,46.5874286],[12.1187347,46.5871816],[12.1176833,46.5877125],[12.116825,46.5883171],[12.1172327,46.5886563],[12.1167821,46.5889954],[12.1178028,46.5902575],[12.1178549,46.5903219],[12.1166748,46.5900269],[12.1177906,46.5906463],[12.1169537,46.59159],[12.1159549,46.5917197],[12.1164913,46.5920442],[12.1172962,46.5930791],[12.1176404,46.5935216],[12.1168561,46.5945066],[12.1176084,46.5943479],[12.1209269,46.5948962],[12.120827,46.5951441],[12.1204408,46.5953505],[12.120355,46.5958002],[12.1200209,46.5967805],[12.119958,46.596965],[12.1192499,46.597282],[12.1204588,46.5978093],[12.1231432,46.5976943],[12.1247475,46.5969323],[12.1246147,46.5963238],[12.1247864,46.5960879],[12.1257181,46.5949917],[12.1258914,46.5930578],[12.1264391,46.5911579],[12.1287716,46.588458],[12.1303224,46.5887078],[12.1301615,46.589976],[12.1319659,46.5914078],[12.1349428,46.5861509],[12.1350393,46.5859805],[12.137673,46.5870395],[12.1379541,46.5864052],[12.1386604,46.5848108],[12.140075,46.5835463],[12.1408243,46.5828437],[12.1418203,46.5818501],[12.1430409,46.5804279],[12.1412015,46.5802501],[12.1410727,46.5799256],[12.1419525,46.5796897],[12.1440339,46.5802354],[12.1426267,46.5789044],[12.1434331,46.5779345],[12.1450853,46.5770791],[12.1467376,46.5792472],[12.1475315,46.5783622],[12.1478963,46.5776838],[12.1491194,46.5772855],[12.1494739,46.5767745],[12.1483469,46.5753681],[12.1494932,46.5742494],[12.1519694,46.5745621],[12.1522736,46.5734063],[12.1518874,46.572949],[12.152338,46.5722705],[12.1531534,46.5720492],[12.1546554,46.5741143],[12.1557498,46.5739668],[12.1548056,46.5713854],[12.1566534,46.5692344],[12.1567674,46.5689847],[12.1571197,46.5689912],[12.1592609,46.5690305],[12.1601405,46.5690467],[12.1704531,46.5648275],[12.1710944,46.5647583],[12.1729392,46.5652916],[12.1738914,46.5649486],[12.1747518,46.5640653],[12.1767337,46.562917],[12.1790982,46.5627375],[12.1799803,46.5626706],[12.1806412,46.5626204],[12.1804882,46.5641465],[12.178446,46.5649691],[12.1765774,46.5660955],[12.1761346,46.5663624],[12.1753175,46.5666753],[12.1756737,46.5669209],[12.176671,46.5673435],[12.1769822,46.5673804],[12.177363,46.5678635],[12.1779804,46.5681763],[12.1774267,46.570966],[12.1710688,46.5742525],[12.1688371,46.576218],[12.1644524,46.5756816],[12.1626457,46.5740517],[12.1618111,46.5738185],[12.1612177,46.5736527],[12.1623753,46.5733776],[12.1614247,46.5726283],[12.1596899,46.5731062],[12.1587511,46.5743666],[12.1592017,46.5749529],[12.1606523,46.5749706],[12.1592543,46.5765828],[12.1604034,46.5780098],[12.1597628,46.579307],[12.1583778,46.5793689],[12.1569733,46.5803379],[12.1570484,46.581231],[12.1582962,46.581447],[12.1580022,46.5828024],[12.1586715,46.583477],[12.1596518,46.5844649],[12.1601716,46.5849887],[12.1581482,46.5851237],[12.1544564,46.583865],[12.1547257,46.584926],[12.1537994,46.5853184],[12.1551902,46.587683],[12.1534865,46.587655],[12.1518696,46.5888612],[12.149873,46.5906418],[12.150948,46.5934132],[12.1504199,46.5931619],[12.1470956,46.5915801],[12.1459141,46.5919793],[12.1440279,46.5935246],[12.146661,46.5938016],[12.1476286,46.5939034],[12.1492411,46.5940731],[12.1502643,46.5941055],[12.1516728,46.5941502],[12.1465664,46.5981471],[12.1462606,46.599178],[12.1478646,46.5998728],[12.1480845,46.6003468],[12.1490095,46.599794],[12.1496691,46.5997486],[12.1511572,46.5994046],[12.1524463,46.5999248],[12.1525981,46.5992816],[12.1555014,46.6002125],[12.1570152,46.5997437],[12.1571876,46.6001103],[12.1569428,46.6005805],[12.1571659,46.6010677],[12.1576412,46.6013243],[12.1573301,46.6009103],[12.1571348,46.6004625],[12.1575369,46.600229],[12.1587533,46.5995225],[12.1609028,46.5993557],[12.1607627,46.5996768],[12.159434,46.6002347],[12.1591304,46.6008418],[12.1600823,46.6001476],[12.1605868,46.6000798],[12.1636885,46.5995815],[12.1656369,46.5997816],[12.1665306,46.5998734],[12.164778,46.6007887],[12.1642291,46.6017581],[12.1640956,46.6019939],[12.1638269,46.6023945],[12.1624075,46.6027455],[12.1621865,46.6032083],[12.1610374,46.6034854],[12.1608132,46.6039159],[12.1631735,46.6034736],[12.1646756,46.602707],[12.1658311,46.6029858],[12.1658906,46.6045226],[12.1645897,46.6047267],[12.1642893,46.6060093],[12.1633119,46.606935],[12.1619387,46.6074362],[12.1611136,46.6076603],[12.1602768,46.6080878],[12.1607703,46.6082942],[12.16165,46.6079256],[12.1629257,46.6077311],[12.163431,46.6080878],[12.1632165,46.6086332],[12.1643108,46.6092818],[12.1640962,46.6101073],[12.1651047,46.6100336],[12.1673245,46.6113867],[12.1704359,46.6128018],[12.1728177,46.6134946],[12.1740526,46.6137481],[12.1737307,46.614942],[12.1721954,46.6153075],[12.1713918,46.615222],[12.171055,46.6151149],[12.1694741,46.6146121],[12.1689897,46.6142216],[12.168436,46.6140865],[12.1679724,46.613876],[12.167694,46.6136481],[12.1675577,46.6135667],[12.167356,46.6135764],[12.1671371,46.6136359],[12.1670633,46.6137531],[12.1674511,46.614287],[12.1676881,46.6149747],[12.1677236,46.6152636],[12.16785,46.6153884],[12.1685074,46.6156511],[12.168678,46.6157681],[12.1688244,46.6159421],[12.1685676,46.6159792],[12.1683454,46.6160113],[12.167766,46.6164535],[12.1685171,46.6166599],[12.1686995,46.6165051],[12.1690106,46.6165272],[12.1701136,46.6169333],[12.1701562,46.616949],[12.1703083,46.617153],[12.170419,46.6171186],[12.1704445,46.6170649],[12.1702836,46.6168932],[12.1704697,46.616903],[12.1706736,46.6170209],[12.1705985,46.6175368],[12.17107,46.6180526],[12.171968,46.6179539],[12.1726332,46.6181308],[12.1720301,46.6185375],[12.171453,46.6189266],[12.1713243,46.619693],[12.1729797,46.6208529],[12.1740617,46.6215817],[12.175575,46.622601],[12.1758304,46.6227731],[12.1757692,46.6230193],[12.1765417,46.6236227],[12.177311,46.624571],[12.1772498,46.625008],[12.1766243,46.6255289],[12.176045,46.6258236],[12.1743498,46.6261036],[12.1731943,46.6265258],[12.1725077,46.6261574],[12.1718114,46.6257617],[12.1702085,46.6255731],[12.1696967,46.6254353],[12.1699327,46.625008],[12.1704263,46.625008],[12.1705121,46.625229],[12.1712417,46.6252732],[12.1717352,46.6239617],[12.1708093,46.623451],[12.1699542,46.6226066],[12.1704263,46.6227245],[12.1708093,46.6225963],[12.1709412,46.6228424],[12.171689,46.6233921],[12.1718425,46.6227835],[12.1708554,46.6221498],[12.1703158,46.6214763],[12.1699542,46.6214718],[12.1697182,46.621236],[12.1698469,46.6209266],[12.1679801,46.6209708],[12.1677194,46.6206067],[12.1670145,46.6209855],[12.1668643,46.6221645],[12.1678299,46.6222529],[12.1683631,46.6224342],[12.1677408,46.6227731],[12.1681303,46.623328],[12.1665177,46.6233332],[12.1660704,46.6235196],[12.1680874,46.6235638],[12.1673364,46.6242712],[12.1663278,46.6241827],[12.1655554,46.6239175],[12.1653161,46.6235542],[12.1650404,46.6227245],[12.1649513,46.6218889],[12.1646756,46.6210002],[12.1630201,46.6212405],[12.1621221,46.6209413],[12.1618432,46.620337],[12.1609817,46.6207099],[12.1601266,46.6205139],[12.1592897,46.6205139],[12.158278,46.6205036],[12.1579379,46.6198065],[12.1582168,46.6192314],[12.159308,46.6169812],[12.1587533,46.6171683],[12.157563,46.6187378],[12.1568656,46.6204327],[12.1569192,46.6208306],[12.1566504,46.6219582],[12.1558962,46.6217268],[12.1554488,46.6211918],[12.1554456,46.6207836],[12.154995,46.6207836],[12.1549338,46.6212213],[12.1537504,46.620651],[12.1530241,46.6206465],[12.1532387,46.6210739],[12.1542901,46.6217371],[12.1540541,46.6221645],[12.1536646,46.6220952],[12.1534318,46.6218255],[12.1529066,46.6218696],[12.1523595,46.6214054],[12.1524447,46.6209118],[12.1521443,46.6206613],[12.1517795,46.6198654],[12.1518654,46.6188338],[12.1520156,46.6181853],[12.1519727,46.6176989],[12.1523374,46.6172568],[12.1517581,46.6172862],[12.1514577,46.6168736],[12.1507678,46.6188087],[12.1501455,46.6190593],[12.1493516,46.6189708],[12.1493516,46.6192803],[12.1498913,46.6199833],[12.1489439,46.6194867],[12.1483678,46.6190106],[12.1486467,46.61792],[12.1488828,46.6178316],[12.1494192,46.6171241],[12.1506852,46.6168146],[12.1505962,46.616539],[12.1502346,46.6164609],[12.149505,46.6161514],[12.1481532,46.6167557],[12.1475062,46.6174528],[12.1467552,46.6176002],[12.146737,46.6179642],[12.14609,46.6183666],[12.1459216,46.6194233],[12.1451284,46.6202695],[12.1444807,46.6209605],[12.1441948,46.6209605],[12.1440086,46.6209605],[12.1432576,46.6213731],[12.1422953,46.6213687],[12.1424637,46.6209899],[12.1430248,46.6207792],[12.1427244,46.6205729],[12.1428961,46.6202486],[12.1434969,46.6202339],[12.1432823,46.6198654],[12.1434325,46.6191875],[12.1448273,46.6176547],[12.1439689,46.6177137],[12.1438831,46.6168736],[12.1422094,46.6190548],[12.1428499,46.6172759],[12.141673,46.6174778],[12.1411795,46.6162988],[12.1390337,46.6177431],[12.1388191,46.6166377],[12.1381507,46.6170254],[12.137596,46.6164756],[12.136241,46.6161705],[12.1360082,46.6166377],[12.1353,46.6161514],[12.1350393,46.6165243],[12.132532,46.6175073],[12.1304506,46.6172273],[12.1297178,46.6191477],[12.1286696,46.6190548],[12.1281514,46.619354],[12.1275506,46.6192951],[12.1267781,46.6195898],[12.1252149,46.6195559],[12.1245498,46.6197623],[12.1247397,46.620253],[12.1241603,46.620651],[12.1243996,46.6209266],[12.1252579,46.6210297],[12.126953,46.6222087],[12.1265247,46.6222851],[12.1253008,46.6225035],[12.123817,46.6218594],[12.1240316,46.6224489],[12.1236271,46.6228719],[12.1229801,46.6229205],[12.1222538,46.622695],[12.1212024,46.6236522],[12.1204513,46.6235785],[12.120387,46.6240943],[12.1210704,46.6247037],[12.1204052,46.6250131],[12.1193538,46.6253226],[12.1185845,46.6269532],[12.1175943,46.6274151],[12.1172938,46.6279309],[12.1167606,46.6274394],[12.1169505,46.6270762],[12.1172971,46.6255532],[12.1170181,46.6253469],[12.1165246,46.6264521],[12.1164355,46.6258678],[12.1159849,46.6250868],[12.1154485,46.6250279],[12.1152371,46.6246838],[12.1155375,46.624448],[12.1160311,46.624448],[12.1162671,46.6247722],[12.1165643,46.6242321],[12.1173797,46.6231121],[12.1167177,46.623328],[12.1157703,46.6233332],[12.1161813,46.6241238],[12.1146578,46.6231806],[12.1139068,46.6228571],[12.116074,46.6225771],[12.1172509,46.6227142],[12.1197432,46.6208087],[12.1227688,46.620116],[12.12264,46.6197033],[12.1232805,46.6193098],[12.1236914,46.619438],[12.124568,46.6190298],[12.1251935,46.6189812],[12.1263307,46.619158],[12.1263951,46.6189075],[12.1274251,46.6189812],[12.128219,46.6167557],[12.1278757,46.6162398],[12.1281546,46.615945],[12.1266526,46.6157829],[12.1261591,46.6161071],[12.1257085,46.6153997],[12.1251291,46.6159008],[12.1256656,46.6162103],[12.1263093,46.6167704],[12.1253222,46.6175073],[12.123155,46.6184506],[12.1227473,46.6189075],[12.1218246,46.6190254],[12.1216535,46.6189148],[12.1206557,46.6194159],[12.1196794,46.6195117],[12.1196258,46.6187527],[12.1201407,46.618679],[12.1202588,46.618458],[12.1209025,46.6179495],[12.121139,46.617172],[12.1214872,46.6167899],[12.1220574,46.616949],[12.1227156,46.6168216],[12.123104,46.6158609],[12.1223256,46.6150418],[12.1229576,46.6150448],[12.1238422,46.6151344],[12.1247192,46.6146457],[12.125753,46.6140465],[12.1265539,46.6135181],[12.127101,46.6129816],[12.1273682,46.6125815],[12.1271252,46.6124076],[12.1275114,46.6121422],[12.1294641,46.6121569],[12.1304082,46.6122748],[12.1322106,46.6119506],[12.1318995,46.6122159],[12.1306657,46.6124076],[12.1306335,46.6128718],[12.1317708,46.6129308],[12.1326183,46.6126065],[12.1330368,46.6122233],[12.1332691,46.6121687],[12.1334552,46.612039],[12.132951,46.6120096],[12.1330652,46.6119329],[12.1338415,46.6117664],[12.1343595,46.6115898],[12.1352684,46.6112799],[12.1356523,46.6112204],[12.136183,46.6111382],[12.1367124,46.6110562],[12.1371729,46.6109848],[12.1374748,46.610938],[12.1382567,46.6109751],[12.1391807,46.611019],[12.140157,46.6108716],[12.1412513,46.611019],[12.1423564,46.6109232],[12.1440301,46.6113507],[12.1455751,46.6111738],[12.1458111,46.6113802],[12.1448702,46.6116853],[12.1457714,46.612098],[12.1452779,46.6124813],[12.1465224,46.6127613],[12.1471415,46.6123678],[12.1471232,46.6132182],[12.1479386,46.6131888],[12.1480888,46.6138668],[12.1499986,46.6130414],[12.1497378,46.6125594],[12.1486006,46.6125152],[12.1480674,46.6120096],[12.1489686,46.6118474],[12.1490544,46.6112431],[12.1480459,46.610963],[12.1483039,46.6101596],[12.1465047,46.6103925],[12.1460294,46.6101817],[12.1453245,46.6103188],[12.1454103,46.6095228],[12.1461077,46.609825],[12.1465154,46.6100461],[12.1471666,46.6099311],[12.1465444,46.6088919],[12.14442,46.6079559],[12.1437204,46.6081125],[12.1429879,46.6082765],[12.1420168,46.6084939],[12.141931,46.609231],[12.1417378,46.6102407],[12.1409224,46.6097248],[12.1395706,46.6097469],[12.1390829,46.6100525],[12.138458,46.6104441],[12.1373927,46.6101007],[12.1366341,46.610621],[12.1359872,46.6101154],[12.1352576,46.6104471],[12.1345098,46.6108937],[12.1347351,46.6098987],[12.1348102,46.6093902],[12.1343167,46.6082183],[12.1337019,46.607825],[12.1330475,46.6087224],[12.1335625,46.6090172],[12.1329831,46.6095553],[12.1324499,46.6092796],[12.1323319,46.608771],[12.1323608,46.6082286],[12.1317064,46.6077642],[12.1310305,46.6063122],[12.1305262,46.6059216],[12.1307301,46.6064744],[12.1304972,46.6075696],[12.130258,46.6073367],[12.1297999,46.6063609],[12.1293353,46.6061279],[12.129081,46.6064935],[12.1285092,46.6053982],[12.1284877,46.6063269],[12.1278655,46.6078527],[12.1271069,46.6075696],[12.1266424,46.6063048],[12.1258946,46.6072674],[12.1249504,46.6071643],[12.1248077,46.6065112],[12.1241855,46.6073588],[12.1226834,46.6070935],[12.1227371,46.606069],[12.1216427,46.6070788],[12.1206235,46.6065333],[12.1194755,46.606725],[12.1187567,46.6071082],[12.1185528,46.6081622],[12.1177589,46.6084423],[12.1175658,46.609231],[12.1169038,46.608174],[12.1153696,46.6073485],[12.1150552,46.6067544],[12.114522,46.6046729],[12.1138858,46.6042115],[12.1130811,46.603924],[12.1131669,46.604241],[12.1135746,46.60458],[12.1134244,46.6053466],[12.1134888,46.6056636],[12.1128558,46.6070198],[12.1124803,46.6072041],[12.1121155,46.60758],[12.1110856,46.6080812],[12.1106382,46.6089332],[12.1102809,46.6088919],[12.1098839,46.6090098],[12.1099376,46.6088403],[12.10909,46.6087371],[12.1089076,46.6088551],[12.1086501,46.6088403],[12.108457,46.609172],[12.10806,46.609172],[12.1076738,46.6088919],[12.1071588,46.6088993],[12.1074377,46.6091351],[12.1068938,46.6090732],[12.1067726,46.6088182],[12.1063434,46.608973],[12.1066331,46.6090762],[12.1068047,46.609312],[12.1053885,46.6093857],[12.1055387,46.6096732],[12.1052845,46.6097292],[12.1051418,46.6096068],[12.1046483,46.6096584],[12.104659,46.6098574],[12.1044047,46.6098619],[12.1041901,46.6097071],[12.1026559,46.6099577],[12.1019263,46.6096039],[12.1012616,46.6095974],[12.1007108,46.6095921],[12.099831,46.6097837],[12.0992731,46.6100048],[12.0993804,46.6103144],[12.1004962,46.6104618],[12.1009468,46.6107271],[12.1016764,46.6107713],[12.1020612,46.6109069],[12.1025132,46.6110662],[12.102599,46.6114052],[12.1017407,46.6117147],[12.1014543,46.6119771],[12.1012687,46.6115673],[12.0999168,46.6118916],[12.0992302,46.6122601],[12.0983933,46.612437],[12.0994662,46.6132035],[12.0989727,46.6132035],[12.0988869,46.6136014],[12.1006035,46.6138667],[12.1010541,46.6145742],[12.1019124,46.6144121],[12.1037073,46.6146008],[12.1039434,46.614247],[12.1050238,46.6132329],[12.1052169,46.6137783],[12.1048306,46.6143974],[12.1059035,46.6145742],[12.1070837,46.6142942],[12.108221,46.6148395],[12.1080064,46.6151196],[12.1087359,46.6155765],[12.1099161,46.6155028],[12.1115254,46.6162987],[12.1123194,46.6163429],[12.1128129,46.6165787],[12.1131766,46.6171841],[12.1152162,46.6182442],[12.1159243,46.6187453],[12.1169757,46.6187306],[12.1187781,46.6190695],[12.1189498,46.6195264],[12.1183919,46.6198212],[12.1174048,46.6200422],[12.1173544,46.6195677],[12.1178265,46.6194645],[12.1184488,46.6196119],[12.1178769,46.6191285],[12.1172546,46.619438],[12.1161818,46.6201601],[12.1158738,46.6205993],[12.1151443,46.6205699],[12.1138643,46.6210739],[12.1134352,46.6210739],[12.1126627,46.6215013],[12.1113109,46.621516],[12.1120619,46.6217813],[12.1119471,46.6220289],[12.1109675,46.622076],[12.1098732,46.6220908],[12.1098013,46.6228836],[12.1093368,46.6220908],[12.1095438,46.6215425],[12.1105738,46.6214541],[12.1127271,46.6206907],[12.1131133,46.6200275],[12.1130704,46.6196738],[12.1125983,46.619718],[12.1122765,46.6201012],[12.1101736,46.6212949],[12.1088143,46.621292],[12.1080493,46.6205728],[12.1076416,46.6193201],[12.1066116,46.6198949],[12.1069335,46.6207791],[12.1065902,46.6209855],[12.1067189,46.6213097],[12.1076201,46.6220023],[12.1085214,46.6220023],[12.1092938,46.6227539],[12.1104526,46.6236676],[12.1095513,46.6239918],[12.1086501,46.6241392],[12.1080278,46.6239624],[12.1074914,46.6243455],[12.1078133,46.6245076],[12.1080064,46.6250824],[12.1091436,46.6256865],[12.1101092,46.6263497],[12.108972,46.626777],[12.1088432,46.627278],[12.1089505,46.6277791],[12.1078562,46.6277201],[12.108221,46.6279706],[12.1088861,46.6280148],[12.108972,46.6282506],[12.1086426,46.6283803],[12.1081995,46.6282506],[12.1069335,46.6283832],[12.1060966,46.6282211],[12.105646,46.6280443],[12.105174,46.6283538],[12.1051525,46.6287074],[12.1044015,46.6292526],[12.1044798,46.6298685],[12.1032642,46.6299304],[12.1031999,46.630122],[12.1044229,46.6302546],[12.1045946,46.6306967],[12.1050667,46.6311976],[12.1053596,46.63118],[12.1055098,46.6302664],[12.1057244,46.6298685],[12.1063466,46.629618],[12.1060677,46.6292055],[12.1062039,46.6289432],[12.1068691,46.6287811],[12.1075772,46.6288842],[12.1083712,46.6287221],[12.1091007,46.6287958],[12.1093153,46.6292673],[12.1102809,46.6295031],[12.1104096,46.6299157],[12.1107315,46.6300188],[12.1109675,46.6304167],[12.1106596,46.6307527],[12.1101232,46.6303401],[12.109973,46.630119],[12.1090074,46.6298391],[12.1086501,46.6291495],[12.1072124,46.6297389],[12.1078133,46.6300925],[12.1077489,46.6304756],[12.1078347,46.630844],[12.1083636,46.6308411],[12.1087145,46.6300631],[12.1092724,46.6301367],[12.1092724,46.6304904],[12.1101951,46.6306967],[12.1099805,46.6312566],[12.1086072,46.6311829],[12.1086287,46.631566],[12.1088432,46.6318165],[12.1091436,46.6322733],[12.1084355,46.6325238],[12.1076845,46.6325827],[12.1081351,46.6328184],[12.108221,46.6334668],[12.1079205,46.6335552],[12.106926,46.6333607],[12.1066331,46.6332899],[12.1064539,46.6329186],[12.1061964,46.6329628],[12.1063971,46.6333784],[12.1062468,46.6335846],[12.1065258,46.6337614],[12.1075343,46.6341887],[12.1086501,46.6343943],[12.1087284,46.6348635],[12.1078776,46.6346889],[12.1080064,46.6349542],[12.1088647,46.6350868],[12.1088647,46.6354234],[12.1088647,46.6356024],[12.1084141,46.6358234],[12.1082988,46.6360496],[12.1082639,46.6361181],[12.1078562,46.636398],[12.1077017,46.6362237],[12.1075558,46.6360592],[12.1077843,46.635836],[12.1069979,46.6358676],[12.106955,46.6363686],[12.1065397,46.6367936],[12.1064607,46.6365645],[12.1064185,46.6364422],[12.1067972,46.6360275],[12.1067189,46.6355288],[12.106912,46.6352194],[12.1061181,46.635352],[12.1062039,46.6349689],[12.1059389,46.634672],[12.1059894,46.6343508],[12.1054025,46.6340237],[12.1045302,46.633953],[12.1042513,46.6338056],[12.1032428,46.6338056],[12.1020336,46.6344657],[12.1013116,46.6343943],[12.099566,46.6349667],[12.0991658,46.6348215],[12.0977711,46.6352046],[12.097814,46.6353962],[12.0974492,46.6356614],[12.0975136,46.6359413],[12.0983504,46.6363538],[12.0985006,46.6369726],[12.0991154,46.6369704],[12.0998954,46.6374588],[12.0996276,46.6376151],[12.0993943,46.6377513],[12.0992087,46.6375914],[12.0989223,46.6379723],[12.0986862,46.6377808],[12.0987367,46.6375767],[12.0986004,46.6371914],[12.0982217,46.6371494],[12.0977067,46.6366043],[12.0978494,46.6364842],[12.0968269,46.6360297],[12.097299,46.6367222],[12.096784,46.6372084],[12.0959043,46.6376504],[12.0954461,46.6377808],[12.0951318,46.6376209],[12.0953893,46.6381071],[12.095754,46.6385049],[12.0955286,46.6390211],[12.0935009,46.6392274],[12.0928142,46.6388885],[12.0935593,46.639838],[12.0934258,46.6400229],[12.0929537,46.6400598],[12.0929537,46.6404133],[12.0918808,46.6404207],[12.0913766,46.6399566],[12.0912156,46.6402218],[12.0914565,46.640582],[12.0905553,46.6402874],[12.090529,46.6398903],[12.0900081,46.6395213],[12.0902822,46.6391021],[12.089933,46.6388657],[12.0901547,46.6384459],[12.0906471,46.6379303],[12.0914121,46.6374419],[12.0916985,46.6370021],[12.0920129,46.6367494],[12.0930933,46.6365159],[12.0931791,46.6360739],[12.0938268,46.6355849],[12.0935237,46.635298],[12.0922341,46.6359463],[12.0908028,46.636824],[12.0902085,46.636803],[12.0891538,46.637301],[12.0897777,46.636129],[12.0894215,46.6348972],[12.0889248,46.6352398],[12.0893255,46.6354494],[12.0891313,46.6357271],[12.0884779,46.635782],[12.0882011,46.6363058],[12.0871223,46.6376457],[12.0867307,46.637905],[12.0860822,46.6380642],[12.0847437,46.6393783],[12.0850345,46.6399069],[12.0855951,46.6401809],[12.085925,46.6404936],[12.0863627,46.6403551],[12.086713,46.6399621],[12.0872843,46.6397883],[12.0875445,46.6401625],[12.0880407,46.6399179],[12.0881512,46.6395953],[12.0885702,46.6395367],[12.0892611,46.640133],[12.0895744,46.6407694],[12.0880412,46.6402766],[12.0882376,46.6408983],[12.0866025,46.6417145],[12.0846584,46.6426102],[12.0855725,46.6418379],[12.0844396,46.642138],[12.0825663,46.6432694],[12.0806727,46.6439323],[12.0801089,46.6434425],[12.0793343,46.642956],[12.0810503,46.6417974],[12.0796035,46.6416449],[12.0784995,46.6422927],[12.0771053,46.6424835],[12.0778242,46.6421393],[12.0773789,46.6420382],[12.0776981,46.6415863],[12.0779438,46.6412383],[12.0771686,46.6411031],[12.0793627,46.6408258],[12.0807649,46.6409875],[12.0823163,46.6407315],[12.0843334,46.6407009],[12.0845329,46.6404992],[12.0832953,46.6405753],[12.0825411,46.6405072],[12.0810069,46.6406368],[12.0792565,46.6404206],[12.0773521,46.6407543],[12.0761473,46.6403625],[12.0757892,46.6402174],[12.0747209,46.6397846],[12.0743571,46.6389846],[12.0736834,46.6394807],[12.073692,46.6388645],[12.0731775,46.6385503],[12.0731029,46.6375271],[12.0727124,46.6373776],[12.0721931,46.6377934],[12.0714089,46.6380763],[12.0709481,46.638515],[12.069792,46.6381839],[12.067849,46.6384056],[12.0676409,46.6387131],[12.0676862,46.6389914],[12.0677294,46.6392565],[12.067782,46.6395798],[12.0664897,46.639368],[12.0657151,46.6387769],[12.0649807,46.6385555],[12.0640821,46.6384004],[12.0630677,46.638543],[12.062196,46.6392413],[12.0609627,46.6392634],[12.0598796,46.639621],[12.0599703,46.6404229],[12.0606092,46.640663],[12.0605668,46.641569],[12.0605454,46.6420264],[12.0611811,46.6424526],[12.0610064,46.6425247],[12.0598475,46.6430032],[12.0583733,46.6432831],[12.0580863,46.6443872],[12.0567654,46.6448252],[12.055993,46.6455765],[12.0543193,46.64593],[12.0553921,46.6442065],[12.0538043,46.6444569],[12.0533751,46.6441328],[12.0527314,46.6447221],[12.0529567,46.6448488],[12.0530318,46.6453261],[12.0522164,46.6454439],[12.0521735,46.6462688],[12.0516371,46.6463425],[12.0509719,46.6461363],[12.0504998,46.6462836],[12.0516585,46.6473147],[12.0516585,46.647845],[12.0523559,46.647898],[12.0511864,46.6490676],[12.0507573,46.6490234],[12.0514439,46.6479334],[12.0506285,46.6476977],[12.0489548,46.6479481],[12.0468949,46.6475062],[12.0447921,46.6483016],[12.0432799,46.6486571],[12.0432256,46.6486699],[12.0420133,46.6495021],[12.0418845,46.649863],[12.0424103,46.6504242],[12.0421635,46.6511592],[12.0417021,46.6512859],[12.0408975,46.6513802],[12.0403503,46.6520135],[12.0388054,46.6525069],[12.0390843,46.6518603],[12.0385693,46.6523596],[12.0377539,46.6517631],[12.0374321,46.6518441],[12.0375715,46.6523596],[12.0373784,46.6530018],[12.0373784,46.6531992],[12.0362519,46.6536926],[12.0360266,46.6540255],[12.0357047,46.6538767],[12.0360051,46.6537162],[12.0359193,46.6534584],[12.0371424,46.6530828],[12.0362948,46.653074],[12.0358549,46.6522197],[12.0355653,46.6522565],[12.0355867,46.6524922],[12.0355545,46.6528973],[12.0346157,46.6530004],[12.0348464,46.6527146],[12.0352426,46.6525264],[12.0354043,46.6524495],[12.0351897,46.6520356],[12.0356189,46.6519413],[12.0357906,46.6514111],[12.0352219,46.6510429],[12.0348679,46.6510414],[12.0347992,46.6509407],[12.0346426,46.6507114],[12.0354365,46.6502843],[12.0357476,46.65038],[12.0360051,46.6501443],[12.036445,46.6503506],[12.0362734,46.649975],[12.03593,46.6499367],[12.0348357,46.6502828],[12.0348142,46.6501002],[12.0349966,46.649399],[12.035458,46.6486935],[12.0359622,46.6487892],[12.0356833,46.6492827],[12.0361768,46.6494152],[12.0362304,46.6495625],[12.0368849,46.6494889],[12.0373892,46.6489807],[12.0378505,46.6488629],[12.0375823,46.6485741],[12.0378076,46.648443],[12.0379792,46.6484946],[12.0382796,46.6487745],[12.0382153,46.6483458],[12.0386766,46.647957],[12.0390736,46.6480453],[12.0393418,46.6483399],[12.04064,46.6501591],[12.0400284,46.6504979],[12.0402538,46.650844],[12.0404147,46.6504979],[12.0407044,46.6502916],[12.0410584,46.650299],[12.0415734,46.6504021],[12.0416056,46.6499661],[12.041509,46.6496863],[12.0416308,46.6493817],[12.0422075,46.6481816],[12.046616,46.6468139],[12.0470451,46.6459153],[12.0479034,46.6450904],[12.0485901,46.6441328],[12.0480107,46.6438088],[12.0471524,46.6437793],[12.0481824,46.6429101],[12.0471095,46.6427776],[12.047603,46.6420704],[12.0484613,46.6412314],[12.0496737,46.6407534],[12.0504998,46.640598],[12.0502322,46.6401884],[12.0497862,46.6402033],[12.0497058,46.640417],[12.0487133,46.6409473],[12.0485149,46.6408331],[12.0483325,46.6411315],[12.0477115,46.6415952],[12.0473508,46.641916],[12.0471292,46.6422342],[12.0469884,46.641604],[12.0472027,46.6409854],[12.0463999,46.6412013],[12.0461942,46.6417296],[12.0458453,46.6423227],[12.0450261,46.6424259],[12.0446283,46.642199],[12.0449969,46.6415141],[12.0452235,46.6412221],[12.0454893,46.6412199],[12.0458547,46.6412484],[12.045911,46.6411256],[12.046467,46.6406429],[12.0469619,46.6400917],[12.0488799,46.6395247],[12.0494477,46.6396249],[12.0501701,46.6394327],[12.0512073,46.6395621],[12.0511304,46.6392404],[12.0511221,46.6392054],[12.049915,46.6390136],[12.0486652,46.638815],[12.0486965,46.638615],[12.048189,46.6387776],[12.0478001,46.6388021],[12.0475353,46.6387608],[12.0472574,46.6388288],[12.0472084,46.6393842],[12.0464447,46.6398783],[12.0460282,46.6399284],[12.0455323,46.639538],[12.0451461,46.639419],[12.0447813,46.6398094],[12.0449315,46.6401273],[12.0448028,46.6405692],[12.0432364,46.6408849],[12.0428501,46.639802],[12.0427214,46.6386172],[12.0422708,46.6383509],[12.0418899,46.6377726],[12.0418953,46.6374601],[12.0419758,46.6371108],[12.0421098,46.6368997],[12.0425283,46.6371501],[12.0423673,46.6374595],[12.0429467,46.6376437],[12.0427643,46.6381384],[12.0430647,46.6384477],[12.0433437,46.6381236],[12.0436441,46.6381457],[12.0443736,46.6379163],[12.0452212,46.6380426],[12.0466851,46.6378818],[12.0470988,46.6378363],[12.0472811,46.6375932],[12.0491372,46.6372533],[12.0495557,46.636966],[12.0478176,46.637328],[12.0472168,46.6372164],[12.0471631,46.636605],[12.046852,46.6376953],[12.0459722,46.63757],[12.04594,46.6368566],[12.0455753,46.6367965],[12.0452319,46.6372017],[12.0445775,46.6372164],[12.0446204,46.6366639],[12.0443951,46.6365619],[12.044717,46.6357663],[12.0455109,46.6353748],[12.0474099,46.6353832],[12.0482789,46.6347128],[12.0494376,46.6344845],[12.050253,46.633873],[12.0513581,46.6334531],[12.0513688,46.6330995],[12.0511006,46.6329584],[12.051798,46.6327974],[12.0525919,46.6324954],[12.0533644,46.6324427],[12.0539974,46.6324427],[12.0550166,46.6321123],[12.0545553,46.6330836],[12.0550059,46.6334899],[12.0549845,46.6338134],[12.0549723,46.6339973],[12.0554029,46.6345718],[12.0560681,46.6347497],[12.0561939,46.6347418],[12.0565124,46.6347219],[12.0569586,46.6351906],[12.056744,46.6353022],[12.055832,46.6352495],[12.0556282,46.6348454],[12.0552849,46.6348443],[12.0549415,46.6353158],[12.0552741,46.6361114],[12.0548419,46.6370601],[12.0556573,46.6374004],[12.056794,46.6369231],[12.0575434,46.6375761],[12.0587181,46.6379395],[12.0592116,46.6378069],[12.0596944,46.6379826],[12.0606301,46.6380564],[12.0609041,46.6379223],[12.0612926,46.6377319],[12.0625485,46.6375172],[12.0637474,46.6378141],[12.0656689,46.6382019],[12.0665251,46.638729],[12.0664902,46.6379492],[12.0678254,46.6374012],[12.0679531,46.6370288],[12.0692813,46.637171],[12.0697384,46.6370137],[12.0696332,46.636663],[12.0682921,46.6365448],[12.0693983,46.6356844],[12.070403,46.63568],[12.0705227,46.6351672],[12.0718005,46.6348339],[12.0737756,46.6352549],[12.0737773,46.6356173],[12.0748914,46.6357514],[12.0750132,46.6361651],[12.074848,46.6366855],[12.0775227,46.6365544],[12.0777792,46.6361901],[12.0780548,46.6357986],[12.0780436,46.6349908],[12.078086,46.6341937],[12.0795225,46.6339727],[12.0797339,46.6347322],[12.0801276,46.6346147],[12.0808599,46.6346265],[12.0799195,46.634253],[12.0802403,46.6335369],[12.0798144,46.6334868],[12.0806705,46.6325335],[12.0818523,46.6329203],[12.0833935,46.6321371],[12.0839106,46.6324963],[12.0845168,46.6324326],[12.0854239,46.6326643],[12.0852796,46.6318329],[12.0858686,46.6317106],[12.0866599,46.6318465],[12.0863289,46.6327133],[12.086556,46.6329343],[12.0872135,46.6324156],[12.0876679,46.6322016],[12.0880434,46.630667],[12.0896801,46.6301181],[12.0892246,46.6297199],[12.0904075,46.628852],[12.0908238,46.6280596],[12.0916198,46.6267374],[12.0921434,46.6265591],[12.0918376,46.6259394],[12.0907599,46.62535],[12.0919186,46.62513],[12.0915345,46.6245933],[12.0924342,46.6246857],[12.0931031,46.6241578],[12.0937581,46.6241213],[12.0933032,46.623754],[12.0935805,46.6231579],[12.0941009,46.6227578],[12.0941352,46.6221381],[12.0947146,46.6215412],[12.094795,46.6209057],[12.0958824,46.6209963],[12.0971677,46.6216337],[12.0978737,46.6215877],[12.0976001,46.6212984],[12.0977562,46.6204344],[12.0968409,46.6206583],[12.0948882,46.6205993],[12.0955534,46.6199656],[12.0962186,46.6198772],[12.0963688,46.619494],[12.0973559,46.6190371],[12.0976992,46.618256],[12.0981498,46.6179907],[12.0973988,46.6168116],[12.0974202,46.6161631],[12.0970769,46.6164284],[12.0972057,46.6172685],[12.0976348,46.6176075],[12.0974417,46.6181086],[12.0963044,46.6184918],[12.0961757,46.618816],[12.0964976,46.619155],[12.0960889,46.6191638],[12.0958109,46.6191698],[12.095532,46.6192729],[12.095017,46.6185065],[12.0958753,46.6180939],[12.0945449,46.6182855],[12.0942016,46.6179023],[12.093472,46.617976],[12.0934077,46.617298],[12.094223,46.6162958],[12.0936008,46.6157799],[12.0935793,46.6152198],[12.0940728,46.6145713],[12.093751,46.6144386],[12.0940728,46.6136574],[12.0931931,46.6130973],[12.092206,46.6131415],[12.0910688,46.6140849],[12.0903177,46.6145418],[12.0898886,46.6144828],[12.0897169,46.6139964],[12.0902748,46.6131858],[12.0898757,46.6131003],[12.0896611,46.6132772],[12.089374,46.6132361],[12.0891462,46.6132035],[12.0891376,46.613569],[12.0889062,46.6135058],[12.088717,46.613454],[12.0884756,46.6132875],[12.0896397,46.6125549],[12.0901332,46.6123191],[12.0908542,46.6123751],[12.0914089,46.6119579],[12.092206,46.6116233],[12.0930429,46.611616],[12.0951028,46.6121835],[12.0956178,46.6121613],[12.0966799,46.6110632],[12.0974846,46.6110853],[12.0975812,46.6108347],[12.096916,46.6104441],[12.0964868,46.6100314],[12.0961435,46.6093828],[12.0961971,46.6091543],[12.0964868,46.6089111],[12.096637,46.6081667],[12.0964332,46.6081888],[12.0963581,46.6087932],[12.0960791,46.6091101],[12.0959933,46.6093017],[12.0960791,46.6096186],[12.0961113,46.6101493],[12.096519,46.6104589],[12.0966478,46.6105989],[12.0951457,46.6117634],[12.09462,46.6118002],[12.0929785,46.6113212],[12.0923026,46.6114907],[12.0917769,46.6114612],[12.0910366,46.6118887],[12.0908005,46.6121613],[12.0898028,46.6121908],[12.0880861,46.6131489],[12.0876355,46.6134658],[12.0869596,46.6137017],[12.0855756,46.613849],[12.0845993,46.6141144],[12.0839985,46.6143428],[12.0835049,46.6144534],[12.08196,46.6144607],[12.0817105,46.6140362],[12.0823033,46.6138564],[12.0820565,46.6132963],[12.0820565,46.6136943],[12.081166,46.6140112],[12.0815094,46.6144755],[12.0809193,46.6148955],[12.0805652,46.6146966],[12.0801146,46.6146818],[12.0799859,46.6148145],[12.0788057,46.6146892],[12.0787306,46.6144681],[12.0779367,46.6143723],[12.0767672,46.6145344],[12.0760377,46.6148145],[12.0753617,46.6149692],[12.0747502,46.6148513],[12.0740421,46.6146229],[12.0737632,46.6138859],[12.0742889,46.6132595],[12.0736237,46.612832],[12.0735271,46.6122572],[12.0735808,46.6117413],[12.0728405,46.611616],[12.073098,46.6108863],[12.0736532,46.6100196],[12.0746406,46.609735],[12.0761852,46.6092899],[12.0769469,46.6090762],[12.0784365,46.6089492],[12.0785895,46.6089361],[12.0792941,46.6087015],[12.0796367,46.6085875],[12.0809273,46.6084718],[12.0818178,46.6085824],[12.0833735,46.6091573],[12.0843284,46.6091573],[12.0855836,46.6093784],[12.0859484,46.6093047],[12.0872064,46.6094049],[12.0864768,46.609088],[12.0860772,46.6087298],[12.0867858,46.608634],[12.0872579,46.6082949],[12.0882149,46.6081888],[12.0883093,46.6075284],[12.0889659,46.6070095],[12.0885376,46.6070228],[12.0880073,46.6070394],[12.0870776,46.6070684],[12.0870433,46.6067913],[12.087421,46.6065967],[12.08773,46.6058773],[12.0881291,46.6056975],[12.0885024,46.6043442],[12.088953,46.6040346],[12.0895539,46.6040493],[12.0905012,46.604625],[12.0912265,46.6045506],[12.0917415,46.6047717],[12.0928283,46.6042233],[12.092206,46.604238],[12.09069,46.6039166],[12.0914121,46.6034419],[12.0905538,46.6033535],[12.0907254,46.6027343],[12.0888586,46.6016286],[12.087289,46.6009416],[12.0875154,46.6004963],[12.0880647,46.6004786],[12.0883093,46.5998476],[12.09093,46.5982225],[12.0916791,46.5984905],[12.0918058,46.5987271],[12.0920702,46.5988259],[12.0922066,46.5990104],[12.0923852,46.5992432],[12.09275,46.5999508],[12.09275,46.6003047],[12.0934366,46.6004374],[12.0943593,46.6002162],[12.0952745,46.6000069],[12.0954461,46.5995056],[12.0956468,46.5992284],[12.0963549,46.5992874],[12.0976134,46.6001101],[12.0978862,46.599845],[12.0992609,46.5998848],[12.0997819,46.5998152],[12.1011132,46.5993976],[12.1015477,46.5993241]],[[12.1134566,46.5981669],[12.1139502,46.5980342],[12.1142001,46.5981197],[12.1142076,46.5984028],[12.1146507,46.5984735],[12.1144437,46.5980342],[12.1147655,46.5979899],[12.115023,46.5975181],[12.114787,46.5973854],[12.1141004,46.5973117],[12.113285,46.5977983],[12.1132206,46.5981226],[12.1134566,46.5981669]],[[12.1069407,46.6023],[12.1069036,46.6023347],[12.1070097,46.6024064],[12.1071272,46.6023449],[12.1072411,46.6024276],[12.1073804,46.6024873],[12.1074611,46.6024299],[12.1073862,46.6024059],[12.1073074,46.6023399],[12.1072873,46.6022816],[12.1072992,46.602224],[12.1071846,46.6022413],[12.1070606,46.6022581],[12.1069407,46.6023]],[[12.1545266,46.6035993],[12.1546125,46.6033192],[12.1543442,46.6029212],[12.1540868,46.6030465],[12.1530782,46.603017],[12.1518391,46.6033341],[12.1516728,46.6035737],[12.1510451,46.6037617],[12.1498542,46.6038649],[12.1487009,46.6039201],[12.1474992,46.6043071],[12.1463711,46.6044105],[12.1452945,46.6037432],[12.1445969,46.6034286],[12.1444201,46.6033489],[12.1447258,46.6033231],[12.1453267,46.6036363],[12.1456271,46.6036769],[12.1454608,46.6034263],[12.1448707,46.6032236],[12.1440805,46.6026635],[12.1436728,46.6026082],[12.1433118,46.6023241],[12.1434569,46.6026534],[12.1438836,46.6027815],[12.1440692,46.6029617],[12.1442937,46.6032958],[12.1439694,46.6030616],[12.1436583,46.6031279],[12.1441411,46.6036071],[12.1450316,46.6038356],[12.1465014,46.6046538],[12.1467085,46.6048203],[12.1467267,46.6046832],[12.1487223,46.6043147],[12.1501063,46.6041599],[12.1510934,46.6041304],[12.1518122,46.603924],[12.1526813,46.6039314],[12.153561,46.6038131],[12.1539258,46.6039531],[12.1545266,46.6035993]],[[12.1430789,46.6044916],[12.1440875,46.6049707],[12.14442,46.6050002],[12.144699,46.6047496],[12.145421,46.6048646],[12.1457504,46.6050518],[12.146083,46.6049707],[12.1460401,46.6047864],[12.1437334,46.6037618],[12.1432935,46.6032901],[12.1427034,46.6026414],[12.1406328,46.6021549],[12.140386,46.6022286],[12.1404429,46.602351],[12.1399569,46.6023908],[12.1413945,46.603069],[12.1422636,46.603666],[12.1430789,46.6044916]],[[12.0962186,46.6012305],[12.0961832,46.6014546],[12.096784,46.6020591],[12.0970555,46.6018792],[12.0971059,46.6015726],[12.0975919,46.6013485],[12.0976423,46.6010861],[12.0971273,46.6010418],[12.0966082,46.6014109],[12.0962186,46.6012305]],[[12.1046054,46.6026967],[12.1050131,46.6027999],[12.1055635,46.6026348],[12.105571,46.6022692],[12.1052062,46.6020923],[12.1049487,46.6020923],[12.1044981,46.6024019],[12.1046054,46.6026967]],[[12.1058623,46.6030734],[12.1059399,46.603351],[12.1059894,46.6034191],[12.1061182,46.6034044],[12.1063005,46.6034376],[12.1065221,46.6031951],[12.106506,46.6030181],[12.1067565,46.6027152],[12.1066358,46.6026728],[12.1063596,46.6029253],[12.1060484,46.6028847],[12.1058725,46.6029079],[12.1056584,46.6030255],[12.1056675,46.603139],[12.1058623,46.6030734]],[[12.0925998,46.6108598],[12.0928752,46.6109914],[12.0930933,46.6110956],[12.0935224,46.6112873],[12.0948957,46.611243],[12.0954751,46.6109188],[12.0949172,46.6102554],[12.0938229,46.6101522],[12.0931791,46.610565],[12.0925998,46.6108598]],[[12.1094226,46.6060542],[12.1091651,46.6058478],[12.1104311,46.6055677],[12.1107959,46.6058036],[12.1111392,46.6056857],[12.1122335,46.6055972],[12.110474,46.6053614],[12.1087789,46.605553],[12.1086287,46.6058626],[12.108178,46.6057152],[12.1076416,46.6061574],[12.1063541,46.605951],[12.1038221,46.6063933],[12.1065827,46.6062724],[12.1075483,46.6066852],[12.1073412,46.6069977],[12.1064185,46.6069092],[12.1062898,46.6066291],[12.1056246,46.6067913],[12.1048306,46.6073367],[12.1041655,46.6069829],[12.1045013,46.6075402],[12.1054454,46.6074517],[12.1059679,46.6070566],[12.1063112,46.6072188],[12.1072908,46.6071716],[12.1069335,46.6074399],[12.1073122,46.6074959],[12.1075558,46.6080001],[12.1079989,46.6081151],[12.1086072,46.6078822],[12.1086072,46.60772],[12.1078991,46.6076021],[12.1076416,46.6076021],[12.1075343,46.6073367],[12.1082853,46.6069535],[12.1090578,46.6069829],[12.1096082,46.6072159],[12.1100234,46.606865],[12.1105384,46.6066439],[12.1110159,46.6063692],[12.1116596,46.606618],[12.1119145,46.6066493],[12.1120271,46.6064982],[12.1122792,46.606395],[12.1122524,46.6061131],[12.1117857,46.6060154],[12.1115872,46.6060578],[12.1113512,46.6061555],[12.1109596,46.6060744],[12.1104634,46.6061481],[12.1101764,46.6062402],[12.1100771,46.6062863],[12.1100476,46.6063397],[12.1102086,46.6063379],[12.1107316,46.6063176],[12.110474,46.6065112],[12.1098871,46.6066409],[12.109487,46.606806],[12.1092295,46.6067176],[12.1087574,46.6064965],[12.1094226,46.6060542]],[[12.1630703,46.6113346],[12.1631206,46.6112227],[12.1630347,46.6110742],[12.1628007,46.610948],[12.1627296,46.6106998],[12.1623268,46.6104048],[12.1618381,46.610246],[12.1613751,46.6102036],[12.1612559,46.6102587],[12.1611896,46.6103304],[12.1616755,46.6106331],[12.1619326,46.6108346],[12.1621408,46.6111358],[12.1626171,46.6114893],[12.1627622,46.6115442],[12.1629222,46.6114791],[12.1630703,46.6113346]],[[12.0821392,46.6118694],[12.0818818,46.6116409],[12.0816243,46.6111766],[12.0821071,46.6110292],[12.0829868,46.6105207],[12.0834482,46.6107123],[12.0833623,46.6110513],[12.0835662,46.6113093],[12.0840275,46.6110808],[12.0845103,46.6107639],[12.0847893,46.6108376],[12.0848751,46.6112061],[12.0845318,46.6113093],[12.0843923,46.6116557],[12.0847142,46.611722],[12.0850468,46.6115893],[12.0855081,46.6112356],[12.0854545,46.6107418],[12.085036,46.610646],[12.0847034,46.6104691],[12.0838129,46.6104912],[12.0827615,46.6102259],[12.0819783,46.6102406],[12.081399,46.6104912],[12.0807767,46.6104027],[12.0801544,46.610646],[12.0800793,46.6114346],[12.0801115,46.6116852],[12.0808732,46.611921],[12.0818388,46.6120094],[12.0820534,46.6120021],[12.0821392,46.6118694]],[[12.095135,46.6303327],[12.0961135,46.6294136],[12.0975704,46.6292497],[12.0981713,46.6284097],[12.1002312,46.6282919],[12.1003814,46.6286308],[12.0996518,46.6286897],[12.0996518,46.6288518],[12.1007033,46.6289844],[12.1005531,46.6282034],[12.1003599,46.6274814],[12.1001024,46.627393],[12.1001454,46.6270246],[12.1009393,46.6270246],[12.1009393,46.626612],[12.0999522,46.6263467],[12.1008749,46.6262436],[12.1006174,46.6257573],[12.1018191,46.6250794],[12.1025486,46.6249615],[12.103524,46.6239611],[12.1015553,46.624335],[12.1009867,46.6247034],[12.1003563,46.624548],[12.1004915,46.6242031],[12.1010333,46.6238767],[12.100249,46.6239246],[12.0994964,46.6245929],[12.0983302,46.6242418],[12.098342,46.6249156],[12.0979595,46.6254988],[12.0969016,46.6263793],[12.0962949,46.6264593],[12.0958465,46.6268571],[12.0958851,46.6273257],[12.0962697,46.6275777],[12.0964183,46.6271367],[12.0966324,46.627206],[12.0969236,46.6271931],[12.0972206,46.6268184],[12.0973812,46.627062],[12.0971489,46.6274808],[12.0965814,46.6279222],[12.09556,46.6282611],[12.0951925,46.6276064],[12.0947108,46.6282836],[12.0941207,46.629493],[12.0945274,46.6292351],[12.0948911,46.6285142],[12.0951925,46.6283547],[12.0953427,46.6286678],[12.0950649,46.6291898],[12.0951679,46.6295342],[12.0949796,46.629872],[12.094714,46.6298746],[12.0942321,46.6304722],[12.0936996,46.6311326],[12.0929803,46.6316826],[12.0924068,46.6319379],[12.0924368,46.6324727],[12.0921611,46.6329626],[12.0916917,46.6331634],[12.090459,46.6330301],[12.0913876,46.633657],[12.0927367,46.6332757],[12.0926021,46.6337281],[12.0929824,46.633759],[12.0933402,46.6333225],[12.0932823,46.6329612],[12.0929207,46.6325865],[12.0934577,46.6319345],[12.0943278,46.6314144],[12.0946087,46.6312098],[12.095135,46.6303327]]]},"properties":{"id":"3a3dea7a-7375-3fe8-8a0f-1bc9c090f6a7","version":0,"sources":[{"property":"","dataset":"OpenStreetMap","license":"ODbL-1.0","record_id":"r3421194@8","update_time":"2025-04-27T19:28:15.000Z","confidence":null,"between":null}],"subtype":"forest","class":"forest","source_tags":[["landuse","forest"],["type","multipolygon"]]}}
{"type":"Feature","geometry":{"type":"LineString","coordinates":[[12.1394098,46.5875355],[12.1362555,46.5826983],[12.1347856,46.5766218]]},"properties":{"id":"038d0d7b-0f15-3c6d-8af9-7a59df96d933","version":0,"sources":[{"property":"","dataset":"OpenStreetMap","license":"ODbL-1.0","record_id":"w1193791643@1","update_time":"2023-08-01T15:32:14.000Z","confidence":null,"between":null}],"subtype":"physical","class":"valley","names":{"primary":"Val Pomagagnon","common":null,"rules":null},"source_tags":[["natural","valley"]]}}
{"type":"Feature","geometry":{"type":"Polygon","coordinates":[[[12.1821281,46.5715789],[12.1827024,46.5731143],[12.1828723,46.5735685],[12.1833014,46.5744683],[12.1845674,46.5743651],[12.1851682,46.5755156],[12.1864342,46.5757663],[12.1879148,46.5773298],[12.1884084,46.5803976],[12.1891165,46.5828163],[12.1890314,46.5828521],[12.1886269,46.5830226],[12.1881431,46.5832265],[12.187918,46.5833213],[12.1875165,46.5834905],[12.1869485,46.5837299],[12.1855116,46.5843353],[12.1826362,46.5862377],[12.178688,46.5879779],[12.1780228,46.5910746],[12.1775508,46.5944217],[12.1746754,46.5949083],[12.1707487,46.5965744],[12.1701231,46.5961916],[12.1688571,46.595941],[12.1715426,46.5940457],[12.1718233,46.593847],[12.1740317,46.5922837],[12.1742785,46.5911778],[12.1737635,46.5900497],[12.1731734,46.5889437],[12.1725726,46.587506],[12.1722293,46.5865769],[12.1714139,46.5862156],[12.17062,46.5869308],[12.1710706,46.5878009],[12.1704483,46.5883834],[12.1711349,46.5899096],[12.1692037,46.5900792],[12.1682167,46.589364],[12.167294,46.5890912],[12.1667254,46.590352],[12.1658134,46.5906838],[12.1643329,46.5902414],[12.1628845,46.5910819],[12.1618674,46.5916158],[12.1615219,46.5917971],[12.1585178,46.5917455],[12.1575264,46.5910042],[12.157116,46.5906974],[12.1568119,46.59047],[12.1581101,46.5889437],[12.1581638,46.587941],[12.160213,46.5886783],[12.160846,46.5874986],[12.1611035,46.5869235],[12.1636677,46.5866506],[12.1643865,46.5856773],[12.1656559,46.5849228],[12.1659744,46.5847335],[12.1659422,46.5837159],[12.1629059,46.5834947],[12.161146,46.5835113],[12.1605563,46.5835168],[12.1586715,46.583477],[12.1580022,46.5828024],[12.1582962,46.581447],[12.1570484,46.581231],[12.1569733,46.5803379],[12.1583778,46.5793689],[12.1597628,46.579307],[12.1604034,46.5780098],[12.1616714,46.5781405],[12.1616339,46.5785181],[12.1623366,46.5787305],[12.1635597,46.5783765],[12.1642685,46.5794242],[12.16753,46.5802059],[12.1694183,46.5798814],[12.1713917,46.5800579],[12.1721213,46.5801464],[12.1728079,46.5799546],[12.1725934,46.5796154],[12.1729796,46.5795417],[12.1748042,46.581017],[12.1755338,46.5808696],[12.1751475,46.5798371],[12.1752705,46.5796117],[12.1754306,46.5793183],[12.1755981,46.5790112],[12.175842,46.5786351],[12.1759951,46.5783991],[12.1761989,46.5773667],[12.1767247,46.5765554],[12.1769822,46.5755451],[12.1779126,46.5747617],[12.1780865,46.5746153],[12.1784477,46.5741057],[12.1784942,46.5740401],[12.176713,46.5733598],[12.176563,46.5733025],[12.1767347,46.5731108],[12.1779363,46.5736566],[12.1783869,46.5734353],[12.178334,46.5730744],[12.178063,46.5723078],[12.1778615,46.5717379],[12.178946,46.5717294],[12.17961,46.5717242],[12.1806614,46.5714144],[12.1820776,46.5714439],[12.1821281,46.5715789]]]},"properties":{"id":"1324ee18-87e5-3830-a531-bcf8816c7c0f","version":0,"sources":[{"property":"","dataset":"OpenStreetMap","license":"ODbL-1.0","record_id":"w704314605@6","update_time":"2020-12-12T11:51:10.000Z","confidence":null,"between":null}],"subtype":"rock","class":"bare_rock","source_tags":[["natural","bare_rock"]]}}
{"type":"Feature","geometry":{"type":"Polygon","coordinates":[[[12.2038042,46.5800805],[12.2052419,46.5799035],[12.2058474,46.5797474],[12.2066903,46.5818282],[12.2064328,46.5845566],[12.207849,46.5864442],[12.2097802,46.5857363],[12.2112178,46.5833915],[12.2094476,46.5819978],[12.2092008,46.5815258],[12.2095334,46.5812972],[12.2101986,46.5813267],[12.2105205,46.5816512],[12.2110783,46.5824919],[12.2114646,46.5832587],[12.212044,46.5835832],[12.2126341,46.5836422],[12.2130751,46.5836391],[12.2132671,46.5837602],[12.2135046,46.5840543],[12.2145438,46.5856036],[12.214812,46.5859428],[12.2153217,46.5858469],[12.215445,46.5859502],[12.2152519,46.5870636],[12.2143507,46.5883023],[12.2121405,46.5905585],[12.2096944,46.5917234],[12.2087303,46.5907201],[12.2074413,46.5893788],[12.2058105,46.5881179],[12.205199,46.5871299],[12.2047806,46.58654],[12.2037721,46.586658],[12.2038686,46.5892977],[12.2033,46.589423],[12.2031283,46.5878304],[12.202903,46.5873437],[12.2020554,46.5877272],[12.1990728,46.5870341],[12.1977746,46.5861492],[12.1973562,46.5851243],[12.1974635,46.5847335],[12.197957,46.5844091],[12.2002315,46.5844681],[12.2000277,46.5837528],[12.2001886,46.5834652],[12.2006177,46.5835537],[12.2010684,46.5840994],[12.2019589,46.5838044],[12.2025704,46.583126],[12.2019803,46.5826172],[12.2026241,46.581865],[12.2036112,46.5814816],[12.2034931,46.5809359],[12.2032141,46.5804197],[12.2038042,46.5800805]]]},"properties":{"id":"fe82ff52-ed8e-3de4-aa93-5beca68294bd","version":0,"sources":[{"property":"","dataset":"OpenStreetMap","license":"ODbL-1.0","record_id":"w704314607@2","update_time":"2020-12-03T20:20:48.000Z","confidence":null,"between":null}],"subtype":"rock","class":"scree","source_tags":[["natural","scree"]]}}
{"type":"Feature","geometry":{"type":"Polygon","coordinates":[[[13.000726369835627,47.0005],[13.000726369835627,45.9995],[11.999273630164373,45.9995],[11.999273630164373,47.0005],[13.000726369835627,47.0005]]]},"properties":{"id":"8190f024-4f85-39f3-a3d8-8c3828e77671","version":0,"sources":[{"property":"","dataset":"OpenStreetMap","license":"ODbL-1.0","record_id":null,"update_time":null,"confidence":null,"between":null}],"subtype":"land","class":"land"}}
{"type":"Feature","geometry":{"type":"Polygon","coordinates":[[[12.2001886,46.4633444],[12.2011876,46.4633705],[12.2035789,46.4634331],[12.2088146,46.4654136],[12.2154665,46.4651771],[12.2188568,46.464645],[12.2213029,46.4652067],[12.2223329,46.4661821],[12.2269678,46.4652954],[12.2456359,46.4671576],[12.2562789,46.4693745],[12.2616863,46.4723301],[12.2678661,46.4726257],[12.2693681,46.4749014],[12.2836589,46.4805461],[12.2893667,46.4793345],[12.2939157,46.4812553],[12.2997951,46.4802506],[12.3058462,46.4807825],[12.3161459,46.4783001],[12.3217678,46.4789798],[12.3318958,46.4772362],[12.3328828,46.4742512],[12.3360586,46.4705272],[12.3391914,46.470409],[12.3433971,46.4692858],[12.3432254,46.4665369],[12.3455858,46.4646746],[12.3491907,46.4649702],[12.3615503,46.4610386],[12.3676443,46.4559241],[12.4012041,46.4431801],[12.4044227,46.4483845],[12.4300002,46.4623393],[12.4303435,46.4650589],[12.4403409,46.4715846],[12.4434756,46.4736306],[12.4430465,46.478773],[12.4487113,46.4840922],[12.4509429,46.4826147],[12.4531745,46.489529],[12.4519729,46.4949654],[12.4566936,46.5056001],[12.4556636,46.509558],[12.46562,46.5194811],[12.4687957,46.5320596],[12.4627017,46.5392629],[12.4426173,46.5485903],[12.4345492,46.5492986],[12.4214886,46.5584289],[12.4190139,46.5601587],[12.3996868,46.5677323],[12.3969554,46.5703676],[12.3843383,46.5762679],[12.3698329,46.5763269],[12.360785,46.5747815],[12.3556708,46.5739079],[12.3509502,46.5662371],[12.3440837,46.5625784],[12.3361014,46.5514236],[12.3312949,46.5506562],[12.3225402,46.5418605],[12.3156737,46.5415063],[12.2985076,46.5331815],[12.2977784,46.5330525],[12.2864913,46.5310558],[12.275505,46.5275718],[12.2667502,46.5270404],[12.2593688,46.5199536],[12.2551631,46.5127478],[12.2562789,46.5092626],[12.254219,46.507963],[12.2482108,46.5086719],[12.2429323,46.5011396],[12.2334051,46.495054],[12.2303581,46.4911541],[12.2293281,46.4850082],[12.2201013,46.4805165],[12.2135353,46.4796004],[12.2092437,46.4734533],[12.1995878,46.4689311],[12.1994161,46.4660935],[12.2002744,46.4648815],[12.2001886,46.4633444]]]},"properties":{"id":"09ec4dff-361f-37a9-a60c-826c8037d0b1","version":0,"sources":[{"property":"","dataset":"OpenStreetMap","license":"ODbL-1.0","record_id":"w888452062@8","update_time":"2023-09-08T14:29:40.000Z","confidence":null,"between":null}],"subtype":"physical","class":"mountain_range","names":{"primary":"Gruppo delle Marmarole","common":[["de","Marmarole"]],"rules":null},"source_tags":[["description","SOIUSA: Alpi orientali / Alpi Sud-orientali / Dolomiti / Dolomiti di Sesto, di Braies e d'Ampezzo / Dolomiti Cadorine / Gruppo delle Marmarole"],["natural","mountain_range"],["place","region"],["wikipedia","it:Marmarole"]]}}
